id,pacer_court_id,pacer_has_rss_feed,pacer_rss_entry_types,date_last_pacer_contact,fjc_court_id,date_modified,in_use,has_opinion_scraper,has_oral_argument_scraper,position,citation_string,short_name,full_name,url,start_date,end_date,jurisdiction,notes,parent_court_id
"nc",,,"",,"","2016-09-08 20:38:41.131652+00","t","t","f","366.97","N.C.","Supreme Court of North Carolina","Supreme Court of North Carolina","http://www.nccourts.org/courts/appellate/supreme/","1799-01-01",,"S","Created by Lawbox
Start date: http://www.carolana.com/NC/Courts/nc_supreme_court_history.html",
"minnag",,,"",,"","2017-02-01 17:56:35.255825+00","t","t","f","365.4","Minn. Att'y Gen.","Minnesota Attorney General Reports","Minnesota Attorney General Reports","http://www.ag.state.mn.us/office/opinions/DATE.asp",,,"SAG","",
"arizsuper",,,"",,"","2017-10-02 21:06:41.874279+00","f","f","f","322.3","Ariz. Super. Ct.","Arizona Superior Court","Arizona Superior Court","http://www.azcourts.gov/AZ-Courts/Superior-Court",,,"ST","",
"vtsuperct",,,"",,"","2018-04-23 23:31:46.174336+00","t","t","f","369.25","Vt. Super. Ct. ","Vermont Superior Court","Vermont Superior Court","https://www.vermontjudiciary.org/court-divisions",,,"SA","",
"mesuperct",,,"",,"","2023-12-29 00:48:23.212737+00","t","t","f","362.56","Me. Super. Ct","Maine Superior","Superior Court of Maine","",,,"ST","",
"moctapped",,,"",,"","2024-06-18 14:46:56.61955+00","f","f","f","366.052","","Mo. Ct. of App, East. Dist.","Missouri Court of Appeals, Eastern District","",,,"SA","","moctapp"
"mtd","111","t","all",,"77","2024-11-11 10:49:18.668232+00","t","t","f","242.19","D. Mont.","D. Montana","District Court, D. Montana","http://www.mtd.uscourts.gov/",,,"FD","Lawbox",
"gaoyertermct",,,"",,"","2022-02-04 15:07:03.536707+00","f","f","f","356.05","","Georgia Court of Oyer and Terminer","Georgia Court of Oyer and Terminer","",,,"SS","",
"ncbizct",,,"",,"","2025-05-20 18:54:04.786775+00","t","t","f","366.986","N.C. Bus. Ct.","North Carolina Business Court","North Carolina Business Court","",,,"SS","",
"ganb","54","t","all",,"3E","2020-07-28 06:18:28.575134+00","t","f","f","179.9","Bankr. N.D. Ga.","N.D. Georgia","United States Bankruptcy Court, N.D. Georgia","http://www.ganb.uscourts.gov/",,,"FB","Lawbox",
"alaska",,,"",,"","2013-08-14 16:46:30+00","t","t","f","320","Alaska","Alaska Supreme Court","Alaska Supreme Court","http://courts.alaska.gov/sp.htm","1959-01-03",,"S","",
"alaskactapp",,,"",,"","2014-09-02 23:00:12.56+00","t","t","f","321","Alaska Ct. App.","Court of Appeals of Alaska","Court of Appeals of Alaska","http://courts.alaska.gov/appcts.htm","1980-07-01",,"SA","Lawbox",
"ariz",,,"",,"","2013-08-14 16:46:30+00","t","t","f","322","Ariz.","Arizona Supreme Court","Arizona Supreme Court","http://www.azcourts.gov/azsupremecourt.aspx","1912-01-01",,"S","",
"arizctapp",,,"",,"","2013-10-16 18:58:49.362+00","t","t","f","322.2","Ariz. Ct. App.","Court of Appeals of Arizona","Court of Appeals of Arizona","http://www.azcourts.gov/AZCourts/CourtofAppeals.aspx‎","1965-01-01",,"SA","Lawbox",
"ariztaxct",,,"",,"","2013-08-14 22:42:28+00","t","f","f","323","Ariz. T.C.","Arizona Tax Court","Arizona Tax Court","http://www.superiorcourt.maricopa.gov/SuperiorCourt/TaxCourt/",,,"SS","Lawbox",
"ark",,,"",,"","2013-09-09 01:32:48+00","t","t","f","330","Ark.","Supreme Court of Arkansas","Supreme Court of Arkansas","https://courts.arkansas.gov/courts/supreme-court","1841-01-01",,"S","Lawbox, Scraper created 2013-08-11.",
"arkag",,,"",,"","2016-05-18 20:01:59.649+00","t","f","f","345","Ark. Att'y Gen.","Arkansas Attorney General Reports","Arkansas Attorney General Reports","http://www.arkansasag.gov/",,,"SAG","",
"arkctapp",,,"",,"","2013-09-09 17:36:41+00","t","t","f","331","Ark. Ct. App.","Court of Appeals of Arkansas","Court of Appeals of Arkansas","https://courts.arkansas.gov/courts/court-of-appeals","1979-08-08",,"SA","Lawbox",
"minnctapp",,,"",,"","2016-09-08 20:39:34.85087+00","t","t","f","365.3","Minn. Ct. App.","Court of Appeals of Minnesota","Court of Appeals of Minnesota","http://www.mncourts.gov/?page=551","1983-11-01",,"SA","Created by Lawbox
Start date: http://www.mncourts.gov/CourtOfAppeals.aspx",
"arkworkcompcom",,,"",,"","2016-05-18 17:52:50.471+00","t","f","f","340","Ark. Workers' Comp.","Arkansas Workers' Compensation Commission","Arkansas Workers' Compensation Commission","http://www.awcc.state.ar.us/",,,"SS","",
"moeb","106","t","all",,"65","2020-07-28 06:11:07.325795+00","t","f","f","189.4","Bankr. E.D. Mo.","E.D. Missouri","United States Bankruptcy Court, E.D. Missouri","http://www.moeb.uscourts.gov/",,,"FB","Lawbox",
"nysurctbronx",,,"",,"","2024-01-10 17:14:59.674172+00","f","f","f","366.966502","N.Y. Surr. Ct., Bronx, Cty.","Bronx Surrogate's Court","Surrogate's Court, Bronx County","",,,"ST","","nysurct"
"flsb","50","t","all",,"3C","2020-07-28 06:12:21.149994+00","t","f","f","177","Bankr. S.D. Florida","S.D. Florida","United States Bankruptcy Court, S.D. Florida.","http://www.flsb.uscourts.gov/",,,"FB","Lawbox",
"scb","162","t","all",,"20","2020-07-28 06:13:10.23793+00","t","f","f","194.8","Bankr. D.S.C.","D. South Carolina","United States Bankruptcy Court, D. South Carolina","http://www.scb.uscourts.gov/",,,"FB","Lawbox",
"wvnb","198","t","all",,"24","2020-07-28 06:14:09.357425+00","t","f","f","198.8","Bankr. N.D.W. Va.","N.D. West Virginia","United States Bankruptcy Court, N.D. West Virginia","http://www.wvnd.uscourts.gov/",,,"FB","Lawbox",
"flmb","46","t","answer,appeal,court,motion,order,misc,caseupld,trustee",,"3A","2020-07-28 06:14:19.00911+00","t","f","f","176.9","Bankr. M.D. Fla.","M.D. Florida","United States Bankruptcy Court, M.D. Florida","http://www.flmb.uscourts.gov/",,,"FB","Lawbox",
"hib","60","t","appeal,motion,order,misc",,"75","2020-07-28 06:15:09.853561+00","t","f","f","180.05","Bankr. D. Haw.","D. Hawaii","United States Bankruptcy Court, D. Hawaii","http://www.hib.uscourts.gov/",,,"FB","Lawbox",
"ilsb","68","t","all",,"54","2020-07-28 06:15:11.0198+00","t","f","f","183.1","Bankr. S.D. Ill.","S.D. Illinois","United States Bankruptcy Court, S.D. Illinois","http://www.ilsb.uscourts.gov/",,,"FB","Lawbox",
"mnb","100","t","all",,"64","2020-07-28 06:15:12.320578+00","t","f","f","189.3","Bankr. D. Minn.","D. Minnesota","United States Bankruptcy Court, D. Minnesota","http://www.mnb.uscourts.gov/",,,"FB","Lawbox",
"ksb","78","t","all",,"83","2020-07-28 06:15:13.246956+00","t","f","f","187","Bankr. D. Kan.","D. Kansas","United States Bankruptcy Court, D. Kansas","http://www.ksb.uscourts.gov/",,,"FB","Lawbox",
"asbca",,,"",,"","2014-09-19 01:15:36.995+00","t","t","f","113.1","A.S.B.C.A.","Armed Services Board of Contract Appeals","Armed Services Board of Contract Appeals","http://www.asbca.mil/",,,"FS","",
"ald",,,"",,"","2023-10-03 01:23:43.583231+00","f","f","f","200.9","D. Ala.","D. Alabama","District Court, D. Alabama","","1820-04-21","1824-03-10","FD","https://en.wikipedia.org/wiki/List_of_former_United_States_district_courts#Alabama","usdistct"
"nysurctbroome",,,"",,"","2024-01-10 17:14:59.678053+00","f","f","f","366.966503","N.Y. Surr. Ct., Broome Cty.","Broome Surrogate's Court","Surrogate's Court, Broome County","",,,"ST","","nysurct"
"nysurctcattar",,,"",,"","2024-01-10 17:14:59.680966+00","f","f","f","366.966504","N.Y. Surr. Ct., Cattaraugus Cty.","Cattaraugus Surrogate's Court","Surrogate's Court, Cattaraugus County","",,,"ST","","nysurct"
"nysurctchauta",,,"",,"","2024-01-10 17:14:59.683733+00","f","f","f","366.966505","N.Y. Surr. Ct., Chautauqua Cty.","Chautauqua Surrogate's Court","Surrogate's Court, Chautauqua County","",,,"ST","","nysurct"
"nysurctcortland",,,"",,"","2024-01-10 17:14:59.686281+00","f","f","f","366.966506","N.Y. Surr. Ct., Cortland Cty.","Cortland Surrogate's Court","Surrogate's Court, Cortland County","",,,"ST","","nysurct"
"nysurctdelaware",,,"",,"","2024-01-10 17:14:59.688944+00","f","f","f","366.966507","N.Y. Surr. Ct., Delaware Cty.","Delaware Surrogate's Court","Surrogate's Court, Delaware County","",,,"ST","","nysurct"
"nysurctdutchess",,,"",,"","2024-01-10 17:14:59.691638+00","f","f","f","366.966508","N.Y. Surr. Ct., Dutchess Cty.","Dutchess Surrogate's Court","Surrogate's Court, Dutchess County","",,,"ST","","nysurct"
"nysurcterie",,,"",,"","2024-01-10 17:14:59.694195+00","f","f","f","366.966509","N.Y. Surr. Ct., Erie Cty.","Erie Surrogate's Court","Surrogate's Court, Erie County","",,,"ST","","nysurct"
"nysurctessex",,,"",,"","2024-01-10 17:14:59.69667+00","f","f","f","366.96651","N.Y. Surr. Ct., Essex Cty.","Essex Surrogate's Court","Surrogate's Court, Essex County","",,,"ST","","nysurct"
"moctappsd",,,"",,"","2024-06-18 14:48:03.904887+00","f","f","f","366.054","","Mo. Ct. App., So. Dist.","Missouri Court of Appeals, Southern District","",,,"SA","","moctapp"
"bap10",,,"",,"","2014-09-02 22:59:57.169+00","t","t","f","154.1","10th Cir. BAP","Tenth Circuit","Bankruptcy Appellate Panel of the Tenth Circuit","http://www.bap10.uscourts.gov/",,,"FBP","Lawbox",
"bap2",,,"",,"","2013-10-25 01:28:18.159+00","t","f","f","150.1","2d Cir. BAP","Second Circuit","Bankruptcy Appellate Panel of the Second Circuit","http://www.bap2.uscourts.gov/",,,"FBP","Lawbox",
"txctapp13A",,,"",,"","2023-10-03 01:24:08.647516+00","f","f","f","368.70222","","Tex. App. Ct., 13th Dist. (Corpus Christi)","Texas Court of Appeals, 13th District (Corpus Christi)","http://www.txcourts.gov/13thcoa.aspx",,,"SA","","texapp"
"ttab",,,"",,"","2026-03-25 21:22:31.410039+00","t","t","f","113.7","T.T.A.B.","Trademark Trial and Appeal Board","Trademark Trial and Appeal Board","https://www.uspto.gov/trademarks/ttab","1958-01-01",,"FS","Administrative body within the USPTO that determines registrability of trademarks.",
"bap9",,,"",,"","2013-10-25 01:28:35.262+00","t","t","f","154","9th Cir. BAP","Ninth Circuit","United States Bankruptcy Appellate Panel for the Ninth Circuit","http://www.ca9.uscourts.gov/bap/",,,"FBP","",
"bapma",,,"",,"","2013-10-25 01:28:53.666+00","t","f","f","154.16","Mass. BAP","Massachusetts","Bankruptcy Appellate Panel of Massachusetts","http://www.uscourts.gov/",,,"FBP","Lawbox",
"bapme",,,"",,"","2013-10-25 01:28:48.311+00","t","f","f","154.15","Me. BAP","D. Maine","Bankruptcy Appellate Panel, D. Maine","http://www.meb.uscourts.gov/",,,"FBP","Lawbox",
"ndctapp",,,"",,"","2024-11-25 14:29:56.8781+00","t","f","f","366.991","N.D. Ct. App.","North Dakota Court of Appeals","North Dakota Court of Appeals","http://www.ndcourts.gov/default.htm","1987-09-01",,"SA","",
"arb","24","t","all",,"70","2020-07-28 06:16:18.08665+00","t","f","f","157.1","Bankr. D. Ariz.","D. Arizona","United States Bankruptcy Court, D. Arizona","https://ecf.azb.uscourts.gov/",,,"FB","Lawbox",
"flacirct",,,"",,"","2021-09-02 23:10:10.39234+00","f","f","f","355.18","Fla. Cir. Ct.","Florida Circuit Courts","Circuit Court for the Judicial Circuits of Florida","","1973-01-01",,"ST","",
"ortc",,,"",,"","2024-10-11 13:29:45.470914+00","t","t","f","367.11","Or. T.C.","Oregon Tax Court","Oregon Tax Court","http://courts.oregon.gov/Tax/Pages/index.aspx",,,"SS","",
"flactyct",,,"",,"","2021-09-02 23:16:39.541695+00","f","f","f","355.0299","Fla. Cty. Ct.","Florida County Courts","Florida County Courts","",,"1972-12-31","ST","",
"bap6",,,"",,"","2025-08-26 02:04:39.741823+00","t","t","f","152","6th Cir. BAP","Sixth Circuit","Bankruptcy Appellate Panel of the Sixth Circuit","http://www.bap6.uscourts.gov/",,,"FBP","Lawbox",
"okla",,,"",,"","2016-09-08 20:40:27.897688+00","t","t","f","366.999","Okla.","Supreme Court of Oklahoma","Supreme Court of Oklahoma","http://www.oscn.net/oscn/schome/start.htm","1884-01-01",,"S","Created by Lawbox
Start date based on earliest case.",
"cal",,,"",,"","2013-08-14 16:46:30+00","t","t","f","350","Cal.","California Supreme Court","California Supreme Court","http://www.courts.ca.gov/supremecourt.htm","1849-01-01",,"S","",
"calappdeptsuper",,,"",,"","2016-05-18 18:54:40.877+00","t","f","f","350.3","Cal. App. Dep’t Super. Ct.","Appellate Division of the Superior Court of California","Appellate Division of the Superior Court of California","http://www.courts.ca.gov/12430.htm",,,"SA","",
"calctapp",,,"",,"","2014-05-23 15:31:20.59+00","t","t","f","350.1","Cal. Ct. App.","California Court of Appeal","California Court of Appeal","http://www.courts.ca.gov/courtsofappeal.htm","1905-04-10",,"SA","Lawbox",
"miwb","98","f","",,"46","2013-08-15 00:48:40+00","t","f","f","189.2","Bankr. W.D. Mich.","W.D. Michigan","United States Bankruptcy Court, W.D. Michigan","http://www.miwb.uscourts.gov/",,,"FB","Lawbox",
"cavc",,,"",,"","2013-08-14 22:20:17+00","t","t","f","115","Vet. App.","Veterans Claims","United States Court of Appeals for Veterans Claims","http://www.uscourts.cavc.gov/",,,"FS","",
"cc",,,"",,"","2013-10-18 00:47:36.613+00","t","f","f","113.5","Ct. Cl.","Court of Claims","United States Court of Claims","http://www.fjc.gov/history/home.nsf/page/courts_special_coc.html","1855-02-24","1992-10-29","FS","",
"ccpa",,,"",,"","2013-08-14 22:19:17+00","t","f","f","114","C.C.P.A.","Customs and Patent Appeals","Court of Customs and Patent Appeals","http://www.cafc.uscourts.gov/","1909-08-05","1982-04-02","FS","",
"cjdpa",,,"",,"","2013-10-30 06:08:47.628+00","t","f","f","367.26","Ct. Jud. Disc. Pa","Judicial Discipline of Pennsylvania","Court of Judicial Discipline of Pennsylvania","http://www.pacourts.us/courts/court-of-judicial-discipline‎",,,"SS","Lawbox",
"colo",,,"",,"","2014-07-11 20:49:42.75+00","t","t","f","350.9","Colo.","Supreme Court of Colorado","Supreme Court of Colorado","http://www.coloradosupremecourt.com/","1876-08-01",,"S","Lawbox",
"coloag",,,"",,"","2016-05-18 20:04:31.403+00","t","f","f","351.3","Colo. Att'y Gen.","Colorado Attorney General Reports","Colorado Attorney General Reports","http://coag.gov/",,,"SAG","",
"coloctapp",,,"",,"","2014-07-11 20:49:49.197+00","t","t","f","351","Colo. Ct. App.","Colorado Court of Appeals","Colorado Court of Appeals","http://www.courts.state.co.us/Courts/Court_Of_Appeals/","1970-01-01",,"SA","Lawbox",
"nynb","124","t","all",,"06","2020-07-28 06:12:08.53756+00","t","f","f","190.05","Bankr. N.D.N.Y.","N.D. New York","United States Bankruptcy Court, N.D. New York","http://www.nynb.uscourts.gov/",,,"FB","Lawbox",
"ncwb","134","t","answer,appeal,court,motion,order",,"19","2020-07-28 06:14:09.662261+00","t","f","f","190.45","Bankr. W.D.N.C.","W.D. North Carolina","United States Bankruptcy Court, W.D. North Carolina","http://www.ncwb.uscourts.gov/",,,"FB","Lawbox",
"almb","16","t","answer,appeal,court,motion,order,caseupld,misc",,"27","2020-07-28 06:14:10.01548+00","t","f","f","155","Bankr. M.D. Ala.","M.D. Alabama","United States Bankruptcy Court, M.D. Alabama","http://www.almb.uscourts.gov/",,,"FB","Lawbox",
"ohnb","140","t","all",,"47","2020-07-28 06:14:17.00295+00","t","f","f","190.6","Bankr. N.D. Ohio","N.D. Ohio","United States Bankruptcy Court, N.D. Ohio","http://www.ohnb.uscourts.gov/",,,"FB","Lawbox",
"innb","70","t","answer,appeal,motion,notice,order,plan",,"55","2020-07-28 06:15:11.303044+00","t","f","f","183.15","Bankr. N.D. Ind.","N.D. Indiana","United States Bankruptcy Court, N.D. Indiana","http://www.innb.uscourts.gov/",,,"FB","Lawbox",
"calag",,,"",,"","2024-01-09 19:20:24.802286+00","t","t","f","350.5","Cal. Att'y Gen.","California Attorney General Reports","California Attorney General Reports","https://oag.ca.gov/",,,"SAG","",
"nysurctfranklin",,,"",,"","2024-01-10 17:14:59.699143+00","f","f","f","366.966511","N.Y. Surr. Ct., Franklin Cty.","Franklin Surrogate's Court","Surrogate's Court, Franklin County","",,,"ST","","nysurct"
"coloworkcompcom",,,"",,"","2016-05-18 18:04:37.69+00","t","f","f","351.2","Colo. Indus. Cl. App.","Colorado Industrial Claim Appeals Office","Colorado Industrial Claim Appeals Office","https://www.colorado.gov/pacific/cdle/icao-wc",,,"SS","",
"calmunct",,,"",,"","2023-10-02 15:46:26.413562+00","f","f","f","350.7","","Municipal Court of California","Municipal Court of California","",,,"ST","",
"californiad",,,"",,"","2023-10-03 01:23:43.709578+00","t","f","f","205","D. Cal.","D. California","District Court, D. California","http://www.uscourts.gov/","1866-07-27","1886-08-05","FD","Lawbox","usdistct"
"nysurctgenesee",,,"",,"","2024-01-10 17:14:59.70174+00","f","f","f","366.966512","N.Y. Surr. Ct., Genesee Cty.","Genesee Surrogate's Court","Surrogate's Court, Genesee County","",,,"ST","","nysurct"
"nysurctkings",,,"",,"","2024-01-10 17:14:59.706814+00","f","f","f","366.966514","N.Y. Surr. Ct., Kings Cty.","Kings Surrogate's Court","Surrogate's Court, Kings County","",,,"ST","","nysurct"
"nysurctmadison",,,"",,"","2024-01-10 17:14:59.70955+00","f","f","f","366.966515","N.Y. Surr. Ct., Madison Cty.","Madison Surrogate's Court","Surrogate's Court, Madison County","",,,"ST","","nysurct"
"nysurctmonroe",,,"",,"","2024-01-10 17:14:59.712173+00","f","f","f","366.966516","N.Y. Surr. Ct., Monroe Cty.","Monroe Surrogate's Court","Surrogate's Court, Monroe County","",,,"ST","","nysurct"
"nysurctnassau",,,"",,"","2024-01-10 17:14:59.714644+00","f","f","f","366.966517","N.Y. Surr. Ct., Nassau Cty.","Nassau Surrogate's Court","Surrogate's Court, Nassau County","",,,"ST","","nysurct"
"com",,,"",,"","2013-08-14 22:19:08+00","t","f","f","113.9","Comm. Ct.","Commerce Court","Commerce Court","http://www.fjc.gov/history/home.nsf/page/courts_special_com.html","1910-01-01","1913-01-01","FS","",
"conn",,,"",,"","2014-07-17 21:35:19.385+00","t","t","f","351.5","Conn.","Supreme Court of Connecticut","Supreme Court of Connecticut","http://www.jud.state.ct.us/external/supapp/","1784-01-01",,"S","Lawbox",
"connappct",,,"",,"","2014-07-17 21:35:30.195+00","t","t","f","351.6","Conn. App. Ct.","Connecticut Appellate Court","Connecticut Appellate Court","http://www.jud.ct.gov/external/supapp/appellate.htm‎","1983-10-04",,"SA","Lawbox",
"connsuperct",,,"",,"","2013-10-16 22:03:58.049+00","t","f","f","351.7","Conn. Super. Ct.","Connecticut Superior Court","Connecticut Superior Court","http://www.jud.ct.gov/external/super/‎",,,"SA","Lawbox",
"connworkcompcom",,,"",,"","2016-05-18 18:09:20.53+00","t","f","f","351.8","Conn. Comp. Rev. Bd.","Connecticut Compensation Review Board","Connecticut Compensation Review Board","http://wcc.state.ct.us/crb/menus/crb-opin.htm",,,"SS","",
"cusc",,,"",,"","2014-06-19 00:34:16.654+00","t","f","f","114.1","Cust. Ct.","U.S. Customs Court","United States Customs Court","http://www.fjc.gov/history/home.nsf/page/courts_special_cc_bib.html","1926-01-01","1980-01-01","FS","",
"lasuperct",,,"",,"","2022-02-04 15:07:03.54977+00","f","f","f","362.511","","Superior Court of Louisiana","Superior Court of Louisiana","",,,"ST","",
"del",,,"",,"","2016-09-08 20:39:19.377323+00","t","t","f","352","Del.","Supreme Court of Delaware","Supreme Court of Delaware","http://courts.delaware.gov/supreme/","1832-01-01",,"S","Created by Lawbox
Start date: http://courts.delaware.gov/superior/aboutus/history3.aspx",
"moctappwd",,,"",,"","2024-06-18 14:48:49.376874+00","f","f","f","366.056","","Mo. Ct. App., West. Dist.","Missouri Court of Appeals, Western District","",,,"SA","","moctapp"
"texcommnapp",,,"",,"","2021-09-08 23:28:12.593888+00","f","f","f","368.1","Tex. Comm'n App.","Texas Commission of Appeals","Texas Commission of Appeals","","1918-01-01","1945-12-31","SS","\"One of three Commissions established over the years to alleviate case load on the Texas Supreme Court.",
"delctcompl",,,"",,"","2014-08-04 22:09:53.375+00","t","t","f","353.55","Del. Ct. Com. Pl.","Delaware Court of Common Pleas","Delaware Court of Common Pleas","http://courts.delaware.gov/commonpleas/",,,"SS","",
"delfamct",,,"",,"","2013-10-16 21:32:24.279+00","t","f","f","353.59","Del. Fm. Ct.","Delaware Family Court","Delaware Family Court","http://courts.delaware.gov/family/‎",,,"SS","Lawbox",
"deljudct",,,"",,"","2013-10-30 06:19:05.675+00","t","f","f","353.595","Ct. Jud. Del.","Court on the Judiciary of Delaware","Court on the Judiciary of Delaware.","http://courts.delaware.gov/‎",,,"SS","Lawbox",
"eca",,,"",,"","2013-08-14 22:20:25+00","t","f","f","116","Emer. Ct. App.","Emergency Court of Appeals","Emergency Court of Appeals","https://secure.wikimedia.org/wikipedia/en/wiki/Emergency_Court_of_Appeals","1942-01-30","1962-04-18","FS","",
"fisc",,,"",,"","2014-05-27 15:58:47.57+00","t","f","f","140.1","FISA Ct.","Foreign Intelligence Surveillance Court","Foreign Intelligence Surveillance Court","http://www.fisc.uscourts.gov/","1978-10-25",,"FS","Added a bit late to the collection due to Mike's mistaken thought that FISC and FISCR were just two names for the same thing.",
"fiscr",,,"",,"","2014-05-27 15:58:53.457+00","t","f","f","140","FISA Ct. Rev.","Foreign Intelligence Surveillance Court of Review","Foreign Intelligence Surveillance Court of Review","http://www.fisc.uscourts.gov/","1978-10-25",,"FS","",
"fla",,,"",,"","2014-08-01 16:49:22.115+00","t","t","f","354","Fla.","Supreme Court of Florida","Supreme Court of Florida","http://www.floridasupremecourt.org/","1845-01-01",,"S","Lawbox",
"flaag",,,"",,"","2016-05-18 20:05:17.583+00","t","f","f","355.1","Fla. Att'y Gen.","Florida Attorney General Reports","Florida Attorney General Reports","http://www.myfloridalegal.com/",,,"SAG","",
"fladistctapp",,,"",,"","2014-08-01 16:49:33.319+00","t","t","f","355","Fla. Dist. Ct. App.","District Court of Appeal of Florida","District Court of Appeal of Florida","http://www.flcourts.org/courts/dca/dca.shtml","1957-01-01",,"SA","Lawbox",
"ga",,,"",,"","2014-08-01 17:11:53.684+00","t","t","f","355.5","Ga.","Supreme Court of Georgia","Supreme Court of Georgia","http://www.gasupreme.us/","1841-01-01",,"S","Lawbox",
"gactapp",,,"",,"","2016-06-29 18:08:03.334+00","t","t","f","356","Ga. Ct. App.","Court of Appeals of Georgia","Court of Appeals of Georgia","http://www.gaappeals.us/","1906-11-06",,"SA","Lawbox",
"haw",,,"",,"","2013-08-14 16:46:30+00","t","t","f","359","Haw.","Hawaii Supreme Court","Hawaii Supreme Court","http://www.courts.state.hi.us/","1840-10-08",,"S","",
"hawapp",,,"",,"","2013-08-14 22:42:16+00","t","t","f","359.1","Haw. App.","Hawaii Intermediate Court of Appeals","Hawaii Intermediate Court of Appeals","http://www.courts.state.hi.us/","1979-11-06",,"SA","",
"idaho",,,"",,"","2013-08-14 16:46:30+00","t","t","f","359.2","Idaho","Idaho Supreme Court","Idaho Supreme Court","http://www.isc.idaho.gov/","1863-01-01",,"S","",
"idahoctapp",,,"",,"","2013-08-14 22:42:09+00","t","t","f","359.25","Idaho Ct. App.","Idaho Court of Appeals","Idaho Court of Appeals","http://www.isc.idaho.gov/","1982-01-04",,"SA","",
"ill",,,"",,"","2013-09-07 21:34:46+00","t","t","f","359.5","Ill.","Illinois Supreme Court","Illinois Supreme Court","http://www.state.il.us/court/","1841-01-01",,"S","All coverage from Lawbox.",
"ind",,,"",,"","2013-08-14 16:46:30+00","t","t","f","360","Ind.","Indiana Supreme Court","Indiana Supreme Court","http://www.in.gov/judiciary/supreme/","1816-01-01",,"S","",
"delsuperct",,,"",,"","2024-01-09 19:19:18.792171+00","t","t","f","353.5","Del. Super. Ct.","Superior Court of Delaware","Superior Court of Delaware","http://courts.delaware.gov/Superior/",,,"SA","Lawbox",
"nysurctnyc",,,"",,"","2024-01-10 17:14:59.71709+00","f","f","f","366.966518","N.Y. Surr. Ct., New York Cty.","New York Surrogate's Court","Surrogate's Court, New York County","",,,"ST","","nysurct"
"indtc",,,"",,"","2014-09-08 20:26:30.211+00","t","t","f","360.2","Ind. T.C.","Indiana Tax Court","Indiana Tax Court","http://www.in.gov/judiciary/tax/",,,"SS","",
"iowa",,,"",,"","2014-08-01 18:44:06.7+00","t","t","f","360.9","Iowa","Supreme Court of Iowa","Supreme Court of Iowa","http://www.iowacourts.gov/supreme_court/","1841-01-01",,"S","Lawbox",
"mspb",,,"",,"","2014-09-02 23:05:21.019+00","t","t","f","114.995","MSPB","Merit Systems Protection Board","Merit Systems Protection Board","http://www.mspb.gov/",,,"FS","",
"nysurctoneida",,,"",,"","2024-01-10 17:14:59.719861+00","f","f","f","366.966519","N.Y. Surr. Ct., Oneida Cty.","Oneida Surrogate's Court","Surrogate's Court, Oneida County","",,,"ST","","nysurct"
"fld",,,"",,"","2023-10-03 01:23:43.864993+00","f","f","f","208.49","D. Fla.","D. Florida","District Court, D. Florida","","1845-03-03","1847-02-23","FD","https://en.wikipedia.org/wiki/List_of_former_United_States_district_courts#Florida","usdistct"
"gad",,,"",,"","2023-10-03 01:23:43.955163+00","f","f","f","208.59","D. Ga.","D. Georgia","District Court, D. Georgia","","1789-09-24","1848-08-11","FD","","usdistct"
"nysurctonond",,,"",,"","2024-01-10 17:14:59.722582+00","f","f","f","366.96652","N.Y. Surr. Ct., Onondaga Cty.","Onondaga Surrogate's Court","Surrogate's Court, Onondaga County","",,,"ST","","nysurct"
"nysurctorange",,,"",,"","2024-01-10 17:14:59.724997+00","f","f","f","366.966521","N.Y. Surr. Ct., Orange Cty.","Orange Surrogate's Court","Surrogate's Court, Orange County","",,,"ST","","nysurct"
"nysurctputnam",,,"",,"","2024-01-10 17:14:59.727691+00","f","f","f","366.966522","N.Y. Surr. Ct., Putnam Cty.","Putnam Surrogate's Court","Surrogate's Court, Putnam County","",,,"ST","","nysurct"
"nysurctqueens",,,"",,"","2024-01-10 17:14:59.730352+00","f","f","f","366.966523","N.Y. Surr. Ct., Queens Cty.","Queens Surrogate's Court","Surrogate's Court, Queens County","",,,"ST","","nysurct"
"nysurctrenssela",,,"",,"","2024-01-10 17:14:59.733038+00","f","f","f","366.966524","N.Y. Surr. Ct., Rensselaer Cty.","Rensselaer Surrogate's Court","Surrogate's Court, Rensselaer County","",,,"ST","","nysurct"
"nysurctrichmond",,,"",,"","2024-01-10 17:14:59.735564+00","f","f","f","366.966525","N.Y. Surr. Ct., Richmond Cty.","Richmond Surrogate's Court","Surrogate's Court, Richmond County","",,,"ST","","nysurct"
"iowactapp",,,"",,"","2014-08-01 18:44:13.293+00","t","t","f","361","Iowa Ct. App.","Court of Appeals of Iowa","Court of Appeals of Iowa","http://www.iowacourts.gov/court_of_appeals/","1976-07-01",,"SA","Lawbox",
"kan",,,"",,"","2014-08-01 19:03:19.219+00","t","t","f","362.1","Kan.","Supreme Court of Kansas","Supreme Court of Kansas","http://www.kscourts.org/kansas-courts/supreme-court/","1854-01-01",,"S","Lawbox",
"kanag",,,"",,"","2016-05-18 20:06:01.719+00","t","f","f","362.21","Kan. Att'y Gen.","Kansas Attorney General Reports","Kansas Attorney General Reports","http://ag.ks.gov/about-the-office/contact-us",,,"SAG","",
"kanctapp",,,"",,"","2014-08-01 19:03:27.005+00","t","t","f","362.2","Kan. Ct. App.","Court of Appeals of Kansas","Court of Appeals of Kansas","http://www.kscourts.org/kansas-courts/court-of-appeals/","1977-01-10",,"SA","Lawbox",
"kingsbench",,,"",,"","2016-05-18 17:52:50.471+00","t","f","f","501","King's Bench","Court of King's Bench","Court of King's Bench","https://en.wikipedia.org/wiki/Court_of_King%27s_Bench_(England)","1200-01-01","1873-12-31","I","This court was abolished by a total reorganization in Great Britain.",
"ky",,,"",,"","2014-08-08 17:26:58.771+00","t","t","f","362.25","Ky.","Kentucky Supreme Court","Kentucky Supreme Court","http://courts.ky.gov/courts/supreme/‎","1976-01-01",,"S","Lawbox",
"ptab",,,"",,"","2026-03-25 21:22:32.038082+00","f","f","f","113.8","P.T.A.B.","Patent Trial and Appeal Board","Patent Trial and Appeal Board","https://www.uspto.gov/patents/ptab","2012-09-16",,"FS","Administrative body within the USPTO that determines patentability.",
"mdch",,,"",,"","2024-07-25 15:24:00.083864+00","t","f","f","362.64","Md. Ch.","Maryland Chancery Ct","High Court of Chancery of Maryland","",,"1854-06-04","SA","",
"indctapp",,,"",,"","2016-09-08 20:33:22.486728+00","t","t","f","360.1","Ind. Ct. App.","Indiana Court of Appeals","Indiana Court of Appeals","http://www.in.gov/judiciary/appeals/","1891-01-01",,"SA","Created by Lawbox
Start date: http://www.in.gov/judiciary/supreme/2366.htm",
"washterr",,,"",,"","2021-08-12 17:47:53.617009+00","t","f","f","385.075","Wash. Terr.","Washington Territory","Washington Territory","https://en.wikipedia.org/wiki/Washington_Territory","1853-03-02","1889-11-11","SS","",
"tennworkcompapp",,,"",,"","2020-08-26 21:13:55.708852+00","t","f","f","367.851","Tenn. Work. Comp. App. Bd.","Tennessee Workers' Comp. Appeals Board","Tennessee Workers' Compensation Appeals Board","https://www.tn.gov/workforce/injuries-at-work/bureau-services/bureau-services/appeals-board.html","2013-01-01",,"SS","",
"la",,,"",,"","2014-07-17 14:08:09.249+00","t","t","f","362.5","La.","Supreme Court of Louisiana","Supreme Court of Louisiana","http://www.lasc.org/","1813-01-01",,"S","Lawbox",
"laag",,,"",,"","2016-05-18 20:06:50.981+00","t","f","f","362.52","La. Att'y Gen.","Louisiana Attorney General Reports","Louisiana Attorney General Reports","https://www.ag.state.la.us/",,,"SAG","",
"mass",,,"",,"","2014-07-17 14:48:51.797+00","t","t","f","362.99","Mass.","Massachusetts Supreme Judicial Court","Massachusetts Supreme Judicial Court","http://www.mass.gov/courts/sjc/","1692-01-01",,"S","",
"massappct",,,"",,"","2014-07-17 14:49:06.297+00","t","t","f","363","Mass. App. Ct.","Massachusetts Appeals Court","Massachusetts Appeals Court","http://www.mass.gov/courts/appealscourt/","1972-10-06",,"SA","",
"massdistct",,,"",,"","2016-04-21 18:46:28.11+00","t","f","f","364.1","Mass. Dist. Ct.","Massachusetts District Court","Massachusetts District Court","http://www.mass.gov/courts/court-info/trial-court/dc/",,,"SA","",
"maworkcompcom",,,"",,"","2016-05-18 19:03:43.626+00","t","f","f","364.5","Mass. Dep't Indus. Accid.","Massachusetts Department of Industrial Accidents","Massachusetts Department of Industrial Accidents","http://www.mass.gov/lwd/workers-compensation/",,,"SS","",
"md",,,"",,"","2014-06-27 20:56:30.713+00","t","t","f","362.6","Md.","Court of Appeals of Maryland","Court of Appeals of Maryland","http://www.courts.state.md.us/coappeals/","1841-01-01",,"S","Lawbox",
"mdctspecapp",,,"",,"","2014-06-27 20:56:43.423+00","t","t","f","362.61","Md. Ct. Spec. App.","Court of Special Appeals of Maryland","Court of Special Appeals of Maryland","http://www.courts.state.md.us/cosappeals/","1967-01-01",,"SA","Lawbox",
"mich",,,"",,"","2013-08-14 16:46:30+00","t","t","f","365","Mich.","Michigan Supreme Court","Michigan Supreme Court","http://courts.mi.gov/","1837-01-01",,"S","",
"minn",,,"",,"","2014-07-11 20:23:28.935+00","t","t","f","365.2","Minn.","Supreme Court of Minnesota","Supreme Court of Minnesota","http://www.mncourts.gov/?page=550","1858-05-24",,"S","Lawbox",
"missctapp",,,"",,"","2013-09-09 06:27:05+00","t","f","f","366.01","Miss. Ct. App.","Court of Appeals of Mississippi","Court of Appeals of Mississippi","http://courts.ms.gov/appellate_courts/coa/coa.html","1995-01-01",,"SA","Lawbox",
"lactapp",,,"",,"","2024-01-09 19:21:19.627911+00","t","t","f","362.51","La. Ct. App.","Louisiana Court of Appeal","Louisiana Court of Appeal","http://louisiana.gov/Government/Judicial_Branch/#courtsofappeal","1879-01-01",,"SA","Lawbox",
"mdag",,,"",,"","2024-01-09 19:21:41.409943+00","t","t","f","362.7","Md. Att'y Gen.","Maryland Attorney General Reports","Maryland Attorney General Reports","https://www.oag.state.md.us/",,,"SAG","",
"moag",,,"",,"","2016-05-18 20:09:20.073+00","t","f","f","366.06","Mo. Att'y Gen.","Missouri Attorney General Reports","Missouri Attorney General Reports","https://www.ago.mo.gov/",,,"SAG","",
"mont",,,"",,"","2013-08-14 16:46:30+00","t","t","f","366.1","Mont.","Montana Supreme Court","Montana Supreme Court","http://courts.mt.gov/supreme/default.mcpx","1864-01-01",,"S","",
"montag",,,"",,"","2016-05-18 20:16:36.397+00","t","f","f","366.15","Mont. Att'y Gen.","Montana Attorney General Reports","Montana Attorney General Reports","https://dojmt.gov/",,,"SAG","",
"monttc",,,"",,"","2016-06-29 18:20:40.217+00","t","f","f","366.12","Mont.T.A.B.","Montana Tax Appeal Board","Montana Tax Appeal Board","http://mtab.mt.gov/",,,"SS","Columbia",
"caljustct",,,"",,"","2023-10-02 15:46:26.418797+00","f","f","f","350.8","","Califonia Justice Court","Califonia Justice Court","",,,"ST","",
"gand","55","f","",,"3E","2023-10-03 01:23:43.982869+00","t","f","f","208.61","N.D. Ga.","N.D. Georgia","District Court, N.D. Georgia","http://www.gand.uscourts.gov/",,,"FD","Lawbox","usdistct"
"michctapp",,,"",,"","2024-01-09 19:22:00.098013+00","t","t","f","365.1","Mich. Ct. App.","Michigan Court of Appeals","Michigan Court of Appeals","http://courts.mi.gov/courts/coa/pages/default.aspx","1964-01-01",,"SA","Lawbox",
"nysurctrockland",,,"",,"","2024-01-10 17:14:59.738244+00","f","f","f","366.966526","N.Y. Surr. Ct., Rockland Cty.","Rockland Surrogate's Court","Surrogate's Court, Rockland County","",,,"ST","","nysurct"
"nysurctsaratoga",,,"",,"","2024-01-10 17:14:59.740947+00","f","f","f","366.966527","N.Y. Surr. Ct., Saratoga Cty.","Saratoga Surrogate's Court","Surrogate's Court, Saratoga County","",,,"ST","","nysurct"
"nysurctschenect",,,"",,"","2024-01-10 17:14:59.743484+00","f","f","f","366.966528","N.Y. Surr. Ct., Schenectady Cty.","Schenectady Surrogate's Court","Surrogate's Court, Schenectady County","",,,"ST","","nysurct"
"nysurctsuffolk",,,"",,"","2024-01-10 17:14:59.746149+00","f","f","f","366.966529","N.Y. Surr. Ct., Suffolk Cty.","Suffolk Surrogate's Court","Surrogate's Court, Suffolk County","",,,"ST","","nysurct"
"nysurctsullivan",,,"",,"","2024-01-10 17:14:59.748688+00","f","f","f","366.96653","N.Y. Surr. Ct., Sullivan Cty.","Sullivan Surrogate's Court","Surrogate's Court, Sullivan County","",,,"ST","","nysurct"
"nysurcttompkins",,,"",,"","2024-01-10 17:14:59.751026+00","f","f","f","366.966531","N.Y. Surr. Ct., Tompkins Cty.","Tompkins Surrogate's Court","Surrogate's Court, Tompkins County","",,,"ST","","nysurct"
"miss",,,"",,"","2024-01-26 01:09:52.052109+00","t","f","f","366","Miss.","Mississippi Supreme Court","Mississippi Supreme Court","http://courts.ms.gov/appellate_courts/sc/sc.html","1841-01-01",,"S","",
"mo",,,"",,"","2024-01-26 01:10:18.802958+00","t","f","f","366.04","Mo.","Supreme Court of Missouri","Supreme Court of Missouri","http://www.courts.mo.gov/page.jsp?id=27","1821-01-01",,"S","Lawbox",
"moctapp",,,"",,"","2024-01-26 01:10:23.394208+00","t","f","f","366.05","Mo. Ct. App.","Missouri Court of Appeals","Missouri Court of Appeals","http://www.courts.mo.gov/page.jsp?id=261","1820-01-01",,"SA","Lawbox",
"ncctapp",,,"",,"","2014-09-08 20:26:43.357+00","t","t","f","366.98","N.C. Ct. App.","Court of Appeals of North Carolina","Court of Appeals of North Carolina","http://www.nccourts.org/courts/appellate/appeal/","1968-01-01",,"SA","Lawbox",
"ncsuperct",,,"",,"","2016-05-18 19:06:55.615+00","t","f","f","366.985","Sup. Ct. N.C.","Superior Court of North Carolina","Superior Court of North Carolina","http://www.nccourts.org/Courts/Trial/Superior/",,,"SA","",
"ncworkcompcom",,,"",,"","2016-05-18 19:09:13.453+00","t","f","f","366.987","N.C. Indus. Comm.","North Carolina Industrial Commission","North Carolina Industrial Commission","http://www.ic.nc.gov/",,,"SS","",
"nd",,,"",,"","2013-08-14 16:46:30+00","t","t","f","366.99","N.D.","North Dakota Supreme Court","North Dakota Supreme Court","http://www.ndcourts.gov/default.htm","1861-01-01",,"S","",
"ohprobct",,,"",,"","2025-04-03 21:20:03.865039+00","f","f","f","366.996364","Oh. Prob. Ct.","Ohio Probate Court","Ohio Probate Court","",,,"ST","Created as part of import of Case.Law data.",
"nebag",,,"",,"","2016-05-18 20:10:01.05+00","t","f","f","366.3","Neb. Att'y Gen.","Nebraska Attorney General Reports","Nebraska Attorney General Reports","https://ago.nebraska.gov/",,,"SAG","",
"nebctapp",,,"",,"","2013-08-14 22:43:28+00","t","t","f","366.25","Neb. Ct. App.","Nebraska Court of Appeals","Nebraska Court of Appeals","http://supremecourt.ne.gov/","1991-11-06",,"SA","",
"nev",,,"",,"","2013-08-14 16:46:30+00","t","t","f","366.5","Nev.","Nevada Supreme Court","Nevada Supreme Court","http://www.nevadajudiciary.us/index.php/supremecourt","1864-01-01",,"S","",
"nh",,,"",,"","2014-07-02 20:37:51.009+00","t","t","f","366.52","N.H.","Supreme Court of New Hampshire","Supreme Court of New Hampshire","http://www.courts.state.nh.us/supreme/","1776-01-01",,"S","Lawbox",
"nj",,,"",,"","2013-09-09 01:34:43+00","t","t","f","366.55","N.J.","Supreme Court of New Jersey","Supreme Court of New Jersey","http://www.judiciary.state.nj.us/supreme/","1776-01-01",,"S","Lawbox, Scraper added 2013-08-11",
"njch",,,"",,"","2016-06-18 20:01:59.649+00","t","f","f","366.8","N.J. Ct. of Ch.","New Jersey Court of Chancery","New Jersey Court of Chancery","http://www.nj.gov/state/archives/catsjchance.html","1684-01-01","1947-12-31","SA","Another good source of information is https://familysearch.org/wiki/en/New_Jersey_Court_Records",
"michchanct",,,"",,"","2024-07-24 14:13:01.67369+00","f","f","f","365.115","","Michigan Court of Chancery","Michigan Court of Chancery","","1836-01-01","1847-12-31","SA","",
"nyag",,,"",,"","2024-11-18 16:26:55.243883+00","t","f","f","366.968","N.Y. Att'y Gen.","New York Attorney General Reports","New York Attorney General Reports","http://www.ag.ny.gov/",,,"SAG","",
"nm",,,"",,"","2013-08-14 16:46:30+00","t","t","f","366.9","N.M.","New Mexico Supreme Court","New Mexico Supreme Court","https://nmsupremecourt.nmcourts.gov/index.php","1841-01-01",,"S","",
"nmctapp",,,"",,"","2013-08-14 22:43:21+00","t","t","f","366.95","N.M. Ct. App.","New Mexico Court of Appeals","New Mexico Court of Appeals","https://coa.nmcourts.gov/index.php","1966-04-01",,"SA","",
"ny",,,"",,"","2014-08-21 22:51:56.551+00","t","t","f","366.96","NY","New York Court of Appeals","New York Court of Appeals","http://www.nycourts.gov/ctapps/","1777-01-01",,"S","",
"nyappdiv",,,"",,"","2014-08-08 19:52:34.517+00","t","t","f","366.965","N.Y. App. Div.","Appellate Division of the Supreme Court of New York","Appellate Division of the Supreme Court of the State of New York","http://www.courts.state.ny.us/courts/appellatedivisions.shtml‎","1896-01-01",,"SA","Lawbox",
"nyappterm",,,"",,"","2015-10-29 19:29:57.081+00","t","t","f","366.9651","N.Y. App. Term.","Appellate Terms of the Supreme Court of New York","Appellate Terms of the Supreme Court of New York","https://www.nycourts.gov/courts/1jd/supctmanh/appellate_term.shtml","1896-01-01",,"SA","",
"mowb","108","t","discharge,epo,order",,"66","2020-07-30 18:32:59.155332+00","t","f","f","189.5","Bankr. W.D. Mo.","W.D. Missouri","United States Bankruptcy Court, W.D. Missouri","http://www.mow.uscourts.gov/bankruptcy/",,,"FB","Lawbox",
"nysupct",,,"",,"","2015-10-29 19:44:55.11+00","t","t","f","366.9652","N.Y. Sup. Ct.","New York Supreme Court","New York Supreme Court","http://www.nycourts.gov/courts/cts-outside-nyc-SUPREME.shtml","1896-01-01",,"ST","",
"ohioctapp",,,"",,"","2014-08-01 19:33:32.511+00","t","t","f","366.996","Ohio Ct. App.","Ohio Court of Appeals","Ohio Court of Appeals","http://www.supremecourt.ohio.gov/JudSystem/districtCourts/","1912-01-01",,"SA","Not included in Lawbox. Added later when scraper was created.",
"oklaag",,,"",,"","2014-07-11 20:44:58.744+00","t","t","f","366.9999","Okla. Att’y Gen.","Oklahoma Attorney General Reports","Oklahoma Attorney General Reports","http://www.oscn.net/applications/oscn/Index.asp?ftdb=STOKAG&level=1",,,"SS","",
"oklacivapp",,,"",,"","2014-07-11 20:30:09.947+00","t","t","f","366.9995","Okla. Civ. App.","Court of Civil Appeals of Oklahoma","Court of Civil Appeals of Oklahoma","http://www.oscn.net/oscn/schome/civilappeals.htm","1968-01-01",,"SA","Lawbox",
"cob","38","t","all",,"82","2020-07-28 06:13:11.714702+00","t","f","f","159","Bankr.D. Colo.","D. Colorado","United States Bankruptcy Court, D. Colorado","http://www.cob.uscourts.gov/",,,"FB","Lawbox",
"nywb","128","t","answer,appeal,court,motion,order,misc,cmp",,"09","2020-07-28 06:14:09.747864+00","t","f","f","190.2","Bankr. W.D.N.Y.","W.D. New York","United States Bankruptcy Court, W.D. New York","http://www.nywb.uscourts.gov/",,,"FB","Lawbox",
"nyfamct",,,"",,"","2024-01-09 19:23:06.295293+00","t","t","f","366.966","N.Y. Fam. Ct.","New York Family Court","New York Family Court","http://www.courts.state.ny.us/courts/cts-outside-nyc-FAMILY.shtml","1962-09-01",,"SS","Lawbox",
"vaeb","188","t","all",,"22","2020-07-28 06:14:16.969116+00","t","f","f","196.4","Bankr. E.D. Va.","E.D. Virginia","United States Bankruptcy Court, E.D. Virginia","https://www.vaeb.uscourts.gov/",,,"FB","Lawbox",
"pamb","154","t","all",,"14","2020-07-28 06:15:11.679857+00","t","f","f","193.9","Bankr. M.D. Penn.","M.D. Pennsylvania","United States Bankruptcy Court, M.D. Pennsylvania","http://www.pamb.uscourts.gov/",,,"FB","Lawbox",
"texrevtrib",,,"",,"","2021-09-08 23:31:00.395317+00","f","f","f","368.12","Tex. Rev. Trib.","Texas Court of Review Tribunal","Texas Court of Review Tribunal","",,,"SS","This court reviews recommendation for removal or retirement of a judge. Selected from appellate judges by the Chief Justice.",
"nycivct",,,"",,"","2024-01-09 19:24:31.708207+00","t","t","f","366.967","N.Y. City Civ. Ct.","Civil Court of the City of New York","Civil Court of the City of New York","https://www.nycourts.gov/COURTS/nyc/civil/index.shtml",,,"SS","",
"nycrimct",,,"",,"","2024-01-09 19:25:08.366711+00","t","t","f","366.9675","N.Y. City Crim. Ct.","Criminal Court of the City of New York","Criminal Court of the City of New York","https://www.nycourts.gov/courts/nyc/criminal/",,,"SS","",
"privycoun",,,"",,"","2023-10-02 15:46:26.42324+00","f","f","f","366.5225","","Committee of the Privy Council","Committee of the Privy Council","",,,"ST","",
"ctd","41","t","all",,"05","2023-10-03 01:23:43.811234+00","t","f","f","207","D. Conn.","D. Connecticut","District Court, D. Connecticut","http://www.ctd.uscourts.gov/",,,"FD","Lawbox","usdistct"
"tnmd","169","t","order,order-cr,motion",,"50","2023-10-03 01:23:44.923469+00","t","f","f","249.7","M.D. Tenn.","M.D. Tennessee","District Court, M.D. Tennessee","http://www.tnmd.uscourts.gov/",,,"FD","Lawbox","usdistct"
"nysurct",,,"",,"","2024-01-09 19:25:39.739852+00","t","t","f","366.9665","N.Y. Sur. Ct.","New York Surrogate's Court","New York Surrogate's Court","https://en.wikipedia.org/wiki/New_York_Surrogate%27s_Court","1896-01-01",,"SS","Lawbox",
"ohio",,,"",,"","2024-01-09 19:27:33.577135+00","t","t","f","366.995","Ohio","Ohio Supreme Court","Ohio Supreme Court","http://www.supremecourt.ohio.gov/","1841-01-01",,"S","Lawbox",
"nysurctulster",,,"",,"","2024-01-10 17:14:59.753723+00","f","f","f","366.966532","N.Y. Surr. Ct., Ulster Cty.","Ulster Surrogate's Court","Surrogate's Court, Ulster County","",,,"ST","","nysurct"
"nysurctwarren",,,"",,"","2024-01-10 17:14:59.756633+00","f","f","f","366.966533","N.Y. Surr. Ct., Warren Cty.","Warren Surrogate's Court","Surrogate's Court, Warren County","",,,"ST","","nysurct"
"tnmb","168","t","all",,"50","2020-07-28 06:17:16.95559+00","t","f","f","195.1","Bankr. M.D. Tenn.","M.D. Tennessee","United States Bankruptcy Court, M.D. Tennessee","http://www.tnmb.uscourts.gov/",,,"FB","Lawbox",
"ctb","40","t","all",,"05","2020-07-28 06:18:14.810066+00","t","f","f","159.5","Bankr. D. Conn.","D. Connecticut","United States Bankruptcy Court, D. Connecticut","http://www.ctb.uscourts.gov/",,,"FB","Lawbox",
"nycterr",,,"",,"","2022-02-04 15:07:03.558774+00","f","f","f","366.96001","","Court for the Trial of Impeachments and Correction of Errors","Court for the Trial of Impeachments and Correction of Errors","","1777-01-01","1846-12-31","SS","",
"ag",,,"",,"","2025-07-25 14:26:21.242776+00","f","f","f","113.04","Op. Att’y Gen.","Attorneys General","United States Attorneys General","https://www.justice.gov/olc/opinions-main",,,"FS","",
"navajochildct",,,"",,"","2022-11-29 17:39:25.579918+00","t","f","f","653.4","","Navajo Nation Children's Court","Navajo Nation Children's Court","",,,"TRX","",
"grtravbandctapp",,,"",,"","2022-12-14 17:23:38.642169+00","t","f","f","626","","Grand Traverse Band of Ottawa & Chippewa Indians Tribal Appellate Court","Grand Traverse Band of Ottawa & Chippewa Indians Tribal Appellate Court","",,,"TRA","",
"grtravbandct",,,"",,"","2022-12-14 17:23:38.64628+00","t","f","f","626.2","","Grand Traverse Band of Ottawa and Chippewa Indians Tribal Court","Grand Traverse Band of Ottawa and Chippewa Indians Tribal Court","",,,"TRA","",
"sttex",,,"",,"","2023-10-02 15:51:21.281343+00","f","f","f","451.5","Spec. Trib. of Tex.","Special Tribunals of Texas","United States Special Tribunal of Texas","",,,"SS","Columbia",
"leechojibtr",,,"",,"","2022-12-14 17:23:38.650098+00","t","f","f","633.2","","Leech Lake Band of Ojibwe Tribal Court","Leech Lake Band of Ojibwe Tribal Court","",,,"TRT","",
"lrbottawactapp",,,"",,"","2022-12-14 17:23:38.654041+00","t","f","f","641.9","","Little River Band of Ottawa Indians Tribal Court of Appeals","Little River Band of Ottawa Indians Tribal Court of Appeals","",,,"TRA","",
"moheganelders",,,"",,"","2022-12-14 17:23:38.657819+00","t","f","f","650.5","","Council of Elders of the Mohegan Tribe","Council of Elders of the Mohegan Tribe","",,,"TRX","",
"oneidatrialct",,,"",,"","2022-12-14 17:23:38.662422+00","t","f","f","655","","Oneida Tribal Judicial System, Trial Court","Oneida Tribal Judicial System, Trial Court","",,,"TRT","",
"nebraskab","112","t","all",,"67","2020-07-28 06:10:05.144786+00","t","f","f","189.61","Bankr. D. Neb.","D. Nebraska","United States Bankruptcy Court, D. Nebraska","http://www.neb.uscourts.gov/",,,"FB","Lawbox",
"sacfoxsupct",,,"",,"","2022-12-14 17:23:38.669225+00","t","f","f","659","","Sac and Fox Nation Supreme Court","Sac and Fox Nation Supreme Court","",,,"TRS","",
"sacfoxdistct",,,"",,"","2022-12-14 17:23:38.674289+00","t","f","f","659.2","","Sac and Fox Nation District Court","Sac and Fox Nation District Court","",,,"TRT","",
"salishctapp",,,"",,"","2022-12-14 17:23:38.678375+00","t","f","f","661","","Confederated Salish & Kootenai Court of Appeals","Confederated Salish & Kootenai Court of Appeals","",,,"TRA","",
"wiwb","204","t","all",,"58","2020-07-28 06:11:06.695911+00","t","f","f","199.1","Bankr. W.D. Wis.","W.D. Wisconsin","United States Bankruptcy Court, W.D. Wisconsin","http://www.wiwb.uscourts.gov/",,,"FB","Lawbox",
"pawb","156","t","all",,"15","2020-07-28 06:11:09.597654+00","t","f","f","194","Bankr. W.D. Pa.","W.D. Pennsylvania","United States Bankruptcy Court, W.D. Pennsylvania","http://www.pawb.uscourts.gov/",,,"FB","Lawbox",
"caeb","32","t","all",,"72","2020-07-28 06:11:13.481369+00","t","f","f","158.05","Bankr. E.D. Cal.","E.D. California","United States Bankruptcy Court, E.D. California","http://www.caeb.uscourts.gov/",,,"FB","Lawbox",
"gasb","56","t","order",,"3J","2020-07-28 06:14:09.185573+00","t","f","f","180","Bankr. S.D. Ga.","S.D. Georgia","United States Bankruptcy Court, S.D. Georgia","http://www.gasb.uscourts.gov/",,,"FB","Lawbox",
"rib","160","t","all",,"03","2020-07-28 06:14:09.678973+00","t","f","f","194.2","Bankr. D.R.I.","D. Rhode Island","United States Bankruptcy Court, D. Rhode Island","http://www.rib.uscourts.gov/",,,"FB","Lawbox",
"vawb","190","t","answer,appeal,court,motion,order",,"23","2020-07-28 06:14:09.761502+00","t","f","f","197","Bankr. W.D. Va.","W.D. Virginia","United States Bankruptcy Court, W.D. Virginia","http://www.vawb.uscourts.gov/",,,"FB","Lawbox",
"flnb","48","t","all",,"29","2020-07-28 06:14:10.171944+00","t","f","f","176.95","Bankr. N.D. Fla.","N.D. Florida","United States Bankruptcy Court, N.D. Florida","http://www.flnb.uscourts.gov/",,,"FB","Lawbox",
"deb","42","t","all",,"11","2020-07-28 06:14:11.783152+00","t","f","f","159.7","Bankr. D. Del.","D. Delaware","United States Bankruptcy Court, D. Delaware","http://www.deb.uscourts.gov/",,,"FB","Lawbox",
"insb","72","t","all",,"56","2020-07-28 06:14:14.044162+00","t","f","f","183.2","Bankr. S.D. Ind.","S.D. Indiana","United States Bankruptcy Court, S.D. Indiana","http://www.insb.uscourts.gov/",,,"FB","Lawbox",
"ohsb","142","t","all",,"48","2020-07-28 06:14:15.199795+00","t","f","f","190.7","Bankr. S.D. Ohio","S.D. Ohio","United States Bankruptcy Court, S.D. Ohio","http://www.ohsb.uscourts.gov/",,,"FB","Lawbox",
"akb","22","t","all",,"7-","2020-07-28 06:15:09.844304+00","t","f","f","157","Bankr. D. Alaska","D. Alaska","United States Bankruptcy Court, D. Alaska","http://www.akb.uscourts.gov/",,,"FB","Lawbox",
"ianb","74","t","answer,appeal,court,motion,order",,"62","2020-07-28 06:15:10.016143+00","t","f","f","185","Bankr. D. Iowa","N.D. Iowa","United States Bankruptcy Court, N.D. Iowa","http://www.ianb.uscourts.gov/",,,"FB","Lawbox",
"ilcb","64","t","all",,"53","2020-07-28 06:15:10.668654+00","t","f","f","182","Bankr. C.D. Ill.","C.D. Illinois","United States Bankruptcy Court, C.D. Illinois","http://www.ilcb.uscourts.gov/",,,"FB","Lawbox",
"casb","36","t","all",,"74","2020-07-28 06:15:10.90939+00","t","f","f","158.2","Bankr. S.D. Cal.","S.D. California","United States Bankruptcy Court, S.D. California","http://www.casb.uscourts.gov/",,,"FB","Lawbox",
"mssb","104","t","answer,appeal,court,motion,order,trustee",,"38","2020-07-28 06:15:12.313762+00","t","f","f","189.35","Bankr. S.D. Miss.","S.D. Mississippi","United States Bankruptcy Court, S.D. Mississippi","http://www.mssb.uscourts.gov/",,,"FB","Lawbox",
"mab","94","t","answer,appeal,caseupld,claims,cmp,crbatch,misc,motion,notice,order,plan",,"01","2020-07-28 06:15:12.63528+00","t","f","f","189","Bankr. D. Mass.","D. Massachusetts","United States Bankruptcy Court, D. Massachusetts","http://www.mab.uscourts.gov/",,,"FB","Lawbox",
"canb","34","t","all",,"71","2020-07-28 06:15:13.617505+00","t","f","f","158.1","Bankr. N.D. Cal.","N.D. California","United States Bankruptcy Court, N.D. California","http://www.canb.uscourts.gov/",,,"FB","Lawbox",
"txsb","178","t","all",,"41","2020-07-28 06:15:16.90423+00","t","f","f","196.25","Bankr. S.D. Tex.","S.D. Texas","United States Bankruptcy Court, S.D. Texas","http://www.txs.uscourts.gov/bankruptcy/",,,"FB","Lawbox",
"nysurctwayne",,,"",,"","2024-01-10 17:14:59.759269+00","f","f","f","366.966534","N.Y. Surr. Ct., Wayne Cty.","Wayne Surrogate's Court","Surrogate's Court, Wayne County","",,,"ST","","nysurct"
"nygensess",,,"",,"","2022-02-04 15:11:41.948598+00","f","f","f","366.96003","","New York Court of General Session of the Peace","New York Court of General Session of the Peace","","1683-10-17","1962-09-01","ST","",
"nysurctwestches",,,"",,"","2024-01-10 17:14:59.762047+00","f","f","f","366.966535","N.Y. Surr. Ct., Westchester Cty.","Westchester Surrogate's Court","Surrogate's Court, Westchester County","",,,"ST","","nysurct"
"dadectypropbd",,,"",,"","2021-09-14 19:05:21.78583+00","f","f","f","355.0903","Dade Cty. Prop. Appraisal Adjmt. Bd.","Dade County Property Appraisal Adjustment Board","Dade County Property Appraisal Adjustment Board","",,,"SS","",
"nysurctwyo",,,"",,"","2024-01-10 17:14:59.76497+00","f","f","f","366.966536000001","N.Y. Surr. Ct., Wyoming Cty.","Wyoming Surrogate's Court","Surrogate's Court, Wyoming County","",,,"ST","","nysurct"
"cand","35","t","all",,"71","2023-10-03 01:23:43.748822+00","t","f","f","205.1","N.D. Cal.","N.D. California","District Court, N.D. California","http://www.cand.uscourts.gov/",,,"FD","Lawbox","usdistct"
"nysurctyates",,,"",,"","2024-01-10 17:14:59.767631+00","f","f","f","366.966537000001","N.Y. Surr. Ct., Yates Cty.","Yates Surrogate's Court","Surrogate's Court, Yates County","",,,"ST","","nysurct"
"shoaraphotr",,,"",,"","2022-12-14 17:23:38.682273+00","t","f","f","663.2","","Shoshone and Arapaho Tribal Court","Shoshone and Arapaho Tribal Court","",,,"TRT","",
"swinomishappct",,,"",,"","2022-12-14 17:23:38.686033+00","t","f","f","665","","Swinomish Tribal Court of Appeals","Swinomish Tribal Court of Appeals","",,,"TRA","",
"swinomishtr",,,"",,"","2022-12-14 17:23:38.690192+00","t","f","f","665.2","","Swinomish Tribal Court","Swinomish Tribal Court","",,,"TRT","",
"tennworkcompcl",,,"",,"","2020-08-26 21:13:10.029118+00","t","f","f","367.85","Tenn. Ct. Work. Comp. Cl.","Tennessee Court of Workers' Comp. Claims","Tennessee Court of Workers' Compensation Claims","https://www.tn.gov/workforce/injuries-at-work/bureau-services/bureau-services/court-of-wc-claims.html","2013-01-01",,"SS","",
"webchippewatr",,,"",,"","2022-12-14 17:23:38.693905+00","t","f","f","680","","White Earth Band of Chippewa Tribal Court","White Earth Band of Chippewa Tribal Court","",,,"TRT","",
"armfor",,,"",,"","2023-10-02 15:46:25.841516+00","t","t","f","113.2","C.A.A.F.","Court of Appeals for the Armed Forces","Court of Appeals for the Armed Forces","http://www.armfor.uscourts.gov/","1951-05-31",,"MA","",
"masssuperct",,,"",,"","2025-07-28 16:43:49.037759+00","t","t","f","364","Mass. Super. Ct.","Massachusetts Superior Court","Massachusetts Superior Court","http://www.mass.gov/courts/court-info/trial-court/sc/",,,"SA","",
"bap8",,,"",,"","2025-08-26 02:04:27.201934+00","t","t","f","153","8th Cir. BAP","Eighth Circuit","United States Bankruptcy Appellate Panel for the Eighth Circuit","http://www.ca8.uscourts.gov/bankruptcy-appellate-panel",,,"FBP","Lawbox",
"wvsb","200","t","all",,"25","2020-07-28 06:09:04.059643+00","t","f","f","198.9","Bankr. S.D.W. Va.","S.D. West Virginia","United States Bankruptcy Court, S.D. West Virginia","http://www.wvsb.uscourts.gov/",,,"FB","Lawbox",
"texbizct",,,"",,"","2025-08-28 01:07:39.636205+00","t","t","f","368.70241","Tex. Bus. Ct.","Texas Business Court","Texas Business Court","https://www.txcourts.gov/businesscourt/","2023-06-09",,"ST","",
"insd","73","t","adr,answer,appeal,appeal-cr,charge-cr,cmp,cvbevent-cr,detention-cr,discov,discovery-cr,minutes,minutes-cr,misc,misc-cr,misccs,mot2255,motion,notice,notice-cr,order,order-cr,plea-cr,respm,respm-cr,respoth,service,transfer,trial,trial-cr,waiver-cr",,"56","2025-09-24 17:24:19.508144+00","t","f","f","212","S.D. Ind.","S.D. Indiana","District Court, S.D. Indiana","http://www.insd.uscourts.gov/","1928-04-21",,"FD","Lawbox

Start date from: https://twitter.com/FedJudicialHist/status/855474313113333761/photo/1","usdistct"
"txctapp1",,,"",,"","2023-10-03 01:24:08.44794+00","f","t","f","368.701","Tex. App.-Houston [1st Dist.]","Tex. App. Ct., 1st Dist. (Houston)","Texas Court of Appeals, 1st District (Houston)","http://www.txcourts.gov/1stcoa.aspx",,,"SA","","texapp"
"tnwb","170","t","all",,"51","2020-07-28 06:11:09.943723+00","t","f","f","195.2","Bankr. W.D. Tenn.","W.D. Tennessee","United States Bankruptcy Court, W.D. Tennessee","http://www.tnwb.uscourts.gov/",,,"FB","Lawbox",
"ndb","136","t","all",,"68","2020-07-28 06:12:06.737752+00","t","f","f","190.5","Bankr. D.N.D.","D. North Dakota","United States Bankruptcy Court, D. North Dakota","http://www.ndd.uscourts.gov/",,,"FB","Lawbox",
"gamb","52","t","answer,appeal,court,motion,order",,"3G","2020-07-28 06:12:08.096573+00","t","f","f","179.8","Bankr. M.D. Ga.","M.D. Georgia","United States Bankruptcy Court, M.D. Georgia","http://www.gamb.uscourts.gov/",,,"FB","Lawbox",
"vtb","184","t","all",,"10","2020-07-28 06:13:08.099151+00","t","f","f","196.35","Bankr. D. Vt.","D. Vermont","United States Bankruptcy Court, D. Vermont","http://www.vtb.uscourts.gov/",,,"FB","Lawbox",
"paeb","152","t","all",,"13","2020-07-28 06:14:11.814114+00","t","f","f","193.8","Bankr. E.D. Pa.","E.D. Pennsylvania","United States Bankruptcy Court, E.D. Pennsylvania","http://www.paeb.uscourts.gov/",,,"FB","Lawbox",
"mdb","92","t","all",,"16","2020-07-28 06:14:14.798827+00","t","f","f","188.9","Bankr. D. Md.","D. Maryland","United States Bankruptcy Court, D. Maryland","http://www.mdb.uscourts.gov/",,,"FB","Lawbox",
"alnb","18","t","all",,"26","2020-07-28 06:14:17.584405+00","t","f","f","156","Bankr. N.D. Ala.","N.D. Alabama","United States Bankruptcy Court, N.D. Alabama","http://www.alnb.uscourts.gov/",,,"FB","Lawbox",
"idb","62","t","answer,appeal,court,motion,order",,"76","2020-07-28 06:15:10.0812+00","t","f","f","180.1","Bankr. D. Idaho","D. Idaho","United States Bankruptcy Court, D. Idaho","http://www.id.uscourts.gov/",,,"FB","Lawbox",
"nmb","120","t","all",,"84","2020-07-28 06:15:10.467594+00","t","f","f","189.9","Bankr. D.N.M.","D. New Mexico","United States Bankruptcy Court, D. New Mexico","http://www.nmb.uscourts.gov/",,,"FB","Lawbox",
"iasb","76","t","all",,"63","2020-07-28 06:15:10.626001+00","t","f","f","185.1","Bankr. S.D. Iowa","S.D. Iowa","United States Bankruptcy Court, S.D. Iowa","http://www.iasb.uscourts.gov/",,,"FB","Lawbox",
"okwb","148","t","answer,appeal,court,motion,order,trustee",,"87","2020-07-28 06:15:10.843603+00","t","f","f","192.3","Bankr. W.D. Okla.","W.D. Oklahoma","United States Bankruptcy Court, W.D. Oklahoma","http://www.okwb.uscourts.gov/",,,"FB","Lawbox",
"orb","150","t","answer,appeal,court,motion,order,trustee,notice",,"79","2020-07-28 06:15:10.915916+00","t","f","f","193.7","Bankr. D. Or.","D. Oregon","United States Bankruptcy Court, D. Oregon","http://www.orb.uscourts.gov/",,,"FB","Lawbox",
"kywb","82","t","all",,"44","2020-07-28 06:15:12.178674+00","t","f","f","187.8","Bankr. W.D. Ky.","W.D. Kentucky","United States Bankruptcy Court, W.D. Kentucky","http://www.kywb.uscourts.gov/",,,"FB","Lawbox",
"nvb","114","t","all",,"78","2020-07-28 06:15:12.460999+00","t","f","f","189.65","Bankr. D. Nev.","D. Nevada","United States Bankruptcy Court, D. Nevada","http://www.nvb.uscourts.gov/",,,"FB","Lawbox",
"wawb","196","t","all",,"81","2020-07-28 06:15:12.693157+00","t","f","f","198","Bankr. W.D. Wash.","W.D. Washington","United States Bankruptcy Court, W.D. Washington","http://www.wawb.uscourts.gov/",,,"FB","Lawbox",
"ilnb","66","t","all",,"52","2020-07-30 18:41:09.261697+00","t","f","f","183","Bankr. N.D. Ill.","N.D. Illinois","United States Bankruptcy Court, N.D. Illinois","http://www.ilnb.uscourts.gov/",,,"FB","Lawbox",
"mtb","110","t","answer,appeal,court,motion,order",,"77","2020-08-27 19:03:54.166901+00","t","f","f","189.6","Bankr. D. Mont.","D. Montana","United States Bankruptcy Court, D. Montana","http://www.mtb.uscourts.gov/",,,"FB","Lawbox",
"nycommnapp",,,"",,"","2022-02-04 15:11:41.960314+00","f","f","f","366.96006","","Commission of Appeals","Commission of Appeals","",,,"SS","",
"ared","27","t","all",,"60","2023-10-03 01:23:43.679545+00","t","f","f","204","E.D. Ark.","E.D. Arkansas","District Court, E.D. Arkansas","http://www.are.uscourts.gov/",,,"FD","Lawbox

Has special RSS feed URLs.","usdistct"
"nyfamctalbany",,,"",,"","2024-01-10 17:14:41.121777+00","f","f","f","366.96601","N.Y. Fam. Ct., Albany Cty.","Albany Family Court","New York Family Court, Albany County","",,,"ST","","nyfamct"
"nyfamctalleg",,,"",,"","2024-01-10 17:14:41.126176+00","f","f","f","366.96603","N.Y. Fam. Ct., Allegany Cty.","Allegany Family Court","New York Family Court, Allegany County","",,,"ST","","nyfamct"
"nyfamctbronx",,,"",,"","2024-01-10 17:14:41.12944+00","f","f","f","366.96604","N.Y. Fam. Ct., Bronx Cty.","Bronx Family Court","New York Family Court, Bronx County","",,,"ST","","nyfamct"
"nyfamctchauta",,,"",,"","2024-01-10 17:14:41.132824+00","f","f","f","366.96606","N.Y. Fam. Ct., Chautauqua Cty.","Chautauqua Family Court","New York Family Court, Chautauqua County","",,,"ST","","nyfamct"
"nyfamctchemung",,,"",,"","2024-01-10 17:14:41.135929+00","f","f","f","366.96607","N.Y. Fam. Ct., Chemung Cty.","Chemung Family Court","New York Family Court, Chemung County","",,,"ST","","nyfamct"
"nyfamctclinton",,,"",,"","2024-01-10 17:14:41.139031+00","f","f","f","366.96609","N.Y. Fam. Ct., Clinton Cty.","Clinton Family Court","New York Family Court, Clinton County","",,,"ST","","nyfamct"
"nycrimctrichm",,,"",,"","2024-01-10 17:16:19.879692+00","f","f","f","366.967517","N.Y. Crim. Ct., Richmond","NYC Criminal Court, Richmond","The Criminal Court of the City of New York, Richmond","",,,"ST","","nycrimct"
"illappct",,,"",,"","2013-08-14 22:42:02+00","t","t","f","359.6","Ill. App. Ct.","Appellate Court of Illinois","Appellate Court of Illinois","http://www.state.il.us/court/appellatecourt/","1877-01-01",,"SA","",
"bpai",,,"",,"","2026-03-25 21:22:32.098242+00","f","f","f","113.81","B.P.A.I.","Board of Patent Appeals and Interferences","Board of Patent Appeals and Interferences","",,"2012-09-15","FS","Former administrative body within the USPTO that determined patentability; replaced by PTAB in 2012.",
"ohioctcl",,,"",,"","2014-08-01 19:47:46.796+00","t","t","f","366.997","Ohio Ct. Cl.","Ohio Court of Claims","Ohio Court of Claims","http://www.cco.state.oh.us/",,,"SS","",
"oklacrimapp",,,"",,"","2014-07-11 20:30:00.133+00","t","t","f","366.9996","Okla. Crim. App.","Court of Criminal Appeals of Oklahoma","Court of Criminal Appeals of Oklahoma","http://www.okcca.net/",,,"SA","Lawbox",
"oklajeap",,,"",,"","2013-08-15 21:14:18+00","t","f","f","366.9997","Okla. J.E.A.P.","Oklahoma Judicial Ethics Advisory Panel","Oklahoma Judicial Ethics Advisory Panel","http://www.oscn.net/applications/oscn/index.asp?ftdb=STOKCSJE&level=1",,,"SS","Lawbox",
"or",,,"",,"","2013-08-14 16:46:30+00","t","t","f","367","Or.","Oregon Supreme Court","Oregon Supreme Court","http://www.publications.ojd.state.or.us/Pages/OpinionsSC.aspx","1841-01-01",,"S","",
"pa",,,"",,"","2014-08-01 20:56:27.532+00","t","t","f","367.15","Pa.","Supreme Court of Pennsylvania","Supreme Court of Pennsylvania","http://www.pacourts.us/courts/supreme-court/","1722-05-22",,"S","Lawbox",
"pacommwct",,,"",,"","2016-05-17 23:45:33.786+00","t","t","f","367.25","Pa. Commw. Ct.","Commonwealth Court of Pennsylvania","Commonwealth Court of Pennsylvania","http://www.pacourts.us/courts/commonwealth-court/","1968-01-01",,"SA","Lawbox",
"psc",,,"",,"","2016-04-30 00:11:51.389+00","f","f","f","999.1","Test.","PACER Training Site","U.S. DISTRICT COURT for the PACER Training Site","https://dcecf.psc.uscourts.gov/cgi-bin/ShowIndex.pl",,,"T","",
"reglrailreorgct",,,"",,"","2013-08-14 22:20:40+00","t","f","f","140.5","Regl. Rail Reorg. Act","Special Court under the Regional Rail Reorganization Act","Special Court under the Regional Rail Reorganization Act","http://www.uscourts.gov/news/TheThirdBranch/96-11-01/Special_Railroad_Court_to_Close_Doors.aspx","1973-01-01","1996-03-01","FS","Lawbox",
"tenn",,,"",,"","2016-09-08 20:39:03.98289+00","t","t","f","367.6","Tenn.","Tennessee Supreme Court","Tennessee Supreme Court","https://www.tncourts.gov/courts/supreme-court","1790-01-01",,"S","Created by Lawbox
Start date: http://www.tschsociety.org/justices.html",
"utb","182","t","all",,"88","2020-07-28 06:11:11.193371+00","t","f","f","196.34","Bankr. D. Utah","D. Utah","United States Bankruptcy Court, D. Utah","http://www.utb.uscourts.gov/",,,"FB","Lawbox",
"nhb","116","t","answer,appeal,court,motion,order,auditor,caseupld,claims,cmp,crbatch,crmisc,misc,notice,plan,trustee",,"02","2020-07-28 06:14:09.375128+00","t","f","f","189.7","Bankr. D.N.H.","D. New Hampshire","United States Bankruptcy Court, D. New Hampshire","http://www.nhb.uscourts.gov/",,,"FB","Lawbox",
"indsuperct",,,"",,"","2022-12-02 19:12:06.298658+00","f","f","f","360.15","","Indiana Super. Ct.","Indiana Superior Court","",,,"ST","",
"sdb","164","t","all",,"69","2020-07-28 06:15:10.58097+00","t","f","f","194.85","Bankr. D.S.D.","D. South Dakota","United States Bankruptcy Court, D. South Dakota","https://ecf.sdb.uscourts.gov/",,,"FB","lawbox",
"areb","26","t","all",,"60","2020-07-28 06:15:11.63813+00","t","f","f","157.2","Bankr. E.D. Ark.","E.D. Arkansas","United States Bankruptcy Court, E.D. Arkansas","http://www.arb.uscourts.gov/",,,"FB","Lawbox",
"txeb","174","t","answer,appeal,auditor,caseupld,claims,cmp,court,misc,motion,notice,order,plan,trustee",,"40","2020-07-28 06:15:11.955717+00","t","f","f","196","Bankr. E.D. Tex.","E.D. Texas","United States Bankruptcy Court, E.D. Texas","http://www.txeb.uscourts.gov/",,,"FB","Lawbox",
"tennesseeb",,,"",,"","2017-03-07 21:33:02.155732+00","t","f","f","195.3","Bankr. D. Tenn.","D. Tennessee","United States Bankruptcy Court, D. Tennessee","http://www.fjc.gov/history/home.nsf/page/courts_district_tn_mp.html","1797-01-01","1801-01-01","FB","Lawbox",
"wyo",,,"",,"","2013-08-14 16:46:30+00","t","t","f","390","Wyo.","Wyoming Supreme Court","Wyoming Supreme Court","http://www.courts.state.wy.us/","1921-01-01",,"S","",
"utahctapp",,,"",,"","2021-12-21 00:17:58.416653+00","t","t","f","369.1","Utah Ct. App.","Court of Appeals of Utah","Court of Appeals of Utah","http://www.utcourts.gov/courts/appell/","1987-01-17",,"SA","Lawbox",
"nyconct",,,"",,"","2022-02-04 15:11:41.964299+00","f","f","f","366.96007","","Constitutional Court of New York","Constitutional Court of New York","",,,"SS","",
"neb",,,"",,"","2019-08-24 04:10:38.352248+00","t","t","f","366.2","Neb.","Nebraska Supreme Court","Nebraska Supreme Court","http://supremecourt.ne.gov/","1854-01-01",,"S","",
"nyfamctdutch",,,"",,"","2024-01-10 17:14:41.143182+00","f","f","f","366.966101","N.Y. Fam. Ct., Dutchess Cty.","Dutchess Family Court","New York Family Court, Dutchess County","",,,"ST","","nyfamct"
"nyfamcterie",,,"",,"","2024-01-10 17:14:41.14583+00","f","f","f","366.966102","N.Y. Fam. Ct., Erie Cty.","Erie Family Court","New York Family Court, Erie County","",,,"ST","","nyfamct"
"nyfamctessex",,,"",,"","2024-01-10 17:14:41.148889+00","f","f","f","366.966103","N.Y. Fam. Ct., Essex Cty.","Essex Family Court","New York Family Court, Essex County","",,,"ST","","nyfamct"
"nyfamctfrank",,,"",,"","2024-01-10 17:14:41.151893+00","f","f","f","366.9661035","N.Y. Fam. Ct., Franklin Cty.","Franklin Family Court","New York Family Court, Franklin County","",,,"ST","","nyfamct"
"nyfamctgenesee",,,"",,"","2024-01-10 17:14:41.154575+00","f","f","f","366.966104","N.Y. Fam. Ct., Genesee Cty.","Genesee Family Court","New York Family Court, Genesee County","",,,"ST","","nyfamct"
"nyfamctgreene",,,"",,"","2024-01-10 17:14:41.157511+00","f","f","f","366.966105","N.Y. Fam. Ct., Greene Cty.","Greene Family Court","New York Family Court, Greene County","",,,"ST","","nyfamct"
"nyfamctjeff",,,"",,"","2024-01-10 17:14:41.160063+00","f","f","f","366.966106","N.Y. Fam. Ct., Jefferson Cty.","Jefferson Family Court","New York Family Court, Jefferson County","",,,"ST","","nyfamct"
"nyfamctkings",,,"",,"","2024-01-10 17:14:41.162726+00","f","f","f","366.966107","N.Y. Fam. Ct., Kings Cty.","Kings Family Court","New York Family Court, Kings County","",,,"ST","","nyfamct"
"nyfamctmadison",,,"",,"","2024-01-10 17:14:41.165558+00","f","f","f","366.966108","N.Y. Fam. Ct., Madison Cty.","Madison Family Court","New York Family Court, Madison County","",,,"ST","","nyfamct"
"nyfamctmonroe",,,"",,"","2024-01-10 17:14:41.168158+00","f","f","f","366.9661081","N.Y. Fam. Ct., Monroe Cty.","Monroe Family Court","New York Family Court, Monroe County","",,,"ST","","nyfamct"
"nyfamctmontg",,,"",,"","2024-01-10 17:14:41.17084+00","f","f","f","366.9661082","N.Y. Fam. Ct., Montgomery Cty.","Montgomery Family Court","New York Family Court, Montgomery County","",,,"ST","","nyfamct"
"nyfamctnassau",,,"",,"","2024-01-10 17:14:41.17343+00","f","f","f","366.9661083","N.Y. Fam. Ct., Nassau Cty.","Nassau Family Court","New York Family Court, Nassau County","",,,"ST","","nyfamct"
"nyfamctniagara",,,"",,"","2024-01-10 17:14:41.176056+00","f","f","f","366.9661084","N.Y. Fam. Ct., Niagara Cty.","Niagara Family Court","New York Family Court, Niagara County","",,,"ST","","nyfamct"
"nyfamctoneida",,,"",,"","2024-01-10 17:14:41.179047+00","f","f","f","366.9661085","N.Y. Fam. Ct., Oneida Cty.","Oneida Family Court","New York Family Court, Oneida County","",,,"ST","","nyfamct"
"nyfamctontario",,,"",,"","2024-01-10 17:14:41.181766+00","f","f","f","366.9661086","N.Y. Fam. Ct., Ontario Cty.","Ontario Family Court","New York Family Court, Ontario County","",,,"ST","","nyfamct"
"nyfamctonond",,,"",,"","2024-01-10 17:14:41.184437+00","f","f","f","366.9661087","N.Y. Fam. Ct., Onondaga Cty.","Onondaga Family Court","New York Family Court, Onondaga County","",,,"ST","","nyfamct"
"nyfamctorange",,,"",,"","2024-01-10 17:14:41.187014+00","f","f","f","366.9661088","N.Y. Fam. Ct., Orange Cty.","Orange Family Court","New York Family Court, Orange County","",,,"ST","","nyfamct"
"pasuperct",,,"",,"","2024-02-10 16:25:46.779449+00","t","t","f","367.2","Pa. Super. Ct.","Superior Court of Pennsylvania","Superior Court of Pennsylvania","http://www.pacourts.us/courts/superior-court/","1895-01-01",,"SA","Lawbox",
"wisctapp",,,"",,"","2024-09-04 00:46:28.982808+00","t","t","f","387","Wis. Ct. App.","Court of Appeals of Wisconsin","Court of Appeals of Wisconsin","http://www.wicourts.gov/courts/appeals/","1978-08-01",,"SA","Lawbox",
"ri",,,"",,"","2014-08-08 20:59:44.315+00","t","t","f","367.3","R.I.","Supreme Court of Rhode Island","Supreme Court of Rhode Island","http://www.courts.ri.gov/courts/supremecourt/default.aspx","1747-01-01",,"S","Lawbox, Scraper created 2013-08-12",
"risuperct",,,"",,"","2016-05-18 19:33:46.675+00","t","f","f","367.35","Sup. Ct. R.I.","Superior Court of Rhode Island","Superior Court of Rhode Island","https://www.courts.ri.gov/Courts/SuperiorCourt/Pages/default.aspx",,,"SA","",
"sc",,,"",,"","2013-09-09 06:22:31+00","t","t","f","367.4","S.C.","Supreme Court of South Carolina","Supreme Court of South Carolina","http://www.judicial.state.sc.us/supreme/","1841-01-01",,"S","Lawbox",
"texcrimapp",,,"",,"","2025-06-11 20:55:59.708148+00","t","t","f","368.3","Tex. Crim. App.","Court of Criminal Appeals of Texas","Court of Criminal Appeals of Texas","http://www.cca.courts.state.tx.us/",,,"S","Lawbox",
"scotus",,,"",,"","2014-10-31 01:59:15.952+00","t","t","t","1","SCOTUS","Supreme Court","Supreme Court of the United States","http://supremecourt.gov/","1789-09-24",,"F","",
"sd",,,"",,"","2013-08-14 16:46:30+00","t","t","f","367.5","S.D.","South Dakota Supreme Court","South Dakota Supreme Court","http://www.sdjudicial.com/","1889-01-01",,"S","",
"wash",,,"",,"","2024-11-18 18:43:44.145801+00","t","t","f","370","Wash.","Washington Supreme Court","Washington Supreme Court","https://www.courts.wa.gov/appellate_trial_courts/SupremeCourt/","1889-01-01",,"S","",
"washctapp",,,"",,"","2024-11-18 18:43:49.881897+00","t","t","f","385","Wash. Ct. App.","Court of Appeals of Washington","Court of Appeals of Washington","https://www.courts.wa.gov/appellate_trial_courts/","1969-01-01",,"SA","Lawbox",
"mdd","93","f","",,"16","2023-10-03 01:23:44.2958+00","t","f","f","240","D. Maryland","D. Maryland","District Court, D. Maryland","https://www.mdd.uscourts.gov/",,,"FD","","usdistct"
"tax",,,"",,"","2013-08-14 22:20:02+00","t","t","f","114.2","Tax Ct.","U.S. Tax Court","United States Tax Court","http://www.ustaxcourt.gov/",,,"FS","",
"tecoa",,,"",,"","2013-08-14 22:20:33+00","t","f","f","116.1","Temp. Emerg. Ct. App.","Temporary Emergency Court of Appeals","Temporary Emergency Court of Appeals","http://www.fjc.gov/history/home.nsf/page/courts_special_tecoa.html","1971-12-01","1992-10-29","FS","",
"tenncrimapp",,,"",,"","2013-09-09 16:30:08+00","t","t","f","367.8","Tenn. Crim. App.","Court of Criminal Appeals of Tennessee","Court of Criminal Appeals of Tennessee","http://www.tsc.state.tn.us/courts/court-criminal-appeals","1925-01-01",,"SA","Lawbox",
"tennctapp",,,"",,"","2013-09-09 02:23:19+00","t","t","f","367.7","Tenn. Ct. App.","Court of Appeals of Tennessee","Court of Appeals of Tennessee","http://www.tncourts.gov/courts/court-appeals","1925-01-01",,"SA","Lawbox",
"tennsuperct",,,"",,"","2016-06-18 20:01:59.649+00","t","f","f","367.9","Tenn. Sup. Ct.","Tennessee Superior Court for Law and Equity","Tennessee Superior Court for Law and Equity","https://familysearch.org/wiki/en/Tennessee_Court_Records","1796-01-01","1809-12-31","SA","",
"test",,,"",,"","2013-08-14 22:38:31+00","f","f","f","999","Test.","Testing Supreme Court","Testing Supreme Court","http://www.example.com/",,,"T","This court is used for tests, and should not appear in the UI.",
"tex",,,"",,"","2014-08-08 17:27:09.82+00","t","t","f","368","Tex.","Texas Supreme Court","Texas Supreme Court","http://www.supreme.courts.state.tx.us/","1840-01-01",,"S","",
"wisag",,,"",,"","2016-05-18 20:15:10.051+00","t","f","f","388","Wis. Att'y Gen.","Wisconsin Attorney General Reports","Wisconsin Attorney General Reports","https://docs.legis.wisconsin.gov/misc/oag",,,"SAG","",
"texjpml",,,"",,"","2016-06-18 20:01:59.649+00","t","f","f","368.5","Tex. J.P.M.L.","Texas Judicial Panel on Multidistrict Litigation","Texas Judicial Panel on Multidistrict Litigation","http://www.txcourts.gov/about-texas-courts/multi-district-litigation-panel.aspx",,,"SA","",
"texreview",,,"",,"","2013-10-30 07:11:37.284+00","t","f","f","368.4","Tex. Rev.","Texas Special Court of Review","Texas Special Court of Review","http://www.scjc.state.tx.us/",,,"SS","Lawbox",
"usjc",,,"",,"","2013-08-14 22:40:00+00","t","f","f","450","U.S.J.C.","U.S. Judicial Conference Committee","United States Judicial Conference Committee","http://www.uscourts.gov/FederalCourts/JudicialConference/Committees.aspx",,,"C","",
"utah",,,"",,"","2013-08-14 16:46:30+00","t","t","f","369","Utah","Utah Supreme Court","Utah Supreme Court","http://www.utcourts.gov/opinions/supopin/index.htm","1850-01-01",,"S","",
"va",,,"",,"","2013-09-09 17:23:22+00","t","t","f","369.4","Va.","Supreme Court of Virginia","Supreme Court of Virginia","http://www.courts.state.va.us/courts/scv/","1779-01-01",,"S","Lawbox",
"vactapp",,,"",,"","2013-09-09 17:05:43+00","t","t","f","369.5","Va. Ct. App.","Court of Appeals of Virginia","Court of Appeals of Virginia","http://www.courts.state.va.us/courts/cav/","1985-01-01",,"SA","Lawbox",
"vt",,,"",,"","2013-09-09 17:24:51+00","t","t","f","369.2","Vt.","Supreme Court of Vermont","Supreme Court of Vermont","http://www.vermontjudiciary.org/gtc/supreme/default.aspx","1778-01-01",,"S","Lawbox",
"washag",,,"",,"","2016-05-18 20:13:55.908+00","t","f","f","385.05","Wash. Att'y Gen.","Washington Attorney General Reports","Washington Attorney General Reports","http://www.atg.wa.gov/",,,"SAG","",
"wis",,,"",,"","2013-08-14 16:46:30+00","t","t","f","386","Wis.","Wisconsin Supreme Court","Wisconsin Supreme Court","http://www.wicourts.gov/courts/supreme/index.htm","1836-01-01",,"S","",
"nceb","130","f","",,"17","2013-08-15 16:17:48+00","t","f","f","190.3","Bankr. E.D.N.C.","E.D. North Carolina","United States Bankruptcy Court, E.D. North Carolina","https://ecf.nceb.uscourts.gov/",,,"FB","Lawbox",
"wva",,,"",,"","2013-08-14 16:46:30+00","t","t","f","385.1","W. Va.","West Virginia Supreme Court","West Virginia Supreme Court","http://www.courtswv.gov/supreme-court/","1863-01-01",,"S","",
"texag",,,"",,"","2024-01-09 19:29:03.195289+00","t","t","f","368.6","Tex. Att'y Gen.","Texas Attorney General Reports","Texas Attorney General Reports","https://texasattorneygeneral.gov/",,,"SAG","",
"nyfamctotsego",,,"",,"","2024-01-10 17:14:41.192231+00","f","f","f","366.96612","N.Y. Fam. Ct., Otsego Cty.","Otsego Family Court","New York Family Court, Otsego County","",,,"ST","","nyfamct"
"nyfamctqueens",,,"",,"","2024-01-10 17:14:41.195408+00","f","f","f","366.96613","N.Y. Fam. Ct., Queens Cty.","Queens Family Court","New York Family Court, Queens County","",,,"ST","","nyfamct"
"nyfamctrenss",,,"",,"","2024-01-10 17:14:41.19805+00","f","f","f","366.96614","N.Y. Fam. Ct., Rensselaer Cty.","Rensselaer Family Court","New York Family Court, Rensselaer County","",,,"ST","","nyfamct"
"nyfamctrich",,,"",,"","2024-01-10 17:14:41.200856+00","f","f","f","366.96615","N.Y. Fam. Ct., Richmond Cty.","Richmond Family Court","New York Family Court, Richmond County","",,,"ST","","nyfamct"
"nyfamctrockl",,,"",,"","2024-01-10 17:14:41.203989+00","f","f","f","366.96616","N.Y. Fam. Ct., Rockland Cty.","Rockland Family Court","New York Family Court, Rockland County","",,,"ST","","nyfamct"
"nyfamctstl",,,"",,"","2024-01-10 17:14:41.206756+00","f","f","f","366.96617","N.Y. Fam. Ct., St. Lawrence Cty.","St. Lawrence Family Court","New York Family Court, St. Lawrence County","",,,"ST","","nyfamct"
"nyfamctsaratoga",,,"",,"","2024-01-10 17:14:41.209401+00","f","f","f","366.96618","N.Y. Fam. Ct., Saratoga Cty.","Saratoga Family Court","New York Family Court, Saratoga County","",,,"ST","","nyfamct"
"nyfamctschuyler",,,"",,"","2024-01-10 17:14:41.212241+00","f","f","f","366.96619","N.Y. Fam. Ct., Schuyler Cty.","Schuyler Family Court","New York Family Court, Schuyler County","",,,"ST","","nyfamct"
"nycountyctny",,,"",,"","2025-04-07 15:37:10.003639+00","f","f","f","366.965322175","N.Y. Cty. Ct., New York Cty.","New York County Court","New York County Court, New York County","",,,"ST","","nycountyct"
"bta",,"f","",,"","2020-01-17 17:36:23.52259+00","t","f","f","114.3","B.T.A.","Board of Tax Appeals","United States Board of Tax Appeals","","1924-01-01","1942-12-31","FS","United States Board of Tax Appeals was a precursor to the United States Tax Court.",
"cit","14",,"",,"","2019-02-06 19:45:24.399386+00","t","t","f","141","Ct. Intl. Trade","Court of International Trade","United States Court of International Trade","http://www.cit.uscourts.gov/",,,"FS","",
"usberlinct",,,"",,"","2023-10-03 01:23:43.533032+00","f","f","f","142","","United States Court of Berlin"," United States Court of Berlin","",,,"FS","","usdistct"
"iad",,"f","",,"","2023-10-03 01:23:44.156649+00","f","f","f","214.5","D. Iowa","D. Iowa","District Court, D. Iowa","",,"1882-07-20","FD","","usdistct"
"tneb","166","t","all",,"49","2020-07-28 06:10:08.100519+00","t","f","f","195","Bankr. E.D. Tenn.","E.D. Tennessee","United States Bankruptcy Court, E.D. Tennessee","http://www.tneb.uscourts.gov/",,,"FB","Lawbox",
"nmib","138","t","answer,appeal,court,motion,order",,"94","2020-07-28 06:15:10.294556+00","t","f","f","199.65","Bankr. N. Mar. I.","Northern Mariana Islands","United States Bankruptcy Court, Northern Mariana Islands","http://www.nmid.uscourts.gov/",,,"FB","Lawbox",
"prb","158","t","all",,"04","2020-07-28 06:15:15.606189+00","t","f","f","199.7","Bankr. D.P.R.","D. Puerto Rico","United States Bankruptcy Court, D. Puerto Rico","http://www.prb.uscourts.gov/",,,"FB","Lawbox",
"uscfc","15","t","all",,"","2024-01-09 19:20:03.553345+00","t","t","f","113.6","Fed. Cl.","Federal Claims","United States Court of Federal Claims","http://www.uscfc.uscourts.gov/","1982-04-02",,"FS","",
"nyfamctseneca",,,"",,"","2024-01-10 17:14:41.214846+00","f","f","f","366.966192","N.Y. Fam. Ct., Seneca Cty.","Seneca Family Court","New York Family Court, Seneca County","",,,"ST","","nyfamct"
"nyfamctsteuben",,,"",,"","2024-01-10 17:14:41.217336+00","f","f","f","366.966194","N.Y. Fam. Ct., Steuben Cty.","Steuben Family Court","New York Family Court, Steuben County","",,,"ST","","nyfamct"
"nyarbct",,,"",,"","2022-02-04 15:11:41.968757+00","f","f","f","366.96008","","Court Of Arbitration Of The Chamber Of Commerce Of New York","Court Of Arbitration Of The Chamber Of Commerce Of New York","",,,"SS","",
"fladepthrehabil",,,"",,"","2021-09-14 19:07:43.003901+00","f","f","f","355.0904","Fla. Dep't. of H. Rehabil. Serv.","Florida Department of Health and Rehabilitative Services","Florida Department of Health and Rehabilitative Services","",,,"SS","",
"nyfamctsuffolk",,,"",,"","2024-01-10 17:14:41.219817+00","f","f","f","366.966196","N.Y. Fam. Ct., Suffolk Cty.","Suffolk Family Court","New York Family Court, Suffolk County","",,,"ST","","nyfamct"
"dcb","44","t","all",,"90","2020-08-29 04:58:05.385916+00","t","f","f","160","Bankr. D.C.","District of Columbia","United States Bankruptcy Court, District of Columbia","http://www.dcb.uscourts.gov/",,,"FB","",
"nyfamcttompkins",,,"",,"","2024-01-10 17:14:41.222446+00","f","f","f","366.96621","N.Y. Fam. Ct., Tompkins Cty.","Tompkins Family Court","New York Family Court, Tompkins County","",,,"ST","","nyfamct"
"cadc","12","t","orders,opinions,judgments",,"0","2023-02-22 15:47:08.587174+00","t","t","t","112","D.C. Cir.","D.C. Circuit","Court of Appeals for the D.C. Circuit","http://www.cadc.uscourts.gov/","1893-02-09",,"F","",
"ca1","1","f","",,"1","2023-02-22 16:08:13.910202+00","t","t","t","101","1st Cir.","First Circuit","Court of Appeals for the First Circuit","http://www.ca1.uscourts.gov/","1891-03-03",,"F","",
"ca3","3","f","",,"3","2023-02-22 16:08:24.971997+00","t","t","t","103","3rd Cir.","Third Circuit","Court of Appeals for the Third Circuit","http://www.ca3.uscourts.gov/","1891-03-03",,"F","",
"ca5","5","f","",,"5","2023-02-22 16:08:36.484112+00","t","t","t","105","5th Cir.","Fifth Circuit","Court of Appeals for the Fifth Circuit","http://www.ca5.uscourts.gov/","1891-03-03",,"F","",
"ca7","7","f","",,"7","2023-02-22 16:09:08.102199+00","t","t","t","107","7th Cir.","Seventh Circuit","Court of Appeals for the Seventh Circuit","http://www.ca7.uscourts.gov/","1891-03-03",,"F","",
"ca8","8","f","",,"8","2023-02-22 16:09:17.894259+00","t","t","t","108","8th Cir.","Eighth Circuit","Court of Appeals for the Eighth Circuit","http://www.ca8.uscourts.gov/","1891-03-03",,"F","",
"ca9","9","f","",,"9","2023-02-22 16:09:25.712512+00","t","t","t","109","9th Cir.","Ninth Circuit","Court of Appeals for the Ninth Circuit","http://www.ca9.uscourts.gov/","1891-03-03",,"F","",
"nyfamctulster",,,"",,"","2024-01-10 17:14:41.225076+00","f","f","f","366.96622","N.Y. Fam. Ct., Ulster Cty.","Ulster Family Court","New York Family Court, Ulster County","",,,"ST","","nyfamct"
"nyfamctwarren",,,"",,"","2024-01-10 17:14:41.227646+00","f","f","f","366.96623","N.Y. Fam. Ct., Warren Cty.","Warren Family Court","New York Family Court, Warren County","",,,"ST","","nyfamct"
"nyfamctwashing",,,"",,"","2024-01-10 17:14:41.230423+00","f","f","f","366.96624","N.Y. Fam. Ct., Washington Cty.","Washington Family Court","New York Family Court, Washington County","",,,"ST","","nyfamct"
"nyfamctwayne",,,"",,"","2024-01-10 17:14:41.233151+00","f","f","f","366.96625","N.Y. Fam. Ct., Wayne Cty.","Wayne Family Court","New York Family Court, Wayne County","",,,"ST","","nyfamct"
"nycityctclinton",,,"",,"","2024-01-10 17:15:30.060632+00","f","f","f","366.9655065","N.Y. City Ct., Clinton","Clinton City Court","Clinton City Court, New York","",,,"ST","","nycityct"
"nycityctlittlef",,,"",,"","2024-01-10 17:15:30.065318+00","f","f","f","366.9655116","N.Y. City Ct., Little Falls","City Court Of Little Falls","City Court Of Little Falls, New York","",,,"ST","","nycityct"
"nylockpcityct",,,"",,"","2024-01-10 17:15:30.068301+00","f","f","f","366.9655118","N.Y. City Ct., Lockport","Lockport City Court","Lockport City Court, New York","",,,"ST","","nycityct"
"nycityctnorw",,,"",,"","2024-01-10 17:15:30.071337+00","f","f","f","366.96551517","N.Y. City Ct., Norwich","Norwich City Court","Norwich City Court, New York","",,,"ST","","nycityct"
"nycityctrenss",,,"",,"","2024-01-10 17:15:30.0743+00","f","f","f","366.96552055","N.Y. City Ct., Rensselaer","Rensselaer City Court","Rensselaer City Court, New York","",,,"ST","","nycityct"
"nycitycttomp",,,"",,"","2024-01-10 17:15:30.077516+00","f","f","f","366.9655235","N.Y. City Ct., Tompkins","Tompkins City Court","Tompkins City Court, New York","",,,"ST","","nycityct"
"nycivctbronx",,,"",,"","2024-01-10 17:15:55.552071+00","f","f","f","366.9671","Civ. Ct. NYC, Bronx Cty.","NYC Civil Court, Bronx","Civil Court Of The City Of New York, Bronx County","",,,"ST","","nycivct"
"nycivctkings",,,"",,"","2024-01-10 17:15:55.555511+00","f","f","f","366.96711","Civ. Ct. NYC, Kings Cty.","NYC Civil Court, Kings","Civil Court Of The City Of New York, Kings County","",,,"ST","","nycivct"
"nycivctny",,,"",,"","2024-01-10 17:15:55.558871+00","f","f","f","366.96712","Civ. Ct. NYC, NY Cty.","NYC Civil Court, New York","Civil Court Of The City Of New York, New York County","",,,"ST","","nycivct"
"nycivctqueens",,,"",,"","2024-01-10 17:15:55.563843+00","f","f","f","366.96713","Civ. Ct. NYC, Queens Cty.","NYC Civil Court, Queens","Civil Court Of The City Of New York, Queens County","",,,"ST","","nycivct"
"bap1",,,"",,"","2024-01-09 19:18:10.710009+00","t","t","f","150","1st Cir. BAP","First Circuit","Bankruptcy Appellate Panel of the First Circuit","http://www.bap1.uscourts.gov/",,,"FBP","Lawbox",
"nyjustctbellp",,,"",,"","2024-01-10 17:14:16.066654+00","f","f","f","366.965352035","Bellport Vill. Just. Ct.","Bellport Village Court","Justice Court of the Village of Bellport","",,,"ST","","nyjustct"
"nyjustctbethl",,,"",,"","2024-01-10 17:14:16.094574+00","f","f","f","366.965352045","Bethlehem Town Just. Ct.","Bethlehem Justice Court","Justice Court Of The Town Of Bethlehem","",,,"ST","","nyjustct"
"nyjustctcambria",,,"",,"","2024-01-10 17:14:16.097621+00","f","f","f","366.965352095","Cambria Town Just. Ct.","Cambria Town Court","Justice Court Of The Town Of Cambria","",,,"ST","","nyjustct"
"nyjustctclinton",,,"",,"","2024-01-10 17:14:16.100376+00","f","f","f","366.96535225","Clinton Town Just. Ct.","Clinton Town Court","Justice Court of the Town of Clinton","",,,"ST","","nyjustct"
"ca10","10","t","opinions",,"10","2023-02-22 15:46:10.79299+00","t","t","t","110","10th Cir.","Tenth Circuit","Court of Appeals for the Tenth Circuit","http://www.ca10.uscourts.gov/","1929-02-28",,"F","",
"nyjustctdeerp",,,"",,"","2024-01-10 17:14:16.103198+00","f","f","f","366.965353025","Deerpark Town Just. Ct.","Deerpark Town Court","Justice Court of the Town of Deerpark","",,,"ST","","nyjustct"
"nyjustctefishk",,,"",,"","2024-01-10 17:14:16.105824+00","f","f","f","366.965353075","East Fishkill Town Just. Ct.","East Fishkill Town Court","Justice Court Of The Town Of East Fishkill","",,,"ST","","nyjustct"
"nyjustctfarmi",,,"",,"","2024-01-10 17:14:16.10859+00","f","f","f","366.965353125","Farmingdale Vill. Just. Ct.","Farmingdale Village Court","Justice Court of the Village of Farmingdale","",,,"ST","","nyjustct"
"nyjustctgeneva",,,"",,"","2024-01-10 17:14:16.11219+00","f","f","f","366.96535435","Geneva Town Just. Ct.","Geneva Town Court","Justice Court of the Town of Geneva","",,,"ST","","nyjustct"
"jpml","850",,"",,"","2019-02-06 19:56:40.074229+00","t","f","f","451","J.P.M.L.","Judicial Panel on Multidistrict Litigation","United States Judicial Panel on Multidistrict Litigation","http://www.jpml.uscourts.gov/",,,"FS","Lawbox",
"waeb","194","t","all",,"80","2020-07-28 06:09:04.043178+00","t","f","f","197.5","Bankr. E.D. Wash.","E.D. Washington","United States Bankruptcy Court, E.D. Washington","http://www.waeb.uscourts.gov/",,,"FB","Lawbox",
"nyjustcthampt",,,"",,"","2024-01-10 17:14:16.115371+00","f","f","f","366.96535535","Hamptonburgh Town Just. Ct.","Hamptonburgh Town Court","Justice Court Of The Town Of Hamptonburgh","",,,"ST","","nyjustct"
"nyjustctmonte",,,"",,"","2024-01-10 17:14:16.118238+00","f","f","f","366.965364055","Montebello Vill. Just. Ct.","Montebello Village Court","Justice Court of Village of Montebello","",,,"ST","","nyjustct"
"nyjustctnewscot",,,"",,"","2024-01-10 17:14:16.120676+00","f","f","f","366.965364095","New Scotland Town Just. Ct.","New Scotland Town Court","Justice Court Of The Town Of New Scotland","",,,"ST","","nyjustct"
"nyjustctniska",,,"",,"","2024-01-10 17:14:16.123756+00","f","f","f","366.965364145","Niskayuna Town Just. Ct.","Niskayuna Town Court","Justice Court of the Town of Niskayuna","",,,"ST","","nyjustct"
"nyjustctnorthp",,,"",,"","2024-01-10 17:14:16.126455+00","f","f","f","366.965364175","Northport Vill. Just. Ct.","Northport Village Court","Justice Court of the Village of Northport","",,,"ST","","nyjustct"
"nyjustctoysterb",,,"",,"","2024-01-10 17:14:16.129056+00","f","f","f","366.965364262","Oyster Bay Cove Vill. Just. Ct.","Oyster Bay Cove Village Court","Justice Court Of The Village Of Oyster Bay Cove","",,,"ST","","nyjustct"
"nyjustctparma",,,"",,"","2024-01-10 17:14:16.131531+00","f","f","f","366.965364264","Parma Vill. Just. Ct.","Parma Village Court","Justice Court of Village of Parma","",,,"ST","","nyjustct"
"mieb","96","t","all",,"45","2020-07-28 06:12:21.348952+00","t","f","f","189.1","Bankr. E.D. Mich.","E.D. Michigan","United States Bankruptcy Court, E.D. Michigan","http://www.mieb.uscourts.gov/",,,"FB","Lawbox",
"nysb","126","t","all",,"08","2020-07-28 06:13:10.948292+00","t","f","f","190.1","Bankr. S.D.N.Y.","S.D. New York","United States Bankruptcy Court, S.D. New York","http://www.nysb.uscourts.gov/",,,"FB","Lawbox",
"meb","90","t","answer",,"00","2020-07-28 06:14:08.887744+00","t","f","f","188.2","Bankr. D. Me.","D. Maine","United States Bankruptcy Court, D. Maine","http://www.meb.uscourts.gov/",,,"FB","Lawbox",
"nyjustctpendl",,,"",,"","2024-01-10 17:14:16.134273+00","f","f","f","366.965364266","Pendleton Town Just. Ct.","Pendleton Town Court","Justice Court of Town of Pendleton","",,,"ST","","nyjustct"
"ncmb","132","t","all",,"18","2020-07-28 06:14:10.723974+00","t","f","f","190.4","Bankr. M.D.N.C.","M.D. North Carolina","United States Bankruptcy Court, M.D. North Carolina","http://www.ncmb.uscourts.gov/",,,"FB","Lawbox",
"txwb","180","t","all",,"42","2020-07-28 06:14:11.316749+00","t","f","f","196.3","Bankr. W.D. Tex.","W.D. Texas","United States Bankruptcy Court, W.D. Texas","http://www.txwb.uscourts.gov/",,,"FB","Lawbox",
"laeb","84","t","answer,appeal,court,misc,motion,order",,"3L","2020-07-28 06:15:10.924235+00","t","f","f","187.9","Bankr. E.D. La.","E.D. Louisiana","United States Bankruptcy Court, E.D. Louisiana","http://www.laeb.uscourts.gov/",,,"FB","Lawbox",
"nyjustctpierm",,,"",,"","2024-01-10 17:14:16.137007+00","f","f","f","366.965364285","Piermont Vill. Just. Ct.","Piermont Village Court","Justice Court of the Village of Piermont","",,,"ST","","nyjustct"
"lawb","88","t","all",,"36","2020-07-28 06:15:13.949326+00","t","f","f","188.1","Bankr. W.D. La.","W.D. Louisiana","United States Bankruptcy Court, W.D. Louisiana","http://www.lawb.uscourts.gov/",,,"FB","Lawbox",
"txnb","176","t","all",,"39","2020-07-28 06:15:16.789647+00","t","f","f","196.2","Bankr. N.D. Tex.","N.D. Texas","United States Bankruptcy Court, N.D. Texas","http://www.txnb.uscourts.gov/",,,"FB","Lawbox",
"nyjustctportwa",,,"",,"","2024-01-10 17:14:16.13987+00","f","f","f","366.965364315","Port Washington Vill. Just. Ct.","Port Washington Village Court","Justice Court of Village of Port Washington","",,,"ST","","nyjustct"
"alsb","20","t","all",,"28","2020-07-28 06:14:10.737373+00","t","f","f","156.5","Bankr. S.D. Ala.","S.D. Alabama","United States Bankruptcy Court, S.D. Alabama","http://www.alsb.uscourts.gov/",,,"FB","Lawbox",
"jaxcivservbd",,,"",,"","2021-09-14 19:10:34.399756+00","f","f","f","355.0905","Jax. Civ. Serv. Bd.","Jacksonville Civil Service Board","Jacksonville Civil Service Board","",,,"SS","",
"gub","58","t","all",,"93","2020-07-28 06:15:10.328275+00","t","f","f","199.6","Bankr. D. Guam","D. Guam","United States Bankruptcy Court, D. Guam","https://en.wikipedia.org/wiki/District_Court_of_Guam",,,"FB","Lawbox",
"wyb","206","t","all",,"89","2020-07-28 06:15:10.498569+00","t","f","f","199.5","Bankr. D. Wyo.","D. Wyoming","United States Bankruptcy Court, D. Wyoming","http://www.wyb.uscourts.gov/",,,"FB","Lawbox",
"arwb","28","t","all",,"61","2020-07-28 06:15:10.545187+00","t","f","f","157.3","Bankr. W.D. Ark.","W.D. Arkansas","United States Bankruptcy Court, W.D. Arkansas","http://www.arb.uscourts.gov/",,,"FB","Lawbox",
"oknb","146","t","answer,appeal,court,motion,order,misc",,"85","2020-07-28 06:15:10.551167+00","t","f","f","192.2","Bankr. N.D. Okla","N.D. Oklahoma","United States Bankruptcy Court, N.D. Oklahoma","http://www.oknb.uscourts.gov/",,,"FB","Lawbox",
"ca11","11","t","opinions",,"11","2023-02-22 15:46:38.578459+00","t","t","t","111","11th Cir.","Eleventh Circuit","Court of Appeals for the Eleventh Circuit","http://www.ca11.uscourts.gov/","1980-10-14",,"F","",
"nyjustctsomers",,,"",,"","2024-01-10 17:14:16.142854+00","f","f","f","366.965364445","Somers Town Just. Ct.","Somers Town Court","Justice Court of the Town of Somers","",,,"ST","","nyjustct"
"nyjustctstuyv",,,"",,"","2024-01-10 17:14:16.145389+00","f","f","f","366.965364485","Stuyvesant Town Just. Ct., Columbia Cty.","Stuyvesant Town Court","Justice Court Of The Town Of Stuyvesant, Columbia County","",,,"ST","","nyjustct"
"nyjustcttarryt",,,"",,"","2024-01-10 17:14:16.147995+00","f","f","f","366.9653653","Tarrytown Town Just. Ct.","Tarrytown Town Court","Justice Court of The Town Of Tarrytown","",,,"ST","","nyjustct"
"nyjustcttuxedo",,,"",,"","2024-01-10 17:14:16.15177+00","f","f","f","366.9653663","Tuxedo Vill. Just. Ct.","Tuxedo Justice Court","Justice Court of the Village of Tuxedo","",,,"ST","","nyjustct"
"nyjustctwells",,,"",,"","2024-01-10 17:14:16.154787+00","f","f","f","366.9653695","Wells Town Just. Ct.","Wells Town Court","Justice Court of Town of Wells","",,,"ST","","nyjustct"
"vib","192","t","answer,appeal,motion,order",,"91","2020-07-28 06:15:10.561409+00","t","f","f","199.8","Bankr. D.V.I.","D. Virgin Islands","United States Bankruptcy Court, D. Virgin Islands","http://www.vid.uscourts.gov/",,,"FB","Lawbox",
"delch",,,"",,"","2024-01-09 19:18:53.189128+00","t","t","f","353","Del. Ch.","Court of Chancery of Delaware","Court of Chancery of Delaware","http://courts.delaware.gov/chancery/",,,"SA","Lawbox",
"msnb","102","t","answer,appeal,court,motion,order",,"37","2020-07-28 06:15:10.770264+00","t","f","f","189.34","Bankr. N.D. Miss.","N.D. Mississippi","United States Bankruptcy Court, N.D. Mississippi","http://www.msnb.uscourts.gov/",,,"FB","Lawbox",
"wieb","202","t","answer,appeal,court,misc,motion,order,trustee",,"57","2020-07-28 06:15:14.675732+00","t","f","f","199","Bankr. E.D. Wis.","E.D. Wisconsin","United States Bankruptcy Court, E.D. Wisconsin","http://www.wieb.uscourts.gov/",,,"FB","Lawbox",
"cacb","973","t","answer,appeal,cmp,court,motion,misc,nef,notice,order",,"73","2020-07-28 06:15:24.925495+00","t","f","f","158","Bankr. C.D. Cal.","C.D. California","United States Bankruptcy Court, C.D. California","http://www.cacb.uscourts.gov/",,,"FB","Lawbox

The pacer_case_id appears to be correct.",
"fladeptenvreg",,,"",,"","2021-09-14 19:12:33.680493+00","f","f","f","355.0906","Fla. Dep't. Env. Reg.","State of Florida Department of Environmental Regulation","State of Florida Department of Environmental Regulation","",,,"SS","",
"okeb","144","t","answer,appeal,court,motion,order,trustee",,"86","2021-04-30 14:04:02.18886+00","t","f","f","191","Bankr. E.D. Okla.","E.D. Oklahoma","United States Bankruptcy Court, E.D. Oklahoma","http://www.okeb.uscourts.gov/",,,"FB","Lawbox",
"fladeptrev",,,"",,"","2021-09-14 19:13:05.046204+00","f","f","f","355.0907","Fla. Dep't Rev.","State of Florida Department of Revenue","State of Florida Department of Revenue","",,,"SS","",
"fladivadminhrg",,,"",,"","2021-09-14 19:13:33.254292+00","f","f","f","355.0908","Fla. Div. Admin. Hr'g","State of Florida Division of Administrative Hearings","State of Florida Division of Administrative Hearings","",,,"SS","",
"nyfamctoswego",,,"",,"","2024-01-10 17:14:41.189434+00","f","f","f","366.96611","N.Y. Fam. Ct., Oswego Cty.","Oswego Family Court","New York Family Court, Oswego County","",,,"ST","","nyfamct"
"nymarct",,,"",,"","2022-02-04 15:13:49.686362+00","f","f","f","366.9601","","New York Marine Court","New York Marine Court","","1807-01-01","1883-12-31","SS","",
"nyfamctyates",,,"",,"","2024-01-10 17:14:41.235591+00","f","f","f","366.9664","N.Y. Fam. Ct., Yates Cty.","Yates Family Court","New York Family Court, Yates County","",,,"ST","","nyfamct"
"nysurctalbany",,,"",,"","2024-01-10 17:14:59.668409+00","f","f","f","366.966501","N.Y. Surr. Ct., Albany Cty.","Albany Surrogate's Court","Surrogate's Court, Albany County","",,,"ST","","nysurct"
"nysurctjefferso",,,"",,"","2024-01-10 17:14:59.704207+00","f","f","f","366.966513","N.Y. Surr. Ct., Jefferson Cty.","Jefferson Surrogate's Court","Surrogate's Court, Jefferson County","",,,"ST","","nysurct"
"cherokeetribct",,,"",,"","2022-12-13 22:30:28.979646+00","t","f","f","611.4","","Cherokee Indian Trib. Ct.","Cherokee Indian Tribal Court","",,,"TRT","",
"nycirct",,,"",,"","2022-02-04 15:15:18.337479+00","f","f","f","366.962011","","New York Circuit Court","New York Circuit Court","","1821-01-01","1846-12-31","ST","",
"txctapp9",,,"",,"","2023-10-03 01:24:08.591115+00","f","t","f","368.7018","Tex. App.-Beaumont","Tex. App. Ct., 9th Dist. (Beaumont)","Texas Court of Appeals, 9th District (Beaumont)","http://www.txcourts.gov/9thcoa.aspx",,,"SA","","texapp"
"txctapp10",,,"",,"","2023-10-03 01:24:08.607218+00","f","t","f","368.7019","Tex. App.-Waco","Tex. App. Ct., 10th Dist. (Waco)","Texas Court of Appeals, 10th District (Waco)","http://www.txcourts.gov/10thcoa.aspx",,,"SA","","texapp"
"txctapp11",,,"",,"","2023-10-03 01:24:08.623281+00","f","t","f","368.702","Tex. App.-Eastland","Tex. App. Ct., 11th Dist. (Eastland)","Texas Court of Appeals, 11th District (Eastland)","http://www.txcourts.gov/11thcoa.aspx",,,"SA","","texapp"
"txctapp12",,,"",,"","2023-10-03 01:24:08.632921+00","f","t","f","368.7021","Tex. App.-Tyler","Tex. App. Ct., 12th Dist. (Tyler)","Texas Court of Appeals, 12th District (Tyler)","http://www.txcourts.gov/12thcoa.aspx",,,"SA","","texapp"
"txctapp14",,,"",,"","2023-10-03 01:24:08.679294+00","f","t","f","368.7023","Tex. App.-Houston [14th Dist.]","Tex. App. Ct., 14th Dist. (Houston)","Texas Court of Appeals, 14th District (Houston)","http://www.txcourts.gov/14thcoa.aspx",,,"SA","","texapp"
"nysessct",,,"",,"","2022-02-04 15:15:18.394091+00","f","f","f","366.96202","","New York Court of Sessions","New York Court of Sessions","","1684-01-01","1688-12-31","ST","",
"txctapp13",,,"",,"","2026-02-19 20:42:46.103204+00","f","t","f","368.7022","Tex. App.-Edinburg-Corpus Christi","Tex. App. Ct., 13th Dist.","Texas Court of Appeals, 13th District","https://www.txcourts.gov/13thcoa/",,,"SA","","texapp"
"txctapp15",,,"",,"","2026-02-19 20:42:46.376886+00","f","t","f","368.7024","Tex. App.-Houston [15th Dist.]","Tex. App. Ct., 15th Dist.","Texas Court of Appeals, 15th District","https://www.txcourts.gov/15thcoa/",,,"SA","","texapp"
"oklacoj",,,"",,"","2021-09-15 13:59:16.502593+00","t","f","f","366.9998","Okla. Ct. Jud.","Court on the Judiciary of Oklahoma","Court on the Judiciary of Oklahoma","http://en.wikipedia.org/wiki/Oklahoma_Court_on_the_Judiciary",,,"SS","Lawbox",
"lamb","86","t","all",,"3N","2021-11-16 15:26:11.471003+00","t","f","f","188","Bankr. M.D. La.","M.D. Louisiana","United States Bankruptcy Court, M.D. Louisiana","http://www.lamb.uscourts.gov/",,,"FB","Lawbox",
"nyspecsessct",,,"",,"","2022-02-04 15:15:18.456894+00","f","f","f","366.963","","New York Court of Special Session","New York Court of Special Session","","1732-01-01","1962-08-31","ST","",
"stp",,,"",,"","2023-10-02 15:51:40.895556+00","f","f","f","452","Spec. Trib. of Pa.","Special Tribunals of Pennsylvania","United States Special Tribunals of Pennsylvania","",,,"SS","Lawbox",
"akd","23","t","all",,"7-","2023-10-03 01:23:43.655246+00","t","f","f","202.5","D. Alaska","D. Alaska","District Court, D. Alaska","http://www.akd.uscourts.gov/",,,"FD","Lawbox","usdistct"
"kyctapp",,,"",,"","2024-01-09 19:20:49.292697+00","t","t","f","362.3","Ky. Ct. App.","Court of Appeals of Kentucky","Court of Appeals of Kentucky","http://courts.ky.gov/courts/coa/Pages/coa.aspx","1976-01-01",,"SA","Lawbox",
"bia",,,"",,"","2021-12-31 00:47:13.317083+00","t","t","f","114.5","BIA","Board of Immigration Appeals","Board of Immigration Appeals","https://www.justice.gov/eoir/ag-bia-decisions",,,"FS","",
"delorphct",,,"",,"","2022-01-02 17:31:36.518577+00","t","f","f","353.1","","Delaware Orphan's Court","Orphan's Court of Delaware","","1683-01-01","1970-12-31","SA","https://archives.delaware.gov/delaware-agency-histories/orphans-court/",
"texapp",,,"",,"","2025-12-11 18:14:00.191125+00","t","f","f","368.2","Tex. App.","Court of Appeals of Texas","Court of Appeals of Texas","http://www.courts.state.tx.us/courts/coa.asp","1891-01-01",,"SA","Lawbox",
"nyctcompl",,,"",,"","2022-01-10 17:55:59.131704+00","f","f","f","366.96761","","New York Court of Common Pleas","New York Court of Common Pleas","","1686-01-01","1895-12-31","ST","",
"superctny",,,"",,"","2022-01-10 17:57:11.384899+00","f","f","f","366.96762","","Superior Court of New York","The Superior Court of the City of New York and Buffalo","","1828-01-01","1894-12-31","ST","",
"nycountyct",,,"",,"","2025-04-07 14:26:22.75203+00","t","t","f","366.9653","","New York County Courts","New York County Courts","https://www.nycourts.gov/courts/cts-outside-nyc-COUNTY.shtml",,,"ST","",
"nyoytermct",,,"",,"","2022-01-10 17:59:53.406375+00","f","f","f","366.961","","Court Of Oyer And Terminer New York","Court Of Oyer And Terminer New York","","1788-01-01","1895-12-31","SA","",
"olc",,,"",,"","2025-07-25 14:34:47.437701+00","t","t","f","114.52","OLC","Office of Legal Counsel","Department of Justice Office of Legal Counsel","https://www.justice.gov/olc",,,"FS","","ag"
"masslandct",,,"",,"","2025-08-22 20:06:45.169814+00","t","f","f","364.3","","Massachusetts Land Court","Massachusetts Land Court","",,,"SS","",
"nychanct",,,"",,"","2022-01-10 21:16:25.562767+00","f","f","f","366.962","","New York Court of Chancery","New York Court of Chancery","","1701-01-01","1847-12-31","S","",
"calsuperct",,,"",,"","2022-01-11 21:35:45.909718+00","f","f","f","350.6","Cal. Super. Ct.","California Superior Court","California Superior Court","",,,"ST","",
"nycityct",,,"",,"","2024-01-09 19:23:40.981263+00","f","t","f","366.9655","","New York City Court","New York City Court","",,,"ST","",
"txctapp2",,,"",,"","2023-10-03 01:24:08.459521+00","f","t","f","368.7011","Tex. App.-Fort Worth","Tex. App. Ct., 2nd Dist. (Fort Worth)","Texas Court of Appeals, 2nd District (Fort Worth)","http://www.txcourts.gov/2ndcoa.aspx",,,"SA","","texapp"
"caldistct",,,"",,"","2022-01-19 22:00:43.050129+00","f","f","f","350.84","Cal. Dist. Ct.","Cal. District Court","California District Court","","1849-01-01","1879-12-31","ST","",
"nydistct",,,"",,"","2024-01-09 19:26:06.469772+00","t","t","f","366.965347","","New York District Court","New York District Court","","1937-01-01",,"ST","",
"nyclaimsct",,,"",,"","2024-01-09 19:27:00.85306+00","f","t","f","366.96752","","New York State Court of Claims","New York Court of Claims","","1817-01-01",,"SS","",
"nycivctrichm",,,"",,"","2024-01-10 17:15:55.566798+00","f","f","f","366.96714","Civ. Ct. NYC, Richmond Cty.","NYC Civil Court, Richmond","Civil Court Of The City Of New York, Richmond County","",,,"ST","","nycivct"
"txctapp3",,,"",,"","2023-10-03 01:24:08.479167+00","f","t","f","368.7012","Tex. App.-Austin","Tex. App. Ct., 3rd Dist. (Austin)","Texas Court of Appeals, 3rd District (Austin)","http://www.txcourts.gov/3rdcoa.aspx",,,"SA","","texapp"
"txctapp4",,,"",,"","2023-10-03 01:24:08.497287+00","f","t","f","368.7013","Tex. App.-San Antonio","Tex. App. Ct., 4th Dist. (San Antonio)","Texas Court of Appeals, 4th District (San Antonio)","http://www.txcourts.gov/4thcoa.aspx",,,"SA","","texapp"
"txctapp5",,,"",,"","2023-10-03 01:24:08.519152+00","f","t","f","368.7014","Tex. App.-Dallas","Tex. App. Ct., 5th Dist. (Dallas)","Texas Court of Appeals, 5th District (Dallas)","http://www.txcourts.gov/5thcoa.aspx",,,"SA","","texapp"
"txctapp6",,,"",,"","2023-10-03 01:24:08.541399+00","f","t","f","368.7015","Tex. App.-Texarkana","Tex. App. Ct., 6th Dist. (Texarkana)","Texas Court of Appeals, 6th District (Texarkana)","http://www.txcourts.gov/6thcoa.aspx",,,"SA","","texapp"
"txctapp7",,,"",,"","2023-10-03 01:24:08.559136+00","f","t","f","368.7016","Tex. App.-Amarillo","Tex. App. Ct., 7th Dist. (Amarillo)","Texas Court of Appeals, 7th District (Amarillo)","http://www.txcourts.gov/7thcoa.aspx",,,"SA","","texapp"
"txctapp8",,,"",,"","2023-10-03 01:24:08.575244+00","f","t","f","368.7017","Tex. App.-El Paso","Tex. App. Ct., 8th Dist. (El Paso)","Texas Court of Appeals, 8th District (El Paso)","http://www.txcourts.gov/8thcoa.aspx",,,"SA","","texapp"
"njb","118","t","answer,appeal,court,motion,order,misc,plan",,"12","2022-01-25 16:04:50.924233+00","t","f","f","189.8","Bankr. D.N.J.","D. New Jersey","United States Bankruptcy Court, D. New Jersey","http://www.njb.uscourts.gov/",,,"FB","Lawbox",
"bva",,,"",,"","2024-02-01 14:28:07.431755+00","t","f","f","115.1","Board of Vet. App.","Board of Veterans' Appeals","Board of Veterans' Appeals","http://www.index.va.gov/search/va/bva_search.jsp",,,"FS","",
"sfdistct",,,"",,"","2023-10-03 01:23:48.516383+00","f","f","f","350.841","","San Fran. Dist Ct","San Fransisco District Court","","1849-01-01","1879-12-31","ST","","caldistct"
"montereydistct",,,"",,"","2023-10-03 01:23:48.531254+00","f","f","f","350.842","","Monterey District Court","Monterey District Court","","1849-01-01","1879-12-31","ST","","caldistct"
"njtaxct",,,"",,"","2024-01-09 19:22:22.125892+00","t","t","f","366.7","N.J. Tax Ct.","New Jersey Tax Court","New Jersey Tax Court","http://www.judiciary.state.nj.us/taxcourt/‎",,,"SS","Lawbox",
"orctapp",,,"",,"","2024-01-09 19:28:13.359497+00","t","t","f","367.1","Or. Ct. App.","Court of Appeals of Oregon","Court of Appeals of Oregon","http://courts.oregon.gov/COA/","1969-07-01",,"SA","Lawbox",
"usdistct",,,"",,"","2025-04-03 21:18:35.037177+00","f","f","f","200","","U.S. District Court","United States District Court","","1789-01-01",,"FD","",
"superctsc",,,"",,"","2022-02-17 13:58:44.03738+00","f","f","f","367.45","Super. Ct. S.C.","Superior Court of South Carolina","Superior Court of South Carolina","",,,"ST","",
"nyrecctnewburgh",,,"",,"","2022-02-04 15:17:29.158866+00","f","f","f","366.96772","","Newburgh Recorder's Court","Newburgh Recorder's Court","",,,"ST","",
"pactcompl",,,"",,"","2022-02-04 15:17:29.17209+00","f","f","f","367.271","","Pennsylvania Court of Common Pleas","Pennsylvania Court of Common Pleas","",,,"ST","",
"pennctqtrsess",,,"",,"","2022-02-04 15:17:29.186302+00","f","f","f","367.273","","Pennsylvania Court of Quarter Sessions","Pennsylvania Court of Quarter Sessions","",,,"SS","",
"vagensess",,,"",,"","2022-02-04 15:18:06.721502+00","f","f","f","369.405","","General Court of Virginia","General Court of Virginia","",,,"SS","",
"caluneinsappbd",,,"",,"","2022-03-17 20:00:00.555401+00","f","f","f","350.891","Cal. Unemp. Ins. App. Bd.","Cal. Unemp. Ins. App. Bd.","California Unemployment Insurance Appeals Board","https://cuiab.ca.gov",,,"SS","",
"calofcadmhrg",,,"",,"","2022-03-17 20:00:45.437636+00","f","f","f","350.892","Cal. Ofc. of Admin. Hrg.","Cal. Ofc. of Admin. Hrg.","California Office of Administrative Hearings","https://www.dgs.ca.gov/OAH",,,"SS","",
"dc",,,"",,"","2022-03-18 16:51:43.369475+00","t","t","f","353.6","D.C.","District of Columbia Court of Appeals","District of Columbia Court of Appeals","http://www.dccourts.gov/internet/appellate/main.jsf",,,"S","Lawbox",
"ohioctcompl",,,"",,"","2023-10-02 15:36:39.673215+00","f","f","f","366.9984","","Court of Common Pleas of Ohio","Court Of Common Pleas Of Ohio","","1787-01-01",,"ST","",
"paoytermct",,,"",,"","2023-10-02 15:46:26.454616+00","f","f","f","367.272","","Pennsylvania Court of Oyer and Terminer","Pennsylvania Court of Oyer and Terminer","",,,"ST","",
"mssd","105","t","all",,"38","2023-10-03 01:23:44.396008+00","t","f","f","241.15","S.D. Miss.","S.D. Mississippi","District Court, S.D. Mississippi","http://www.mssd.uscourts.gov/",,,"FD","Lawbox","usdistct"
"scctapp",,,"",,"","2024-01-09 19:28:41.626989+00","t","t","f","367.41","S.C. Ct. App.","Court of Appeals of South Carolina","Court of Appeals of South Carolina","http://www.judicial.state.sc.us/appeals/","1983-01-01",,"SA","Lawbox",
"nyctassizes",,,"",,"","2022-02-09 20:59:05.537033+00","f","f","f","366.960004","N.Y. Ct. Assizes","New York Court of Assizes","New York Court of Assizes","",,,"SS","",
"nyjudct",,,"",,"","2022-02-09 20:59:05.548582+00","f","f","f","366.960006","N.Y. Ct. Jud.","New York Court on the Judiciary","New York Court on the Judiciary","",,,"SS","",
"nyexecchamber",,,"",,"","2022-02-09 20:59:05.565455+00","f","f","f","366.960092","N.Y. Exec. Chmbr.","New York Executive Chamber","New York Executive Chamber","",,,"SS","",
"uscirct",,,"",,"","2025-04-03 21:19:02.711884+00","f","f","f","300","U.S. Cir. Ct.","U.S. Circuit Court","United States Circuit Court","","1789-01-01","1911-12-31","F","",
"nymagct",,,"",,"","2022-02-10 15:42:13.881154+00","f","f","f","366.9676108","N.Y. Mag. Ct.","New York Magistrate Court","New York Magistrate Court","",,,"ST","",
"nystateassembly",,"f","",,"","2022-02-13 19:33:01.306391+00","f","f","f","366.960091","N.Y.S. Assy.","New York State Assembly","New York State Assembly","",,,"SS","",
"circtmdal",,,"",,"","2023-10-03 01:23:45.303243+00","f","f","f","300.005","","U.S. Circuit Court for the District of Middle Alabama","U.S. Circuit Court for the District of Middle Alabama","","1839-01-01","1911-12-31","F","","uscirct"
"circtsdal",,,"",,"","2023-10-03 01:23:45.332817+00","f","f","f","300.015","","U.S. Circuit Court for the District of Southern Alabama","U.S. Circuit Court for the District of Southern Alabama","","1837-01-01","1911-12-31","F","","uscirct"
"circtdar",,,"",,"","2023-10-03 01:23:45.341959+00","f","f","f","300.02","","U.S. Circuit Court for the District of Arkansas","U.S. Circuit Court for the District of Arkansas","","1837-01-01","1851-12-31","F","","uscirct"
"circtedar",,,"",,"","2023-10-03 01:23:45.352092+00","f","f","f","300.025","","U.S. Circuit Court for the District of Eastern Arkansas","U.S. Circuit Court for the District of Eastern Arkansas","","1851-01-01","1911-12-31","F","","uscirct"
"circtdct",,,"",,"","2023-10-03 01:23:45.45006+00","f","f","f","300.06","","U.S. Circuit Court for the District of Connecticut","U.S. Circuit Court for the District of Connecticut","","1789-01-01","1911-12-31","F","","uscirct"
"circtdga",,,"",,"","2023-10-03 01:23:45.462295+00","f","f","f","300.07","","U.S. Circuit Court for the District of Georgia","U.S. Circuit Court for the District of Georgia","","1789-01-01","1848-12-31","F","","uscirct"
"circtndga",,,"",,"","2023-10-03 01:23:45.468525+00","f","f","f","300.075","","U.S. Circuit Court for the Northern District of Georgia","U.S. Circuit Court for the Northern District of Georgia","","1848-01-01","1911-12-31","F","","uscirct"
"tennessed",,,"",,"","2023-10-03 01:23:44.948186+00","t","f","f","249.9","D. Tenn.","D. Tennessee","District Court, D. Tennessee","http://www.uscourts.gov/","1797-01-31","1839-06-18","FD","Lawbox","usdistct"
"circttenn",,,"",,"","2023-10-03 01:23:44.962106+00","f","f","f","300.41","Cir. Ct. Tenn.","Circuit Court of Tennessee","U.S. Circuit Court for the District of Tennessee","http://www.fjc.gov/history/home.nsf/page/courts_circuit_tn.html","1807-02-24","1912-01-01","F","","uscirct"
"texd",,,"",,"","2023-10-03 01:23:44.97804+00","f","f","f","249.95","D. Tex.","D. Texas","District Court, D. Texas","","1845-12-29","1857-02-21","FD","https://en.wikipedia.org/wiki/List_of_former_United_States_district_courts","usdistct"
"txed","175","t","all",,"40","2023-10-03 01:23:44.999288+00","t","f","f","250","E.D. Tex.","E.D. Texas","District Court, E.D. Texas","http://www.txed.uscourts.gov/",,,"FD","Lawbox","usdistct"
"circtdil",,,"",,"","2023-10-03 01:23:45.508333+00","f","f","f","300.09","","U.S. Circuit Court for the District of Illinois","U.S. Circuit Court for the District of Illinois","","1837-01-01","1855-12-31","F","","uscirct"
"circtdin",,,"",,"","2023-10-03 01:23:45.538278+00","f","f","f","300.11","","U.S. Circuit Court for the District of Indiana","U.S. Circuit Court for the District of Indiana","","1837-01-01","1911-12-31","F","","uscirct"
"circtdedenton",,,"",,"","2023-10-03 01:23:45.988966+00","f","f","f","300.3","","U.S. Circuit Court District of Edenton (North Carolina)","U.S. Circuit Court District of Edenton (North Carolina)","","1794-01-01","1797-12-31","F","","uscirct"
"circtdnewbern",,,"",,"","2023-10-03 01:23:46.001058+00","f","f","f","300.305","","U.S. Circuit Court District of New Bern (North Carolina)","U.S. Circuit Court District of New Bern (North Carolina)","","1794-01-01","1797-12-31","F","","uscirct"
"circtdwilm",,,"",,"","2023-10-03 01:23:46.009848+00","f","f","f","300.31","","U.S. Circuit Court District of Wilmington (North Carolina)","U.S. Circuit Court District of Wilmington (North Carolina)","","1794-01-01","1797-12-31","F","","uscirct"
"circtdalb",,,"",,"","2023-10-03 01:23:46.023412+00","f","f","f","300.315","","U.S. Circuit Court District of Albemarle (North Carolina)","U.S. Circuit Court District of Albemarle (North Carolina)","","1801-01-01","1872-12-31","F","","uscirct"
"circtdpamptico",,,"",,"","2023-10-03 01:23:46.029602+00","f","f","f","300.32","","U.S. Circuit Court District of Pamptico (North Carolina)","U.S. Circuit Court District of Pamptico (North Carolina)","","1801-01-01","1872-12-31","F","","uscirct"
"nyjustctcheekto",,,"",,"","2023-10-03 01:23:56.339137+00","f","f","f","366.96535216","Cheektowaga Just. Ct.","Cheektowaga Justice Court","Cheektowaga Justice Court","",,,"ST","","nyjustct"
"nyjustctchenang",,,"",,"","2023-10-03 01:23:56.352683+00","f","f","f","366.96535217","Chenango Just. Ct.","Chenango Justice Court","Chenango Justice Court","",,,"ST","","nyjustct"
"calsuppctiny",,,"",,"","2023-10-03 01:23:46.863227+00","f","f","f","350.614","Cal. Supp. Ct. (Inyo)","California Superior Court, Inyo County","Superior Court of California, County of Inyo","http://www.inyocourt.ca.gov/",,,"ST","Created as part of importation of California Judges Data Set.","calsuperct"
"nyjustct",,,"",,"","2024-01-10 17:18:17.316346+00","t","t","f","366.96535","","New York Town and Village Courts","New York Justice Court","","1790-01-01",,"ST","",
"afcca",,,"",,"","2023-10-02 15:46:25.830669+00","t","t","f","113.05","A.F.C.C.A.","Air Force Court of Criminal Appeals","United States Air Force Court of Criminal Appeals","http://afcca.law.af.mil/",,,"MA","",
"acca",,,"",,"","2023-10-02 15:46:25.852019+00","t","t","f","113.3","A.C.C.A.","Army Court of Criminal Appeals","Army Court of Criminal Appeals","https://www.jagcnet.army.mil/ACCA",,,"MA","",
"mc",,,"",,"","2023-10-02 15:46:25.868966+00","t","f","f","114.99","M.C.","Military Commission Review","United States Court of Military Commission Review","http://www.mc.mil/cases/USCourtofMilitaryCommissionReview.aspx",,,"MA","Lawbox",
"nmcca",,,"",,"","2023-10-02 15:46:25.874378+00","t","t","f","114.996","N.M.C.C.A.","Navy-Marine Corps Court of Criminal Appeals","Navy-Marine Corps Court of Criminal Appeals","http://www.jag.navy.mil/",,,"MA","",
"vacorpct",,,"",,"","2023-10-02 15:36:39.690653+00","f","f","f","369.85","","Virginia Corporation Court","Virginia Coporation Court","",,,"ST","Created as part of import of Case.Law data.",
"caca",,,"",,"","2023-10-03 01:23:43.775207+00","f","f","f","205.3","C. Cal.","California Circuit","Circuit Court for California","http://www.fjc.gov/history/home.nsf/page/landmark_07.html","1804-10-01","1812-04-30","F","","uscirct"
"vachanct",,,"",,"","2023-10-02 15:36:39.685477+00","f","f","f","369.6","","Virginia Chancery Court","Virginia Chancery Court","","1802-01-01",,"ST","",
"flajudct",,,"",,"","2021-09-01 21:54:53.115+00","f","f","f","355.05","Fla. J. Ct.","Florida Judge's Courts","Florida Judge's Courts","",,"1972-12-31","ST","Created as part of import of Case.Law data.",
"flasmclct",,,"",,"","2021-09-01 21:54:53.115+00","f","f","f","355.06","Fla. Sm. Cl. Ct.","Florida Small Claims Courts","Florida Small Claims Courts","",,"1972-12-31","ST","Created as part of import of Case.Law data.",
"circtdal",,,"",,"","2023-10-03 01:23:45.291411+00","f","f","f","300.001","","U.S. Circuit Court for the District of Alabama","U.S. Circuit Court for the District of Alabama","","1873-01-01","1874-12-31","F","","uscirct"
"circtndal",,,"",,"","2023-10-03 01:23:45.31706+00","f","f","f","300.01","","U.S. Circuit Court for the District of Northern Alabama","U.S. Circuit Court for the District of Northern Alabama","","1837-01-01","1911-12-31","F","","uscirct"
"flapubserv",,,"",,"","2021-09-01 21:54:53.115+00","f","f","f","355.09","Fla. Pub. Serv. Comm'n","Florida Public Service Commission","Florida Public Service Commission","http://www.psc.state.fl.us/","1887-01-01",,"SS","Created as part of import of Case.Law data.",
"flaindcommn",,,"",,"","2021-09-01 21:54:53.115+00","f","f","f","355.0901","Fla. Indus. Comm'n","Florida Industrial Commission","Florida Industrial Commission","","1935-01-01","1969-12-31","SS","Created as part of import of Case.Law data.",
"flarealestcommn",,,"",,"","2021-09-01 21:54:53.115+00","f","f","f","355.0902","Fla. Real Est. Comm'n","Florida Real Estate Commission","Florida Real Estate Commission","",,,"SS","Created as part of import of Case.Law data.",
"flajuv",,,"",,"","2021-09-01 21:54:53.115+00","f","f","f","355.08","Fla. Juv. & Dom. Rel. Ct.","Florida Juvenile and Domestic Relations Court","Florida Juvenile and Domestic Relations Court","",,"1972-12-31","ST","Created as part of import of Case.Law data.",
"flactyctrec",,,"",,"","2021-09-01 21:54:53.115+00","f","f","f","355.04","Fla. Civ. & Crim. Ct. Rec.","Florida's Civil and Criminal Court of Records","Florida's Civil and Criminal Court of Records","",,"1972-12-31","ST","Created as part of import of Case.Law data.",
"flacirct12",,,"",,"","2023-10-03 01:23:49.594277+00","f","f","f","355.0254","12th","Circuit Court of the 12th Judicial Circuit","Circuit Court of the 12th Judicial Circuit of Florida","","1973-01-01",,"ST","Created as part of import of Case.Law data.","flacirct"
"flamunict",,,"",,"","2021-09-01 21:54:53.115+00","f","f","f","355.07","Fla. Mun. Ct.","Florida Municipal Courts","Florida Municipal Courts","",,"1977-12-31","ST","Created as part of import of Case.Law data.",
"texdistct",,,"",,"","2022-06-13 13:38:08.82995+00","f","f","f","368.7025","","Tex. Dist. Ct.","Texas District Court","",,,"ST","",
"texctyct",,,"",,"","2022-06-13 13:38:09.912125+00","f","f","f","368.7542","","Tex. Cty. Ct.","Texas City Court","",,,"ST","",
"circtedwi",,,"",,"","2023-10-03 01:23:46.551317+00","f","f","f","300.505","","U.S. Circuit Court for the District of Eastern Wisconsin","U.S. Circuit Court for the District of Eastern Wisconsin","","1870-01-01","1911-12-31","F","","uscirct"
"circtwdwi",,,"",,"","2023-10-03 01:23:46.567279+00","f","f","f","300.51","","U.S. Circuit Court for the District of Western Wisconsin","U.S. Circuit Court for the District of Western Wisconsin","","1870-01-01","1911-12-31","F","","uscirct"
"texcrimdistct1",,,"",,"","2022-06-13 13:38:09.892783+00","f","f","f","368.7534","","Tex. Crim. Dist. Ct., No. 1, Dallas Cty.","Texas Criminal District Court, No. 1, Dallas City","",,,"ST","",
"texcrimdistct2",,,"",,"","2022-06-13 13:38:09.894841+00","f","f","f","368.7535","","Tex. Crim. Dist. Ct., No. 2, Dallas Cty.","Texas Criminal District Court, No. 2, Dallas City","",,,"ST","",
"texcrimdistct3",,,"",,"","2022-06-13 13:38:09.897026+00","f","f","f","368.7536","","Tex. Crim. Dist. Ct., No. 3, Dallas Cty.","Texas Criminal District Court, No. 3, Dallas City","",,,"ST","",
"texcrimdistct4",,,"",,"","2022-06-13 13:38:09.900775+00","f","f","f","368.7537","","Tex. Crim. Dist. Ct., No. 4, Dallas Cty.","Texas Criminal District Court, No. 4, Dallas City","",,,"ST","",
"texcrimdistct5",,,"",,"","2022-06-13 13:38:09.903136+00","f","f","f","368.7538","","Tex. Crim. Dist. Ct., No. 5, Dallas Cty.","Texas Criminal District Court, No. 5, Dallas City","",,,"ST","",
"texcrimdistct6",,,"",,"","2022-06-13 13:38:09.90527+00","f","f","f","368.7539","","Tex. Crim. Dist. Ct., No. 6, Dallas Cty.","Texas Criminal District Court, No. 6, Dallas City","",,,"ST","",
"texcrimdistct7",,,"",,"","2022-06-13 13:38:09.907335+00","f","f","f","368.754","","Tex. Crim. Dist. Ct., No. 7, Dallas Cty.","Texas Criminal District Court, No. 7, Dallas City","",,,"ST","",
"texcrimdistct8",,,"",,"","2022-06-13 13:38:09.909343+00","f","f","f","368.7541","","Tex. Crim. Dist. Ct., Jefferson Cty.","Texas Criminal District Court, Jefferson City","",,,"ST","",
"texprobct",,,"",,"","2022-06-13 13:38:10.278406+00","f","f","f","368.77","","Tex. Prob. Ct.","Texas Probate Court","",,,"ST","",
"texprobct1",,,"",,"","2022-06-13 13:38:10.284893+00","f","f","f","368.7701","","Tex. Prob. Ct., Dallas No. 2","Texas Probate Court, Dallas No. 2","",,,"ST","",
"paorphct",,,"",,"","2022-06-23 18:36:31.480861+00","f","f","f","367.27108","","Pennsylvania Orphans' Court","Pennsylvania Orphans' Court","",,,"ST","",
"uscgcoca",,,"",,"","2024-01-09 19:19:37.698482+00","t","t","f","113.41","","U S Coast Guard Court of Criminal Appeals","U S Coast Guard Court of Criminal Appeals","",,,"MA","Created as part of import of Case.Law data.",
"usafctmilrev",,,"",,"","2023-10-02 15:46:25.83506+00","t","f","f","113.06","","U S Air Force Court of Military Review","U S Air Force Court of Military Review","",,,"MA","Created as part of import of Case.Law data.",
"cma",,,"",,"","2023-10-02 15:46:25.846416+00","t","f","f","113.21","","United States Court of Military Appeals","United States Court of Military Appeals","",,,"MA","Created as part of import of Case.Law data.",
"paag",,,"",,"","2022-06-23 18:36:31.737523+00","f","f","f","367.276","","Pennsylvania Office of the Attorney General","Pennsylvania Office of the Attorney General","",,,"SAG","",
"paarbpnlhc",,,"",,"","2022-06-23 18:36:31.741794+00","f","f","f","367.27601","","Pennsylvania Arbitration Panels for Health Care","Pennsylvania Arbitration Panels for Health Care","",,,"SS","",
"paenvhrbd",,,"",,"","2022-06-23 18:36:31.747037+00","f","f","f","367.27602","","Pennsylvania Environmental Hearing Board","Pennsylvania Environmental Hearing Board","",,,"SS","",
"padepted",,,"",,"","2022-06-23 18:36:31.750934+00","f","f","f","367.27603","","Pennsylvania Department of Education","Pennsylvania Department of Education","",,,"SS","",
"usarmymilrev",,,"",,"","2023-10-02 15:46:25.856124+00","t","f","f","113.35","","U.S. Army Court of Military Review","U.S. Army Court of Military Review","",,,"MA","Created as part of import of Case.Law data.",
"philactnp",,"f","",,"","2022-06-24 20:15:52.935359+00","f","f","f","367.265","","Philadelphia Court of Nisi Prius","Philadelphia Court of Nisi Prius","",,,"ST","",
"cgcomilrev",,,"",,"","2023-10-02 15:46:25.864798+00","t","f","f","113.42","","U S Coast Guard Court of Military Review","U S Coast Guard Court of Military Review","",,,"MA","Created as part of import of Case.Law data.",
"usnmcmilrev",,,"",,"","2023-10-02 15:46:25.879569+00","t","f","f","114.997","","U.S. Navy-Marine Corps Court of Military Review","U.S. Navy-Marine Corps Court of Military Review","",,,"MA","Created as part of import of Case.Law data.",
"dakotasup",,,"",,"","2022-07-20 19:18:47.520293+00","f","f","f","366.992","","Supreme Court of Dakota","Supreme Court Of The Territory Of Dakota","","1861-01-01","1889-10-01","S","",
"caljp",,,"",,"","2022-11-18 02:46:33.295088+00","f","f","f","350.893","","State of California Commission On Judicial Performance","State of California Commission On Judicial Performance","",,,"C","Created as part of import of Case.Law data.",
"deloyerterm",,,"",,"","2022-11-18 02:46:33.297728+00","f","f","f","352.2","","Delaware Court of Oyer and Terminer","Delaware Court of Oyer and Terminer","","1831-01-01","1951-12-31","ST","Created as part of import of Case.Law data.",
"gasuperct",,,"",,"","2022-11-18 02:46:33.300359+00","f","f","f","357","","Georgia Superior Court","Georgia Superior Court","",,,"ST","Created as part of import of Case.Law data.",
"ilclaimsct",,,"",,"","2022-11-18 02:46:33.307373+00","f","f","f","359.7","","Court of Claims of Illinois","Court of Claims of Illinois","",,,"ST","Created as part of import of Case.Law data.",
"illcirct",,,"",,"","2022-11-18 02:46:33.309848+00","f","f","f","359.75","","Illinois Circuit Court","Illinois Circuit Court","",,,"ST","Created as part of import of Case.Law data.",
"kycirct",,,"",,"","2022-11-18 02:46:33.311874+00","f","f","f","362.4201","","Kentucky Circuit Court","Kentucky Circuit Court","",,,"ST","Created as part of import of Case.Law data.",
"padeptjust",,,"",,"","2023-10-03 01:23:43.503603+00","f","f","f","114.54","","Pennsylvania Department of Justice","Pennsylvania Department of Justice","",,,"FS","","ag"
"circtddc",,,"",,"","2023-10-03 01:23:46.491771+00","f","f","f","300.485","","U.S. Circuit Court for the District of District of Columbia","U.S. Circuit Court for the District of District of Columbia","","1801-01-01","1911-12-31","F","","uscirct"
"lacterrapp",,,"",,"","2022-11-18 02:46:33.386476+00","f","f","f","362.502","","Louisiana Court of Errors and Appeals","Louisiana Court of Errors and Appeals","","1843-01-01","1846-12-31","SA","Created as part of import of Case.Law data.",
"mahousct",,,"",,"","2022-11-18 02:46:33.390991+00","f","f","f","364.2","Mass. Hous. Ct.","Massachusetts Housing Court","Massachusetts Housing Court","",,,"ST","Created as part of import of Case.Law data.",
"massland",,,"",,"","2022-11-18 02:46:33.393235+00","f","f","f","364.21","","Massachusetts Land Court","Massachusetts Land Court","",,,"ST","Created as part of import of Case.Law data.",
"maprobct",,,"",,"","2022-11-18 02:46:33.395143+00","f","f","f","364.22","Mass. Prob. Fam. Ct.","Massachusetts Probate and Family Court","Massachusetts Probate and Family Court","",,,"ST","Created as part of import of Case.Law data.",
"njctcompl",,,"",,"","2022-12-14 16:31:06.115184+00","f","f","f","366.675","","Ct. of Common Pleas of NJ","Court of Common Pleas of New Jersey","","1704-01-01","1947-12-31","ST","",
"ca4","4","t","orders, opinions, judgments",,"4","2023-02-22 15:58:31.502754+00","t","t","t","104","4th Cir.","Fourth Circuit","Court of Appeals for the Fourth Circuit","http://www.ca4.uscourts.gov/","1891-03-03",,"F","- From beginning of f2 coverage to 1996-01-01, we have only precedential cases (f2 and f3).
 - From 1996-01-01 to 2007-07-31 we have f3 cases and scraped non-precedential ones. Merging the scraped precedential cases with the f3 corpus was too difficult and provided no new opinions. Unfortunately, it appears that we have a lot of duplicates from f3 and scraping in 1996. This can be seen as a bump in the coverage page.
 - From 2007-08-01 onwards, we have scraped cases.",
"njrecct",,,"",,"","2023-10-02 15:46:26.428061+00","f","f","f","366.6479","","New Jersey Recorder's Court","New Jersey Recorder's Court","",,,"ST","",
"njcirct",,,"",,"","2023-10-02 15:46:26.43292+00","f","f","f","366.662","","New Jersey Circuit Court","New Jersey Circuit Court","",,"1947-12-31","ST","Created as part of import of Case.Law data.",
"orcc",,,"",,"","2023-10-02 15:46:26.449751+00","f","f","f","367.12","","Oregon County Circuit Courts","Oregon County Circuit Courts","",,,"ST","",
"pajuvct",,,"",,"","2023-10-02 15:46:26.460783+00","f","f","f","367.274001","","Penn. Juv. Court","Pennsylvania Juvenile Courts","",,,"SS","",
"guam",,,"",,"","2023-10-02 15:46:26.465377+00","t","t","f","400","Guam","Supreme Court of Guam","Supreme Court of Guam","http://www.guamsupremecourt.com","1996-01-01",,"TS","",
"nevapp",,,"",,"","2023-12-26 16:23:32.880962+00","t","t","f","366.51","Nev.","Court of Appeals of Nevada","Court of Appeals of Nevada","",,,"SA","Created as part of import of Case.Law data.",
"lamd","87","t","cmp,minutes,minutes-cr,order,order-cr,motion,respm,respm-cr",,"3N","2023-10-03 01:23:44.253211+00","t","f","f","231.1","M.D. La.","M.D. Louisiana","District Court, M.D. Louisiana","http://www.lamd.uscourts.gov/",,,"FD","Lawbox","usdistct"
"nyeb","122","t","all",,"07","2023-04-04 21:27:31.449552+00","t","f","f","190","Bankr. E.D.N.Y.","E.D. New York","United States Bankruptcy Court, E.D. New York","http://www.nyeb.uscourts.gov/",,,"FB","Lawbox",
"ca2","2","t","orders, opinions",,"2","2023-02-22 15:58:28.729123+00","t","t","t","102","2d Cir.","Second Circuit","Court of Appeals for the Second Circuit","http://www.ca2.uscourts.gov/","1891-03-03",,"F","",
"lawd","89","t","all",,"36","2023-10-03 01:23:44.267174+00","t","f","f","231.2","W.D. La.","W.D. Louisiana","District Court, W.D. Louisiana","http://www.lawd.uscourts.gov/",,,"FD","Lawbox","usdistct"
"orld",,,"",,"","2023-10-03 01:23:44.279269+00","t","f","f","235","D. Orleans","Orleans District Court","District Court, Orleans","https://en.wikipedia.org/wiki/United_States_District_Court_for_the_District_of_Orleans","1804-03-26","1812-04-08","FD","From: https://en.wikipedia.org/wiki/List_of_former_United_States_district_courts

On March 26, 1804, Congress organized the Territory of Orleans and created the United States District Court for the District of Orleans – the first time Congress provided a territory with a district court equal in its authority and jurisdiction to those of the states.[31] The United States District Court for the District of Louisiana was established on April 8, 1812, by 2 Stat. 701,[19][31] several weeks before Louisiana was formally admitted as a state of the union. The District was thereafter subdivided and reformed several times. It was first subdivided into Eastern and Western Districts on March 3, 1823, by 3 Stat. 774.[19][31]","usdistct"
"med","91","t","order,order-cr",,"00","2023-10-03 01:23:44.286254+00","t","f","f","239","D. Me.","D. Maine","District Court, D. Maine","http://www.med.uscourts.gov/",,,"FD","Lawbox","usdistct"
"mad","95","t","answer,appeal,appeal-cr,charge-cr,cmp,detention-cr,discov,discov-cr,minutes,minute-cr,misc,misc-cr,mot2255,motion,notice,notice-cr,order,order-cr,plea-cr,respm,respm-cr,respoth,service,transfer,transer-cr,trial,trial-cr,waiver",,"01","2023-10-03 01:23:44.315348+00","t","f","f","240.5","D. Mass.","D. Massachusetts","District Court, D. Massachusetts","http://www.mad.uscourts.gov/",,,"FD","Lawbox","usdistct"
"michd",,,"",,"","2023-10-03 01:23:44.333174+00","f","f","f","240.55","D. Mich.","D. Michigan","District Court, D. Michigan","","1836-07-01","1863-02-24","FD","https://en.wikipedia.org/wiki/List_of_former_United_States_district_courts","usdistct"
"mied","97","t","answer,appeal,appeal-cr,charge-cr,cmp,motion,notice,notice-cr,order,order-cr,petition,petition-cr,respm,respm-cr,respoth,respp,respp-cr",,"45","2023-10-03 01:23:44.343206+00","t","f","f","240.6","E.D. Mich.","E.D. Michigan","District Court, E.D. Michigan","http://www.mied.uscourts.gov/",,,"FD","","usdistct"
"miwd","99","t","order,order-cr,motion",,"46","2023-10-03 01:23:44.363138+00","t","f","f","240.7","W.D. Mich.","W.D. Michigan","District Court, W.D. Michigan","http://www.miwd.uscourts.gov/",,,"FD","Lawbox","usdistct"
"mnd","101","t","order,order-cr",,"64","2023-10-03 01:23:44.372773+00","t","f","f","241","D. Minnesota","D. Minnesota","District Court, D. Minnesota","http://www.mnd.uscourts.gov/",,,"FD","Lawbox","usdistct"
"missd",,,"",,"","2023-10-03 01:23:44.383164+00","f","f","f","241.1","D. Miss.","D. Mississippi","District Court, D. Mississippi","","1818-04-03","1838-06-18","FD","https://en.wikipedia.org/wiki/List_of_former_United_States_district_courts#Mississippi","usdistct"
"msnd","103","f","",,"37","2023-10-03 01:23:44.389496+00","t","f","f","241.12","N.D. Miss.","N.D. Mississippi","District Court, N.D. Mississippi","http://www.msnd.uscourts.gov/",,,"FD","Lawbox","usdistct"
"masstaxbd",,,"",,"","2022-11-18 02:50:58.88295+00","f","f","f","364.35","Mass. App. Tax. Bd.","Massachusetts Appellate Tax Board","Massachusetts Appellate Tax Board","",,,"SA","Created as part of import of Case.Law data.",
"masshserep",,,"",,"","2022-11-18 02:50:58.885121+00","f","f","f","364.37","Mass. House of Rep.","Massachusetts House of Representatives","Massachusetts House of Representatives","",,,"SS","Created as part of import of Case.Law data.",
"micirct",,,"",,"","2022-11-18 02:50:58.887171+00","f","f","f","365.15","Michigan Cir. Ct.","Michigan Circuit Court","Michigan Circuit Court","",,,"ST","Created as part of import of Case.Law data.",
"nhsuperct",,,"",,"","2022-11-18 02:50:58.893127+00","f","f","f","366.53","","Superior Court of New Hampshire","Superior Court of New Hampshire","","1629-01-01","1776-07-03","ST","Created as part of import of Case.Law data.",
"njsuper",,,"",,"","2022-11-18 02:50:58.895175+00","f","f","f","366.601","","New Jersey Superior Court","New Jersey Superior Court","",,,"ST","Created as part of import of Case.Law data.",
"njfamct",,,"",,"","2022-11-18 02:50:58.935373+00","f","f","f","366.621","N.J. Fam. Ct.","New Jersey Family Court","New Jersey Family Court","",,,"ST","Created as part of import of Case.Law data.",
"njlaborcomp",,,"",,"","2022-11-18 02:50:58.96537+00","f","f","f","366.636","","New Jersey Department of Labor Workmen's Compensation Bureau","New Jersey Department of Labor Workmen's Compensation Bureau","",,,"ST","Created as part of import of Case.Law data.",
"njlawbkconf",,,"",,"","2022-11-18 02:50:58.967568+00","f","f","f","366.637","","New Jersey Lawyers and Bankers Conference Committee","New Jersey Lawyers and Bankers Conference Committee","",,,"SS","Created as part of import of Case.Law data.",
"njmunict",,,"",,"","2022-11-18 02:50:58.969766+00","f","f","f","366.638","","Municipal Courts of New Jersey","Municipal Courts of New Jersey","",,,"ST","Created as part of import of Case.Law data.",
"njpuc",,,"",,"","2022-11-18 02:50:58.984427+00","f","f","f","366.645","","New Jersey Public Utilities Commission","New Jersey Public Utilities Commission","",,,"ST","Created as part of import of Case.Law data.",
"njqrtsessessex",,,"",,"","2022-11-18 02:50:58.986716+00","f","f","f","366.646","","Essex County Court of Quarter Sessions of New Jersey","Essex County Court of Quarter Sessions of New Jersey","",,,"ST","Created as part of import of Case.Law data.",
"njqrtsessmorris",,,"",,"","2022-11-18 02:50:58.988851+00","f","f","f","366.647","","Morris County Court of Quarter Sessions","Morris County Court of Quarter Sessions","",,,"ST","Created as part of import of Case.Law data.",
"njspecstatct",,,"",,"","2022-11-18 02:50:58.995082+00","f","f","f","366.65","","New Jersey Special Statutory Court","New Jersey Special Statutory Court","",,,"SS","Created as part of import of Case.Law data.",
"njsurrct",,,"",,"","2022-11-18 02:50:58.997078+00","f","f","f","366.651","","New Jersey Surrogate's Court","New Jersey Surrogate's Court","",,,"ST","Created as part of import of Case.Law data.",
"njcommned",,,"",,"","2022-11-18 02:50:59.048969+00","f","f","f","366.71","","Commissioner of Education, N.J.","Commissioner of Education, N.J.","",,,"SS","Created as part of import of Case.Law data.",
"nyhospcommn",,,"",,"","2022-11-18 02:50:59.05114+00","f","f","f","366.969","N.Y. St. Hosp. Comm'n","New York State Hospital Commission","New York State Hospital Commission","",,,"SA","Created as part of import of Case.Law data.",
"ohctapp1",,,"",,"","2022-11-18 02:50:59.054945+00","f","f","f","366.996001","","Court of Appeals of Ohio, First District","Court of Appeals of Ohio, First District","",,,"","Created as part of import of Case.Law data.",
"njsurrctessex",,,"",,"","2023-10-03 01:23:53.752807+00","f","f","f","366.656","Essex Cty. Surr. Ct.","Essex County Surrogate's Court","Essex County Surrogate's Court","",,,"ST","Created as part of import of Case.Law data.","njsurrct"
"ohiocirct",,,"",,"","2022-11-18 02:50:59.253531+00","f","f","f","366.996099","Oh. Circ. Ct.","Ohio Circuit Courts","Ohio Circuit Courts","",,,"ST","Created as part of import of Case.Law data.",
"ohiocountyct",,,"",,"","2022-11-18 02:50:59.4243+00","f","f","f","366.996174","","Ohio County Court","Ohio County Court","",,,"ST","Created as part of import of Case.Law data.",
"dcd","45","t","all",,"90","2023-10-03 01:23:43.567234+00","t","t","f","200.5","D.D.C.","District of Columbia","District Court, District of Columbia","http://www.dcd.uscourts.gov/",,,"FD","Lawbox","usdistct"
"ohjuvct",,,"",,"","2022-11-18 02:50:59.602269+00","f","f","f","366.996257","","Ohio Juvenile Court","Ohio Juvenile Court","",,,"ST","Created as part of import of Case.Law data.",
"ohmayorct",,,"",,"","2022-11-18 02:50:59.637731+00","f","f","f","366.996273","","Ohio Police Court","Ohio Police Court","",,,"ST","Created as part of import of Case.Law data.",
"ohmunict",,,"",,"","2022-11-18 02:50:59.646635+00","f","f","f","366.996277","","Municipal Courts of Ohio","Municipal Courts of Ohio","",,,"ST","Created as part of import of Case.Law data.",
"ohctinsolv",,,"",,"","2022-11-18 02:50:59.967786+00","f","f","f","366.9964271","","Ohio County Court of Insovency","Ohio County Court of Insovency","",,,"ST","Created as part of import of Case.Law data.",
"ohioctnp",,,"",,"","2022-11-18 02:50:59.974333+00","f","f","f","366.99643","Oh. Ct. N.P.","Ohio Court of Nisi Prius","Ohio Court of Nisi Prius","",,,"ST","Created as part of import of Case.Law data.",
"ohiosuperct",,,"",,"","2022-11-18 02:50:59.976606+00","f","f","f","366.996431","Oh. Super. Ct.","Ohio Superior Court","Ohio Superior Court","",,,"ST","Created as part of import of Case.Law data.",
"ohiopuc",,,"",,"","2022-11-18 02:50:59.982129+00","f","f","f","366.996433","","Ohio Public Utilities Commission","Ohio Public Utilities Commission","",,,"ST","Created as part of import of Case.Law data.",
"ohiorac",,,"",,"","2022-11-18 02:50:59.984375+00","f","f","f","366.996434","","Ohio State Racing Commission","Ohio State Racing Commission","",,,"SS","Created as part of import of Case.Law data.",
"ohiotax",,,"",,"","2022-11-18 02:50:59.986359+00","f","f","f","366.996435","","Board of Tax Appeals of Ohio Department of Taxation","Board of Tax Appeals of Ohio Department of Taxation","",,,"SS","Created as part of import of Case.Law data.",
"ohiobar",,,"",,"","2022-11-18 02:50:59.988462+00","f","f","f","366.996436","","Board of Commissioners On The Unauthorized Practice of Law State of Ohio","Board of Commissioners On The Unauthorized Practice of Law State of Ohio","",,,"C","Created as part of import of Case.Law data.",
"ohiocivright",,,"",,"","2022-11-18 02:50:59.990495+00","f","f","f","366.996437","","Ohio Civil Rights Commission","Ohio Civil Rights Commission","",,,"C","Created as part of import of Case.Law data.",
"paadmct",,,"",,"","2022-11-18 02:51:00.040735+00","f","f","f","367.262","Pa. Adm. Ct.","Pennsylvania Admiralty Court","Pennsylvania Admiralty Court","",,,"SS","Created as part of import of Case.Law data.",
"alnd","19","f","",,"26","2023-10-03 01:23:43.615295+00","t","f","f","201.5","N.D. Ala.","N.D. Alabama","District Court, N.D. Alabama","http://www.alnd.uscourts.gov/",,,"FD","Lawbox","usdistct"
"alsd","21","t","all",,"28","2023-10-03 01:23:43.635211+00","t","f","f","202","S.D. Ala.","S.D. Alabama","District Court, S.D. Alabama","http://www.als.uscourts.gov/",,,"FD","Lawbox","usdistct"
"pamunict",,,"",,"","2022-11-18 02:51:00.272377+00","f","f","f","367.27399","Pa. Muni Ct.","Pennsylvania Municipal Court","Pennsylvania Municipal Court","",,,"ST","Created as part of import of Case.Law data.",
"azd","25","t","all",,"70","2023-10-03 01:23:43.6649+00","t","f","f","203","D. Ariz.","D. Arizona","District Court, D. Arizona","http://www.azd.uscourts.gov/",,,"FD","Lawbox","usdistct"
"philaelecct",,,"",,"","2022-11-18 02:51:00.279458+00","f","f","f","367.2741","Phila. Elec. Ct.","Philadelphia Election Court","Philadelphia Election Court","",,,"SS","Created as part of import of Case.Law data.",
"philamayorct",,,"",,"","2022-11-18 02:51:00.281637+00","f","f","f","367.2742","Phila. Mayor Ct.","Philadelphia Mayor's Court","Philadelphia Mayor's Court","",,,"ST","Created as part of import of Case.Law data.",
"philarec",,,"",,"","2022-11-18 02:51:00.283658+00","f","f","f","367.2743","Recorder Philadelphia","Recorder of Philadelphia","Recorder of Philadelphia","",,,"SS","Created as part of import of Case.Law data.",
"padeptpubwel",,,"",,"","2022-11-18 02:51:00.285764+00","f","f","f","367.27604","Pa. Dept. Pub. Wel.","Pennsylvania Department of Public Welfare","Pennsylvania Department of Public Welfare","",,,"SS","Created as part of import of Case.Law data.",
"paparolebd",,,"",,"","2022-11-18 02:51:00.287844+00","f","f","f","367.27605","Pa. Bd. Parole","Pennsylvania Board of Parole","Pennsylvania Board of Parole","",,,"SS","Created as part of import of Case.Law data.",
"vacc",,,"",,"","2022-11-18 02:51:00.289911+00","f","f","f","369.7","","Virginia Circuit Court","Virginia Circuit Court","",,,"ST","Created as part of import of Case.Law data.",
"navajoctapp",,,"",,"","2022-11-29 17:31:37.430632+00","t","f","f","653.1","","Navajo Nation Ct. App.","Navajo Nation Court of Appeals","",,,"TRA","",
"navajofamct",,,"",,"","2022-11-29 17:39:02.619143+00","t","f","f","653.3","","Navajo Nation Family Court","Navajo Nation Family Court","",,,"TRX","",
"amsamoa",,,"",,"","2026-02-16 16:28:14.134218+00","t","f","f","408","Am. Samoa","High Court of American Samoa","High Court of American Samoa","",,,"TS","Created as part of import of Case.Law data.",
"amsamoatc",,,"",,"","2026-02-16 16:29:00.610601+00","t","f","f","408.4","D. Am. Sam.","American Samoa District Court","American Samoa District Court","",,,"TT","Created as part of import of Case.Law data.",
"visuper",,,"",,"","2024-01-09 19:32:12.674605+00","f","t","f","407.1","","Superior Court of The Virgin Islands","Superior Court of The Virgin Islands","",,,"TT","Created as part of import of Case.Law data.",
"prsupreme",,,"",,"","2024-07-23 16:19:40.327371+00","t","t","f","405","","Supreme Court of Puerto Rico","Supreme Court of Puerto Rico","",,,"TS","Created as part of import of Case.Law data.",
"prapp",,,"",,"","2024-07-23 16:20:15.559564+00","t","t","f","405.1","","Tribunal De Apelaciones De Puerto Rico/Court of Appeals of Puerto Rico","Tribunal De Apelaciones De Puerto Rico/Court of Appeals of Puerto Rico","",,,"TA","Created as part of import of Case.Law data.",
"virginislands",,,"",,"","2024-07-23 16:21:25.754671+00","t","t","f","407","","Supreme Court of The Virgin Islands","Supreme Court of The Virgin Islands","",,,"TS","Created as part of import of Case.Law data.",
"cnmisuperct",,,"",,"","2024-07-23 16:22:29.439744+00","t","f","f","403.1","","Northern Mariana Islands Commonwealth Superior Court","Northern Mariana Islands Commonwealth Superior Court","",,,"TT","Created as part of import of Case.Law data.",
"cnmitrialct",,,"",,"","2024-07-23 16:22:50.445548+00","t","f","f","403.2","","Northern Mariana Islands Commonwealth Trial Court","Northern Mariana Islands Commonwealth Trial Court","",,,"TT","Created as part of import of Case.Law data.",
"nyjustctchili",,,"",,"","2023-10-03 01:23:56.363476+00","f","f","f","366.96535218","Chili Just. Ct.","Chili Justice Court","Chili Justice Court","",,,"ST","","nyjustct"
"vamedmalrevpan",,,"",,"","2022-11-18 02:51:00.514959+00","f","f","f","369.9","","Medical Malpractice Review Panel","Medical Malpractice Review Panel","",,,"ST","Created as part of import of Case.Law data.",
"wvctcl",,,"",,"","2022-11-18 02:51:00.516914+00","f","f","f","385.7","W. Va. Ct. Cl.","West Virginia Court of Claims","West Virginia Court of Claims","",,,"ST","Created as part of import of Case.Law data.",
"superctguam",,,"",,"","2022-11-18 02:51:00.518973+00","f","f","f","400.1","Super. Ct. Guam","Superior Court of Guam","Superior Court of Guam","",,,"TA","Created as part of import of Case.Law data.",
"vimunict",,,"",,"","2022-11-18 02:51:00.533672+00","f","f","f","407.2","","Municipal Court of The Virgin Islands","Municipal Court of The Virgin Islands","",,,"TT","Created as part of import of Case.Law data.",
"vipolct",,,"",,"","2022-11-18 02:51:00.535791+00","f","f","f","407.3","","Police Court of The Virgin Islands","Police Court of The Virgin Islands","",,,"TT","Created as part of import of Case.Law data.",
"judcoun",,,"",,"","2022-11-18 02:51:00.542238+00","f","f","f","451.2","","Circuit Judicial Councils","Circuit Judicial Councils","",,,"FS","Created as part of import of Case.Law data.",
"nyjustctclarks",,,"",,"","2023-10-03 01:23:56.372012+00","f","f","f","366.96535219","Clarkstown Just. Ct.","Clarkstown Justice Court","Clarkstown Justice Court","",,,"ST","","nyjustct"
"usjudconfcomdis",,,"",,"","2022-11-18 02:51:00.559224+00","f","f","f","451.25","","United States Judicial Conference Committee on Judicial Conduct and Disability","United States Judicial Conference Committee on Judicial Conduct and Disability","",,,"FS","Created as part of import of Case.Law data.",
"fcc",,,"",,"","2022-11-18 02:51:00.561264+00","f","f","f","460","","Decisions of the Federal Communications Commission","Decisions of the Federal Communications Commission","",,,"C","Created as part of import of Case.Law data.",
"kyeb","80","t","all",,"43","2022-11-21 19:14:43.006979+00","t","f","f","187.5","Bankr. E.D. Ky.","E.D. Kentucky","United States Bankruptcy Court, E.D. Kentucky","http://www.kyeb.uscourts.gov/",,,"FB","Lawbox",
"massdistctapp",,,"",,"","2022-11-29 17:03:37.251496+00","f","f","f","363.1","Mass. Dist. Ct., App. Div.","Mass. Dist. Ct., App. Div.","Massachusetts District Court, Appellate Division","",,,"SA","",
"nmariana",,,"",,"","2024-07-23 16:22:05.805963+00","t","t","f","403","","Sup. Ct. of the Comm. of the N. Mariana Islands","Supreme Court of The Commonwealth of The Northern Mariana Islands","",,,"TS","",
"cherokee",,,"",,"","2022-11-18 02:51:00.563468+00","t","f","f","611","","Cherokee Nation Supreme Court","Cherokee Nation Supreme Court","",,,"TRS","Created as part of import of Case.Law data.",
"coquct",,,"",,"","2022-11-18 02:51:00.565517+00","t","f","f","612","","Coquille Indian Tribal Court","Coquille Indian Tribal Court","",,,"TRT","Created as part of import of Case.Law data.",
"echerkokee",,,"",,"","2022-11-18 02:51:00.567567+00","t","f","f","619","","Eastern Band of Cherokee Indians Supreme Court","Eastern Band of Cherokee Indians Supreme Court","",,,"TRS","Created as part of import of Case.Law data.",
"hochunk",,,"",,"","2022-11-18 02:51:00.569718+00","t","f","f","631","","Ho-Chunk Nation Supreme Court","Ho-Chunk Nation Supreme Court","",,,"TRS","Created as part of import of Case.Law data.",
"hochunkct",,,"",,"","2022-11-18 02:51:00.572144+00","t","f","f","631.1","","Ho-Chunk Nation Trial Court","Ho-Chunk Nation Trial Court","",,,"TRT","Created as part of import of Case.Law data.",
"lrbottawact",,,"",,"","2022-11-18 02:51:00.574419+00","t","f","f","642","","Little River Band of Ottawa Indians Tribal Court","Little River Band of Ottawa Indians Tribal Court","",,,"TRT","Created as part of import of Case.Law data.",
"moheganctapp",,,"",,"","2022-11-18 02:51:00.576393+00","t","f","f","650.2","","Mohegan Tribal Court of Appeals","Mohegan Tribal Court of Appeals","",,,"TRA","Created as part of import of Case.Law data.",
"mohegangct",,,"",,"","2022-11-18 02:51:00.578523+00","t","f","f","650.3","","Mohegan Gaming Disputes Trial Court","Mohegan Gaming Disputes Trial Court","",,,"TRX","Created as part of import of Case.Law data.",
"mohegangctapp",,,"",,"","2022-11-18 02:51:00.580716+00","t","f","f","650.4","","Mohegan Gaming Disputes Court of Appeals","Mohegan Gaming Disputes Court of Appeals","",,,"TRA","Created as part of import of Case.Law data.",
"navajo",,,"",,"","2022-11-18 02:51:00.582874+00","t","f","f","653","","Navajo Nation Supreme Court","Navajo Nation Supreme Court","",,,"TRS","Created as part of import of Case.Law data.",
"cherokeeapp",,,"",,"","2022-12-13 22:29:48.805155+00","t","f","f","611.2","","Cherokee Nation Judicial Appeals Tribunal","Cherokee Nation Judicial Appeals Tribunal","",,,"TRA","",
"njsuperctappdiv",,,"",,"","2023-10-02 15:36:39.660008+00","t","t","f","366.6","N.J. Super. Ct. App. Div.","New Jersey Superior Court App Division","New Jersey Superior Court Appellate Division","http://www.judiciary.state.nj.us/appdiv/index.htm",,,"SA","Scraper created 2013-08-13",
"arwd","29","t","all",,"61","2023-10-03 01:23:43.695488+00","t","f","f","204.2","W.D. Ark.","W.D. Arkansas","District Court, W.D. Arkansas","http://www.arwd.uscourts.gov/",,,"FD","Lawbox","usdistct"
"ard",,,"",,"","2023-10-03 01:23:43.703648+00","f","f","f","204.3","","United States District Court for the District of Arkansas","United States District Court for the District of Arkansas","","1836-06-15","1851-03-03","FD","Created as part of import of Case.Law data.","usdistct"
"cacd","31","t","all",,"73","2023-10-03 01:23:43.723245+00","t","f","f","205.05","C.D. Cal.","C.D. California","District Court, C.D. California","http://www.cacd.uscourts.gov/",,,"FD","Lawbox","usdistct"
"ca6","6","t","orders,opinions,judgments",,"6","2023-02-22 15:45:44.669268+00","t","t","t","106","6th Cir.","Sixth Circuit","Court of Appeals for the Sixth Circuit","http://www.ca6.uscourts.gov/","1891-03-03",,"F","",
"cheyrsiouxctapp",,,"",,"","2022-12-14 17:22:31.270503+00","t","f","f","611.6","","Cheyenne River Sioux Tribal Court of Appeals","Cheyenne River Sioux Tribal Court of Appeals","",,,"TRA","",
"echerokeect",,,"",,"","2022-12-14 17:22:31.280266+00","t","f","f","619.5","","Eastern Band of Cherokee Indians Tribal Court","Eastern Band of Cherokee Indians Tribal Court","",,,"TRT","",
"ftmcdowctapp",,,"",,"","2022-12-14 17:22:31.285324+00","t","f","f","621","","Fort McDowell Yavapai Nation Tribal Court of Appeals","Fort McDowell Yavapai Nation Tribal Court of Appeals","",,,"TRA","",
"ftmcdowell",,,"",,"","2022-12-14 17:22:31.290393+00","t","f","f","621.2","","Fort McDowell Supreme Court","Fort McDowell Supreme Court","",,,"TRS","",
"ftpeckctapp",,,"",,"","2022-12-14 17:22:31.29428+00","t","f","f","623","","Fort Peck Appellate Court","Fort Peck Appellate Court","",,,"TRA","",
"ftpecktrialct",,,"",,"","2022-12-14 17:22:31.298185+00","t","f","f","623.2","","Fort Peck Tribal Court","Fort Peck Tribal Court","",,,"TRT","",
"grrondectapp",,,"",,"","2022-12-14 17:22:31.302497+00","t","f","f","625","","Grand Ronde Court of Appeals","Grand Ronde Court of Appeals","",,,"TRA","",
"colvctapp",,,"",,"","2022-12-15 18:01:59.377367+00","t","f","f","611.8","","Colville Confederated Court of Appeals","Colville Confederated Court of Appeals","",,,"TRA","",
"grrondect",,,"",,"","2022-12-15 18:01:59.415908+00","t","f","f","625.1","","Grand Ronde Tribal Court","Grand Ronde Tribal Court","",,,"TRT","",
"hopiappct",,,"",,"","2022-12-15 18:01:59.429637+00","t","f","f","632","","Hopi Appellate Court","Hopi Appellate Court","",,,"TRA","",
"admiraltyctsc",,,"",,"","2022-12-15 18:01:59.281993+00","f","f","f","367.47","","South Carolina Admiralty Court","South Carolina Admiralty Court","",,,"SS","",
"colctyct",,,"",,"","2022-12-15 18:01:59.307151+00","f","f","f","351.1","","Colorado County Court","Colorado County Court","",,,"ST","",
"cosuperct",,,"",,"","2022-12-15 18:01:59.382853+00","f","f","f","351.12","","Coloardo Superior Court","Coloardo Superior Court","",,,"ST","",
"ctchansc",,,"",,"","2022-12-15 18:01:59.394107+00","f","f","f","367.48","","Court of Chancery of South Carolina","Court of Chancery of South Carolina","",,,"ST","",
"dccrimct",,,"",,"","2022-12-15 18:01:59.399505+00","f","f","f","353.75","D.C.","District of Columbia Criminal Court","District of Columbia Criminal Court","",,,"ST","",
"dcorphanct",,,"",,"","2022-12-15 18:01:59.404658+00","f","f","f","353.76","D.C.","District of Columbia Orphans' Court","District of Columbia Orphans' Court","",,,"SS","",
"deptinterior",,,"",,"","2022-12-15 18:01:59.41+00","f","f","f","114.6","","Department of Interior","Department of Interior","",,,"FS","",
"highctjchuk",,,"",,"","2022-12-15 18:01:59.424+00","f","f","f","501.2","High Ct. J. Ch.","High Court of Justice, Chancery Division","High Court of Justice, Chancery Division","",,,"I","",
"houseoflordsuk",,,"",,"","2022-12-15 18:01:59.434983+00","f","f","f","501.1","HL","House of Lords (UK)","House of Lords (UK)","",,,"I","",
"colctyctarapaho",,,"",,"","2023-10-03 01:23:48.664987+00","f","f","f","351.101","","Arapahoe County District Court","Arapahoe County District Court","",,,"ST","","colctyct"
"colctyctbent",,,"",,"","2023-10-03 01:23:48.683297+00","f","f","f","351.102","","Bent County District Court","Bent County District Court","",,,"ST","","colctyct"
"cosuperctdenver",,,"",,"","2023-10-03 01:23:48.765213+00","f","f","f","351.121","","Denver Superior Court","Denver Superior Court","",,,"ST","","cosuperct"
"moheganct",,,"",,"","2022-12-15 18:01:59.588503+00","t","f","f","650.22","","Mohegan Trial Court","Mohegan Trial Court","",,,"TRT","",
"odawactapp",,,"",,"","2022-12-15 18:01:59.641931+00","t","f","f","644","","Little Traverse Bay Bands of Odawa Indians Tribal Appellate Court","Little Traverse Bay Bands of Odawa Indians Tribal Appellate Court","",,,"TRA","",
"mdcirctctbalt",,,"",,"","2022-12-15 18:01:59.533333+00","f","f","f","362.71","","Baltimore City Circuit Court","Baltimore City Circuit Court","",,,"ST","",
"mdcityctbalt",,,"",,"","2022-12-15 18:01:59.538483+00","f","f","f","362.72","","Baltimore City Court","Baltimore City Court","",,,"ST","",
"mdorphanctbalt",,,"",,"","2022-12-15 18:01:59.544087+00","f","f","f","362.73","","Baltimore City Orphans' Court","Baltimore City Orphans' Court","",,,"ST","",
"mdsuperctbalt",,,"",,"","2022-12-15 18:01:59.549285+00","f","f","f","362.74","","Baltimore City Superior Court","Baltimore City Superior Court","",,,"ST","",
"supbenbaltcty",,,"",,"","2022-12-15 18:01:59.554481+00","f","f","f","362.75","","Supreme Bench of Baltimore City","Supreme Bench of Baltimore City","",,,"ST","",
"michrecdetroit",,,"",,"","2022-12-15 18:01:59.561695+00","f","f","f","365.18","Detroit Recorder's Court","Detroit Recorder's Court","Detroit Recorder's Court","",,,"SS","",
"michsuperct",,,"",,"","2022-12-15 18:01:59.567248+00","f","f","f","365.12","Mich. Super. Ct.","Michigan Superior Courts","Michigan Superior Courts","",,,"ST","",
"misschanceryct",,,"",,"","2022-12-15 18:01:59.583425+00","f","f","f","366.02","Miss. Chanc. Ct.","Mississippi Chancery Courts","Mississippi Chancery Courts","",,,"ST","",
"njoytermct",,,"",,"","2022-12-15 18:01:59.635417+00","f","f","f","366.81","","Court of Oyer And Terminer of New Jersey","Court of Oyer And Terminer of New Jersey","",,,"ST","",
"wvactapp",,,"",,"","2024-01-09 19:29:35.436768+00","t","t","f","385.2","","Int. Ct. of App. of W.Va.","Intermediate Court of Appeals of West Virginia","","2022-07-01",,"SA","",
"me",,,"",,"","2025-02-26 18:01:21.453233+00","t","t","f","362.55","Me.","Supreme Judicial Court of Maine","Supreme Judicial Court of Maine","http://www.courts.state.me.us/maine_courts/supreme/","1830-01-01",,"S","Lawbox",
"oneidactapp",,,"",,"","2022-12-15 18:01:59.846551+00","t","f","f","654","","Oneida Appellate Court","Oneida Appellate Court","",,,"TRA","",
"tulalipctapp",,,"",,"","2022-12-15 18:01:59.892579+00","t","f","f","667","","Tulalip Court of Appeals","Tulalip Court of Appeals","",,,"TRA","",
"riviceadmct",,,"",,"","2022-12-15 18:01:59.881822+00","f","f","f","367.355","","Rhode Island Vice Admiralty Court","Rhode Island Vice Admiralty Court","",,,"SS","",
"slcregrec",,,"",,"","2022-12-15 18:01:59.887211+00","f","f","f","369.15","","Salt Lake City Register and Receiver","Salt Lake City Register and Receiver","",,,"SS","",
"uslandoffice",,,"",,"","2022-12-15 18:01:59.904401+00","f","f","f","114.601","US Land Office","United States Land Office","United States Land Office","",,,"FS","",
"ussurveyor",,,"",,"","2022-12-15 18:01:59.909962+00","f","f","f","114.602","","United States Surveyor","United States Surveyor","",,,"FS","",
"usprovctla",,,"",,"","2022-12-15 18:01:59.916015+00","f","f","f","362.503","","United States Provisional Court for the State of Louisiana","United States Provisional Court for the State of Louisiana","",,,"FS","",
"delgensess",,,"",,"","2022-12-19 18:57:17.923322+00","f","f","f","353.4","","Court of General Sessions of Delaware","Court of General Sessions of The Peace And Jail Delivery of Delaware","",,,"ST","",
"coregsalina",,,"",,"","2022-12-19 22:21:38.754637+00","f","f","f","351.15","","Salina Register and Receiver","Salina Register and Receiver","",,,"SS","",
"mdgenct",,,"",,"","2022-12-19 22:23:12.596317+00","f","f","f","362.65","Gen. Ct. Md.","General Court of Maryland","General Court of Maryland","","1778-01-01","1805-12-31","SS","",
"ala",,,"",,"","2023-01-06 19:30:36.039561+00","t","t","f","305","Ala.","Supreme Court of Alabama","Supreme Court of Alabama","http://judicial.alabama.gov/supreme.cfm","1819-01-01",,"S","Lawbox",
"philadeptjust",,,"",,"","2023-10-03 01:23:43.511238+00","f","f","f","114.541","Phila. Dept. Just.","Philadelphia Department of Justice","Philadelphia Department of Justice","",,,"FS","","ag"
"almd","17","t","all",,"27","2023-10-03 01:23:43.599525+00","t","f","f","201","M.D. Ala.","M.D. Alabama","District Court, M.D. Alabama","http://www.almd.uscourts.gov/",,,"FD","Lawbox","usdistct"
"alactapp",,,"",,"","2023-01-06 19:31:10.474279+00","t","f","f","306","Ala. Ct. App.","Alabama Court of Appeals","Alabama Court of Appeals","http://judicial.alabama.gov/","1911-01-01","1969-01-01","SA","Lawbox",
"alacrimapp",,,"",,"","2023-01-06 19:32:11.043561+00","t","t","f","310","Ala. Crim. App.","Court of Criminal Appeals of Alabama","Court of Criminal Appeals of Alabama","http://judicial.alabama.gov/criminal.cfm","1969-01-01",,"SA","Lawbo",
"alacivapp",,,"",,"","2023-01-06 19:33:10.853447+00","t","t","f","311","Ala. Civ. App.","Court of Civil Appeals of Alabama","Court of Civil Appeals of Alabama","http://judicial.alabama.gov/civil.cfm","1969-01-01",,"SA","Lawbox",
"cafc","13","t","orders,opinions,judgments",,"","2023-02-22 15:47:46.790323+00","t","t","t","113","Fed. Cir.","Federal Circuit","Court of Appeals for the Federal Circuit","http://www.cafc.uscourts.gov/","1982-04-02",,"F","",
"caed","33","t","adr,answer,appeal,cmp,discov,minutes,mot2255,motion,notice,order,respm,respoth,service,transfer,trial",,"72","2023-10-03 01:23:43.737215+00","t","f","f","205.06","E.D. Cal.","E.D. California","District Court, E.D. California","http://www.caed.uscourts.gov/",,,"FD","","usdistct"
"casd","37","t","all",,"74","2023-10-03 01:23:43.763456+00","t","f","f","205.2","S.D. Cal.","S.D. California","District Court, S.D. California","http://www.casd.uscourts.gov/",,,"FD","","usdistct"
"cod","39","t","motion,order",,"82","2023-10-03 01:23:43.791236+00","t","f","f","206","D. Colo.","D. Colorado","District Court, D. Colorado","http://www.cod.uscourts.gov/",,,"FD","Lawbox","usdistct"
"ded","43","t","all",,"11","2023-10-03 01:23:43.835234+00","t","f","f","208","D. Del.","D. Delaware","District Court, D. Delaware","http://www.ded.uscourts.gov/",,,"FD","Lawbox","usdistct"
"circtdel",,,"",,"","2023-10-03 01:23:43.855233+00","f","f","f","300.065","Cir. Ct. Del.","Circuit Court of Delaware","U.S. Circuit Court for the District of Delaware","http://www.fjc.gov/history/home.nsf/page/courts_circuit_de.html","1789-09-24","1912-01-01","F","","uscirct"
"flmd","47","t","all",,"3A","2023-10-03 01:23:43.88265+00","t","f","f","208.5","M.D. Fla.","M.D. Florida","District Court, M.D. Florida","http://www.flmd.uscourts.gov/",,,"FD","Lawbox","usdistct"
"flnd","49","f","",,"29","2023-10-03 01:23:43.891297+00","t","f","f","208.51","N.D. Fla.","N.D. Florida","District Court, N.D. Florida","http://www.flnd.uscourts.gov/",,,"FD","Lawbox","usdistct"
"flsd","51","t","all",,"3C","2023-10-03 01:23:43.904277+00","t","f","f","208.52","S.D. Fla.","S.D. Florida","District Court, S.D. Florida","http://www.flsd.uscourts.gov/",,,"FD","Lawbox","usdistct"
"circtndfl",,,"",,"","2023-10-03 01:23:43.915201+00","f","f","f","208.531","C.C.N.D. Fla.","United States Circuit Court for the Northern District of Florida","United States Circuit Court for the Northern District of Florida","",,,"F","Created as part of import of Case.Law data.","uscirct"
"circtsdfl",,,"",,"","2023-10-03 01:23:43.928306+00","f","f","f","208.532","C.C.S.D. Fla.","United States Circuit Court for the Southern District of Florida","United States Circuit Court for the Southern District of Florida","",,,"F","Created as part of import of Case.Law data.","uscirct"
"superctsdfla",,,"",,"","2023-10-03 01:23:43.939196+00","f","f","f","208.54","Super. Ct. S.D. Fla.","Superior Court, S. D. Florida","Superior Court, S. D. Florida","","1828-01-01","1845-12-31","FD","This was a pre-statehood federal court.","usdistct"
"gamd","53","t","order,order-cr",,"3G","2023-10-03 01:23:43.971232+00","t","f","f","208.6","M.D. Ga.","M.D. Georgia","District Court, M.D. Georgia","http://www.gamd.uscourts.gov/",,,"FD","Lawbox","usdistct"
"gasd","57","f","",,"3J","2023-10-03 01:23:43.999246+00","t","f","f","208.62","S.D. Ga.","S.D. Georgia","District Court, S.D. Georgia","http://www.gasd.uscourts.gov/",,,"FD","Lawbox","usdistct"
"hid","61","t","cmp,order,order-cr",,"75","2023-10-03 01:23:44.014963+00","t","f","f","208.9","D. Haw.","D. Hawaii","District Court, D. Hawaii","http://www.hid.uscourts.gov/",,,"FD","Lawbox","usdistct"
"idd","63","t","allx,motion",,"76","2023-10-03 01:23:44.031339+00","t","f","f","209","D. Idaho","D. Idaho","District Court, D. Idaho","http://www.id.uscourts.gov/",,,"FD","lawbox","usdistct"
"ilcd","65","t","all",,"53","2023-10-03 01:23:44.047131+00","t","f","f","209.5","C.D. Ill.","C.D. Illinois","District Court, C.D. Illinois","http://www.ilcd.uscourts.gov/",,,"FD","Lawbox","usdistct"
"ilnd","67","t","order,order-cr,motion,cmp",,"52","2023-10-03 01:23:44.060871+00","t","f","f","210","N.D. Ill.","N.D. Illinois","District Court, N.D. Illinois","http://www.ilnd.uscourts.gov/",,,"FD","Lawbox","usdistct"
"ilsd","69","t","motion,order,order-cr,cmp,charge-cr",,"54","2023-10-03 01:23:44.0792+00","t","f","f","210.1","S.D. Ill.","S.D. Illinois","District Court, S.D. Illinois","http://www.ilsd.uscourts.gov/",,,"FD","Lawbox","usdistct"
"illinoised",,,"",,"","2023-10-03 01:23:44.09311+00","t","f","f","210.5","E.D. Ill.","E.D. Illinois","District Court, E.D. Illinois","https://en.wikipedia.org/wiki/United_States_District_Court_for_the_Eastern_District_of_Illinois","1905-03-03","1978-10-02","FD","Lawbox","usdistct"
"illinoisd",,,"",,"","2023-10-03 01:23:44.103182+00","t","f","f","210.6","D. Ill.","D. Illinois","District Court, D. Illinois","http://www.uscourts.gov/","1819-03-03","1855-02-13","FD","Lawbox","usdistct"
"innd","71","t","all",,"55","2023-10-03 01:23:44.11754+00","t","f","f","211","N.D. Ind.","N.D. Indiana","District Court, N.D. Indiana","http://www.innd.uscourts.gov/","1928-04-21",,"FD","Lawbox

Start date from: https://twitter.com/FedJudicialHist/status/855474313113333761/photo/1","usdistct"
"indianad",,,"",,"","2023-10-03 01:23:44.143451+00","t","f","f","214","D. Ind.","D. Indiana","District Court, D. Indiana","http://www.insd.uscourts.gov/","1817-03-03","1928-04-21","FD","Lawbox","usdistct"
"iand","75","t","motion",,"62","2023-10-03 01:23:44.171939+00","t","f","f","215","N.D. Iowa","N.D. Iowa","District Court, N.D. Iowa","http://www.iand.uscourts.gov/",,,"FD","Lawbox","usdistct"
"iasd","77","t","all",,"63","2023-10-03 01:23:44.178159+00","t","f","f","216","S.D. Iowa","S.D. Iowa","District Court, S.D. Iowa","http://www.iasd.uscourts.gov/",,,"FD","Lawbox","usdistct"
"ksd","79","t","all",,"83","2023-10-03 01:23:44.184857+00","t","f","f","228","D. Kan.","D. Kansas","District Court, D. Kansas","http://www.ksd.uscourts.gov/",,,"FD","Lawbox","usdistct"
"kyd",,,"",,"","2023-10-03 01:23:44.195123+00","f","f","f","228.5","D. Ky.","D. Kentucky","District Court, D. Kentucky","","1789-09-24","1901-02-12","FD","The United States District Court for the District of Kentucky was part of one of the original 13 courts established by the Judiciary Act of 1789, 1 Stat. 73, on September 24, 1789. At the time, Kentucky was not yet a state, but was within the territory of the state of Virginia. The District was unchanged when Kentucky became a state on June 1, 1792. On February 13, 1801, the Judiciary Act of 1801, 2 Stat. 89, abolished the U.S. district court in Kentucky, but the repeal of this Act restored the District on March 8, 1802, 2 Stat. 132. The District was subdivided into Eastern and Western Districts on February 12, 1901, by 31 Stat. 781.","usdistct"
"kyed","81","f","",,"43","2023-10-03 01:23:44.211133+00","t","f","f","229","E.D. Ky.","E.D. Kentucky","District Court, E.D. Kentucky","http://www.kyed.uscourts.gov/",,,"FD","Lawbox","usdistct"
"kywd","83","t","all",,"44","2023-10-03 01:23:44.222476+00","t","f","f","230","W.D. Ky.","W.D. Kentucky","District Court, W.D. Kentucky","http://www.kywd.uscourts.gov/",,,"FD","Lawbox","usdistct"
"lad",,,"",,"","2023-10-03 01:23:44.234206+00","f","f","f","230.5","D. La.","D. Louisiana","District Court, D. Louisiana","","1812-04-08","1881-03-03","FD","This court was divided and reunified multiple times.","usdistct"
"laed","85","t","all",,"3L","2023-10-03 01:23:44.244374+00","t","f","f","231","E.D. La.","E.D. Louisiana","District Court, E.D. Louisiana","http://www.laed.uscourts.gov/",,,"FD","Lawbox","usdistct"
"mod",,,"",,"","2023-10-03 01:23:44.407165+00","f","f","f","241.4","D. Mo.","D. Missouri","District Court, D. Missouri","","1822-03-16","1857-03-03","FD","https://en.wikipedia.org/wiki/List_of_former_United_States_district_courts#Mississippi","usdistct"
"moed","107","t","all",,"65","2023-10-03 01:23:44.413576+00","t","f","f","242","E.D. Mo.","E.D. Missouri","District Court, E.D. Missouri","http://www.moed.uscourts.gov/",,,"FD","Lawbox","usdistct"
"mowd","109","t","order,order-cr,motion",,"66","2023-10-03 01:23:44.427121+00","t","f","f","242.1","W.D. Mo.","W.D. Missouri","District Court, W.D. Missouri","http://www.mow.uscourts.gov/",,,"FD","Lawbox","usdistct"
"ned","113","t","all",,"67","2023-10-03 01:23:44.44553+00","t","f","f","242.2","D. Neb.","D. Nebraska","District Court, D. Nebraska","http://www.ned.uscourts.gov/",,,"FD","Lawbox","usdistct"
"nvd","115","t","all",,"78","2023-10-03 01:23:44.457242+00","t","f","f","242.5","D. Nev.","D. Nevada","District Court, D. Nevada","http://www.nvd.uscourts.gov/",,,"FD","Lawbox","usdistct"
"nhd","117","t","all",,"02","2023-10-03 01:23:44.479561+00","t","f","f","243","D.N.H.","D. New Hampshire","District Court, D. New Hampshire","http://www.nhd.uscourts.gov/",,,"FD","Lawbox","usdistct"
"njd","119","t","all",,"12","2023-10-03 01:23:44.491148+00","t","f","f","243.5","D.N.J.","D. New Jersey","District Court, D. New Jersey","http://www.njd.uscourts.gov/","1789-09-24",,"FD","Lawbox","usdistct"
"nmd","121","t","motion,order,order-cr,answer,appeal,appeal-cr,bankruptcy,cmp,inmate,minutes,misc,misccs,mot2255,notice-cr,reporter,reporter-cr,respm,respm-cr,respoth,service,transfer,transfer-cr,trial,trial-cr",,"84","2023-10-03 01:23:44.503309+00","t","f","f","243.7","D.N.M.","D. New Mexico","District Court, D. New Mexico","http://www.nmcourt.fed.us/web/DCDOCS/dcindex.html",,,"FD","Lawbox","usdistct"
"nyd",,,"",,"","2023-10-03 01:23:44.516877+00","f","f","f","244.7","D. N.Y.","D. New York","District Court, D. New York","","1789-09-24","1814-04-09","FD","","usdistct"
"nyed","123","t","all",,"07","2023-10-03 01:23:44.528953+00","t","f","f","244.8","E.D.N.Y","E.D. New York","District Court, E.D. New York","http://www.nyed.uscourts.gov/",,,"FD","Lawbox","usdistct"
"nynd","125","t","cmp,order,order-cr,motion",,"06","2023-10-03 01:23:44.536524+00","t","f","f","244.9","N.D.N.Y.","N.D. New York","District Court, N.D. New York","http://www.nynd.uscourts.gov/",,,"FD","Lawbox","usdistct"
"nysd","127","t","adr,answer,appeal,appeal-cr,charge-cr,cmp,discov,discovery-cr,misc,misc-cr,misccs,mot2255,motion,notice,notice-cr,order,order-cr,respm,respm-cr,respoth,service,service-cr,transfer,transfer-cr,trial,trial-cr,waiver-cr,detention-cr,minutes,minutes-cr,plea",,"08","2023-10-03 01:23:44.555933+00","t","f","f","245","S.D.N.Y.","S.D. New York","District Court, S.D. New York","http://www.nysd.uscourts.gov/",,,"FD","","usdistct"
"nywd","129","f","",,"09","2023-10-03 01:23:44.56372+00","t","f","f","245.05","W.D.N.Y.","W.D. New York","District Court, W.D. New York","http://www.nywd.uscourts.gov/",,,"FD","Lawbox","usdistct"
"nced","131","t","all",,"17","2023-10-03 01:23:44.583339+00","t","f","f","245.1","E.D.N.C.","E.D. North Carolina","District Court, E.D. North Carolina","http://www.nced.uscourts.gov/",,,"FD","Lawbox","usdistct"
"ncmd","133","t","all",,"18","2023-10-03 01:23:44.59545+00","t","f","f","245.15","M.D.N.C.","M.D. North Carolina","District Court, M.D. North Carolina","http://www.ncmd.uscourts.gov/",,,"FD","Lawbox","usdistct"
"ncwd","135","t","all",,"19","2023-10-03 01:23:44.61534+00","t","f","f","245.2","W.D.N.C.","W.D. North Carolina","District Court, W.D. North Carolina","http://www.ncwd.uscourts.gov/",,,"FD","Lawbox","usdistct"
"circtnc",,,"",,"","2023-10-03 01:23:44.631191+00","f","f","f","300.29","Cir. Ct. N.C.","Circuit Court of North Carolina","U.S. Circuit Court for the District of North Carolina","http://www.fjc.gov/history/home.nsf/page/courts_circuit_nc.html","1790-06-04","1912-01-01","F","","uscirct"
"ndd","137","f","",,"68","2023-10-03 01:23:44.647177+00","t","f","f","245.3","D.N.D.","D. North Dakota","District Court, D. North Dakota","http://www.ndd.uscourts.gov/",,,"FD","Lawbox","usdistct"
"ncd",,,"",,"","2023-10-03 01:23:44.661174+00","f","f","f","245.5","D.N.C.","D. North Carolina","District Court, D. North Carolina","","1790-06-04","1802-04-29","FD","","usdistct"
"ohnd","141","t","cmp,order,order_cr,motion,charge_cr",,"47","2023-10-03 01:23:44.67126+00","t","f","f","245.8","N.D. Ohio","N.D. Ohio","District Court, N.D. Ohio","http://www.ohnd.uscourts.gov/",,,"FD","Lawbox","usdistct"
"ohsd","143","t","all",,"48","2023-10-03 01:23:44.687195+00","t","f","f","245.91","S.D. Ohio","S.D. Ohio","District Court, S.D. Ohio","http://www.ohsd.uscourts.gov/",,,"FD","Lawbox","usdistct"
"ohiod",,,"",,"","2023-10-03 01:23:44.703296+00","t","f","f","245.92","D. Ohio","D. Ohio","District Court, D. Ohio","http://www.uscourts.gov/","1803-02-19","1855-02-10","FD","Lawbox","usdistct"
"oked","145","f","",,"86","2023-10-03 01:23:44.723398+00","t","f","f","245.95","E.D. Okla.","E.D. Oklahoma","District Court, E.D. Oklahoma","http://www.oked.uscourts.gov/",,,"FD","Lawbox","usdistct"
"oknd","147","f","",,"85","2023-10-03 01:23:44.734304+00","t","f","f","245.99","N.D. Okla.","N.D. Oklahoma","District Court, N.D. Oklahoma","http://www.oknd.uscourts.gov/",,,"FD","Lawbox","usdistct"
"okwd","149","t","all",,"87","2023-10-03 01:23:44.744995+00","t","f","f","246","W.D. Okla.","W.D. Oklahoma","District Court, W.D. Oklahoma","http://www.uscourts.gov/",,,"FD","Lawbox","usdistct"
"ord","151","t","all",,"79","2023-10-03 01:23:44.755297+00","t","f","f","247","D. Or.","D. Oregon","District Court, D. Oregon","http://www.ord.uscourts.gov/",,,"FD","Lawbox","usdistct"
"paed","153","t","all",,"13","2023-10-03 01:23:44.771339+00","t","f","f","247.9","E.D. Pa.","E.D. Pennsylvania","District Court, E.D. Pennsylvania","http://www.paed.uscourts.gov/",,,"FD","Lawbox","usdistct"
"pamd","155","f","",,"14","2023-10-03 01:23:44.783227+00","t","f","f","247.95","M.D. Penn.","M.D. Pennsylvania","District Court, M.D. Pennsylvania","http://www.pamd.uscourts.gov/",,,"FD","Lawbox","usdistct"
"pawd","157","t","order,order-cr,motion,cmp",,"15","2023-10-03 01:23:44.792914+00","t","f","f","248","W.D. Pa.","W.D. Pennsylvania","District Court, W.D. Pennsylvania","http://www.pawd.uscourts.gov/",,,"FD","Lawbox","usdistct"
"pennsylvaniad",,,"",,"","2023-10-03 01:23:44.811242+00","t","f","f","248.1","D. Pa.","D. Pennsylvania","District Court, D. Pennsylvania","http://www.uscourts.gov/","1789-09-24","1818-04-20","FD","Lawbox

The United States District Court for the District of Pennsylvania was one of the original 13 courts established by the Judiciary Act of 1789, 1 Stat. 73, on September 24, 1789.[56][57] It was subdivided on April 20, 1818, by 3 Stat. 462,[56][57] into the Eastern and Western Districts, to be headquartered in Philadelphia and Pittsburgh, respectively.

https://en.wikipedia.org/wiki/List_of_former_United_States_district_courts#Pennsylvania","usdistct"
"rid","161","t","all",,"03","2023-10-03 01:23:44.823283+00","t","f","f","248.5","D.R.I.","D. Rhode Island","District Court, D. Rhode Island","http://www.rid.uscourts.gov/",,,"FD","Lawbox","usdistct"
"scd","163","t","all",,"20","2023-10-03 01:23:44.83925+00","t","f","f","248.6","D.S.C.","D. South Carolina","District Court, D. South Carolina","http://www.scd.uscourts.gov/",,,"FD","Lawbox","usdistct"
"southcarolinaed",,,"",,"","2023-10-03 01:23:44.851437+00","t","f","f","249","E.D.S.C.","E.D. South Carolina","District Court, E.D. South Carolina","http://www.scd.uscourts.gov/","1823-02-21","1965-10-07","FD","Lawbox","usdistct"
"southcarolinawd",,,"",,"","2023-10-03 01:23:44.867692+00","t","f","f","249.1","W.D.S.C.","W.D. South Carolina","District Court, W.D. South Carolina","http://www.ncwd.uscourts.gov/","1823-02-21","1965-10-07","FD","Lawbox","usdistct"
"sdd","165","t","all",,"69","2023-10-03 01:23:44.883364+00","t","f","f","249.5","D.S.D.","D. South Dakota","District Court, D. South Dakota","http://www.sdd.uscourts.gov/",,,"FD","Lawbox","usdistct"
"tned","167","t","all",,"49","2023-10-03 01:23:44.901854+00","t","f","f","249.6","E.D. Tenn.","E.D. Tennessee","District Court, E.D. Tennessee","http://www.tned.uscourts.gov/",,,"FD","Lawbox","usdistct"
"tnwd","171","t","all",,"51","2023-10-03 01:23:44.93531+00","t","f","f","249.8","W.D. Tenn.","W.D. Tennessee","District Court, W.D. Tennessee","http://www.tnwd.uscourts.gov/",,,"FD","Lawbox","usdistct"
"txnd","177","t","order,order-cr,charge-cr,cmp,answer",,"39","2023-10-03 01:23:45.01368+00","t","f","f","250.1","N.D. Tex.","N.D. Texas","District Court, N.D. Texas","http://www.txnd.uscourts.gov/",,,"FD","Lawbox","usdistct"
"txsd","179","t","all",,"41","2023-10-03 01:23:45.026191+00","t","f","f","250.5","S.D. Tex.","S.D. Texas","District Court, S.D. Texas","http://www.txs.uscourts.gov/",,,"FD","","usdistct"
"txwd","181","t","all",,"42","2023-10-03 01:23:45.03483+00","t","f","f","251","W.D. Tex.","W.D. Texas","District Court, W.D. Texas","http://www.txwd.uscourts.gov/",,,"FD","","usdistct"
"utd","183","t","order,order-cr,motion",,"88","2023-10-03 01:23:45.04107+00","t","f","f","251.1","D. Utah","D. Utah","District Court, D. Utah","http://www.utd.uscourts.gov/",,,"FD","Lawbox","usdistct"
"vtd","185","t","all",,"10","2023-10-03 01:23:45.053779+00","t","f","f","252","D. Vt.","D. Vermont","District Court, D. Vermont","http://www.vtd.uscourts.gov/",,,"FD","Lawbox","usdistct"
"vad",,,"",,"","2023-10-03 01:23:45.072876+00","f","f","f","278","D. Va.","D. Virginia","District Court, D. Virginia","","1789-09-24","1819-02-04","FD","","usdistct"
"vaed","189","f","",,"22","2023-10-03 01:23:45.079271+00","t","f","f","279","E.D. Va.","E.D. Virginia","District Court, E.D. Virginia","http://www.vaed.uscourts.gov/",,,"FD","Lawbox","usdistct"
"vawd","191","t","all",,"23","2023-10-03 01:23:45.085985+00","t","f","f","280","W.D. Va.","W.D. Virginia","District Court, W.D. Virginia","http://www.vawd.uscourts.gov/",,,"FD","Lawbox","usdistct"
"washd",,,"",,"","2023-10-03 01:23:45.095792+00","f","f","f","288","D. Wash.","D. Washington","District Court, D. Washington","","1890-04-05","1905-03-02","FD","","usdistct"
"waed","195","t","all",,"80","2023-10-03 01:23:45.106295+00","t","f","f","289","E.D. Wash.","E.D. Washington","District Court, E.D. Washington","http://www.waed.uscourts.gov/","1905-03-02",,"FD","Lawbox","usdistct"
"wawd","197","t","all",,"81","2023-10-03 01:23:45.119216+00","t","f","f","290","W.D. Wash.","W.D. Washington","District Court, W.D. Washington","http://www.wawd.uscourts.gov/","1905-03-02",,"FD","Lawbox","usdistct"
"wvad",,"f","",,"","2023-10-03 01:23:45.135263+00","f","f","f","293","D. W.Va.","D. West Virginia","District Court, D. West Virginia","","1864-06-11","1901-01-22","FD","","usdistct"
"wvnd","199","t","all",,"24","2023-10-03 01:23:45.144965+00","t","f","f","294","N.D.W. Va.","N.D. West Virginia","District Court, N.D. West Virginia","http://www.wvnd.uscourts.gov/",,,"FD","Lawbox","usdistct"
"wvsd","201","t","all",,"25","2023-10-03 01:23:45.163246+00","t","f","f","295","S.D.W. Va","S.D. West Virginia","District Court, S.D. West Virginia","http://www.wvsd.uscourts.gov/",,,"FD","Lawbox","usdistct"
"wisd",,,"",,"","2023-10-03 01:23:45.173686+00","f","f","f","296","D. Wis.","D. Wisconsin","District Court, D. Wisconsin","","1848-05-29","1870-06-30","FD","","usdistct"
"wied","203","t","all",,"57","2023-10-03 01:23:45.187247+00","t","f","f","297","E.D. Wis.","E.D. Wisconsin","District Court, E.D. Wisconsin","http://www.wied.uscourts.gov/",,,"FD","Lawbox","usdistct"
"wiwd","205","t","all",,"58","2023-10-03 01:23:45.198561+00","t","f","f","298","W.D. Wis.","W.D. Wisconsin","District Court, W.D. Wisconsin","http://www.wiwd.uscourts.gov/",,,"FD","Lawbox","usdistct"
"wyd","207","t","all",,"89","2023-10-03 01:23:45.209645+00","t","f","f","299","D. Wyo.","D. Wyoming","District Court, D. Wyoming","http://www.wyd.uscourts.gov/",,,"FD","Lawbox","usdistct"
"canalzoned",,,"",,"","2023-10-03 01:23:45.223328+00","t","f","f","299.1","D.C.Z.","District Court, Canal Zone","District Court, Canal Zone","https://en.wikipedia.org/wiki/United_States_District_Court_for_the_Canal_Zone","1937-07-26","1982-03-31","FD","Lawbox.","usdistct"
"gud","59","t","all",,"93","2023-10-03 01:23:45.236014+00","t","f","f","299.3","D. Guam","D. Guam","District Court, D. Guam","http://www.gud.uscourts.gov/",,,"FD","Lawbox","usdistct"
"nmid","139","t","order,order-cr,motion",,"94","2023-10-03 01:23:45.24641+00","t","f","f","299.4","N. Mar. I.","Northern Mariana Islands","District Court, Northern Mariana Islands","http://www.nmid.uscourts.gov/",,,"FD","Lawbox. Includes Bankruptcy Division.","usdistct"
"prd","159","t","all",,"04","2023-10-03 01:23:45.261157+00","t","f","f","299.5","D.P.R.","D. Puerto Rico","District Court, D. Puerto Rico","http://www.prd.uscourts.gov/",,,"FD","Lawbox","usdistct"
"vid","193","t","order,order-cr",,"91","2023-10-03 01:23:45.276847+00","t","f","f","299.9","D.V.I.","Virgin Islands","District Court, Virgin Islands","http://www.vid.uscourts.gov/",,,"FD","Lawbox","usdistct"
"circtwdar",,,"",,"","2023-10-03 01:23:45.367195+00","f","f","f","300.03","","U.S. Circuit Court for the District of Western Arkansas","U.S. Circuit Court for the District of Western Arkansas","","1851-01-01","1911-12-31","F","","uscirct"
"circtdterrar",,,"",,"","2023-10-03 01:23:45.37706+00","f","f","f","300.035","","U.S. Circuit Court for the District of Territory of Arkansas","U.S. Circuit Court for the District of Territory of Arkansas","","1819-01-01","1836-12-31","F","","uscirct"
"circtdca",,,"",,"","2023-10-03 01:23:45.390769+00","f","f","f","300.04","","U.S. Circuit Court for the District of California","U.S. Circuit Court for the District of California","","1855-01-01","1863-12-31","F","","uscirct"
"circtndca",,,"",,"","2023-10-03 01:23:45.404709+00","f","f","f","300.045","","U.S. Circuit Court for the District of Northern California","U.S. Circuit Court for the District of Northern California","","1863-01-01","1911-12-31","F","","uscirct"
"circtsdca",,,"",,"","2023-10-03 01:23:45.42253+00","f","f","f","300.05","","U.S. Circuit Court for the District of Southern California","U.S. Circuit Court for the District of Southern California","","1863-01-01","1911-12-31","F","","uscirct"
"circtdco",,,"",,"","2023-10-03 01:23:45.443228+00","f","f","f","300.055","","U.S. Circuit Court for the District of Colorado","U.S. Circuit Court for the District of Colorado","","1876-01-01","1911-12-31","F","","uscirct"
"circtsdga",,,"",,"","2023-10-03 01:23:45.477365+00","f","f","f","300.08","","U.S. Circuit Court for the Southern District of Georgia","U.S. Circuit Court for the Southern District of Georgia","","1848-01-01","1911-12-31","F","","uscirct"
"circtdid",,,"",,"","2023-10-03 01:23:45.48476+00","f","f","f","300.085","","U.S. Circuit Court for the District of Idaho","U.S. Circuit Court for the District of Idaho","","1890-01-01","1911-12-31","F","","uscirct"
"circtedil",,,"",,"","2023-10-03 01:23:45.514719+00","f","f","f","300.095","","U.S. Circuit Court for the Eastern District of Illinois","U.S. Circuit Court for the Eastern District of Illinois","","1905-01-01","1911-12-31","F","","uscirct"
"circtndil",,,"",,"","2023-10-03 01:23:45.521284+00","f","f","f","300.1","","U.S. Circuit Court for the Northern District of Illnois","U.S. Circuit Court for the Northern District of Illnois","","1855-01-01","1911-12-31","F","","uscirct"
"circtsdil",,,"",,"","2023-10-03 01:23:45.528066+00","f","f","f","300.105","","U.S. Circuit Court for the Southern District of Illnois","U.S. Circuit Court for the Southern District of Illnois","","1855-01-01","1911-12-31","F","","uscirct"
"circtnia",,,"",,"","2023-10-03 01:23:45.552958+00","f","f","f","300.115","","U.S. Circuit Court for the District of Northern Iowa","U.S. Circuit Court for the District of Northern Iowa","","1882-01-01","1911-12-31","F","","uscirct"
"circtsdia",,,"",,"","2023-10-03 01:23:45.567644+00","f","f","f","300.12","","U.S. Circuit Court for the Southern District of Iowa","U.S. Circuit Court for the Southern District of Iowa","","1882-01-01","1911-12-31","F","","uscirct"
"circtdia",,,"",,"","2023-10-03 01:23:45.575589+00","f","f","f","300.125","","U.S. Circuit Court for the District of Iowa","U.S. Circuit Court for the District of Iowa","","1862-01-01","1882-12-31","F","","uscirct"
"circtdks",,,"",,"","2023-10-03 01:23:45.591193+00","f","f","f","300.13","","U.S. Circuit Court for the District of Kansas","U.S. Circuit Court for the District of Kansas","","1862-01-01","1911-12-31","F","","uscirct"
"circtedky",,,"",,"","2023-10-03 01:23:45.597416+00","f","f","f","300.135","","U.S. Circuit Court for the District of Eastern Kentucky","U.S. Circuit Court for the District of Eastern Kentucky","","1901-01-01","1911-12-31","F","","uscirct"
"circtdky",,,"",,"","2023-10-03 01:23:45.603865+00","f","f","f","300.14","","U.S. Circuit Court for the District of Kentucky","U.S. Circuit Court for the District of Kentucky","","1807-01-01","1901-12-31","F","","uscirct"
"circtwdky",,,"",,"","2023-10-03 01:23:45.61035+00","f","f","f","300.145","","U.S. Circuit Court for the District of Western Kentucky","U.S. Circuit Court for the District of Western Kentucky","","1901-01-01","1911-12-31","F","","uscirct"
"circtedla",,,"",,"","2023-10-03 01:23:45.618475+00","f","f","f","300.15","","U.S. Circuit Court for the District of Eastern Louisiana","U.S. Circuit Court for the District of Eastern Louisiana","","1837-01-01","1911-12-31","F","","uscirct"
"circtdla",,,"",,"","2023-10-03 01:23:45.628696+00","f","f","f","300.155","","U.S. Circuit Court for the District of Louisiana","U.S. Circuit Court for the District of Louisiana","","1845-01-01","1849-12-31","F","","uscirct"
"circtwdla",,,"",,"","2023-10-03 01:23:45.639511+00","f","f","f","300.16","","U.S. Circuit Court for the District of Western Louisiana","U.S. Circuit Court for the District of Western Louisiana","","1837-01-01","1911-12-31","F","","uscirct"
"circtdme",,,"",,"","2023-10-03 01:23:45.659517+00","f","f","f","300.165","","U.S. Circuit Court for the District of Maine","U.S. Circuit Court for the District of Maine","","1820-01-01","1911-12-31","F","","uscirct"
"circtdmd",,,"",,"","2023-10-03 01:23:45.671206+00","f","f","f","300.17","","U.S. Circuit Court for the District of Maryland","U.S. Circuit Court for the District of Maryland","","1789-01-01","1911-12-31","F","","uscirct"
"circtdma",,,"",,"","2023-10-03 01:23:45.687466+00","f","f","f","300.175","","U.S. Circuit Court for the District of Massachusetts","U.S. Circuit Court for the District of Massachusetts","","1789-01-01","1911-12-31","F","","uscirct"
"circtedmi",,,"",,"","2023-10-03 01:23:45.695675+00","f","f","f","300.18","","U.S. Circuit Court for the District of Eastern Michigan","U.S. Circuit Court for the District of Eastern Michigan","","1863-01-01","1911-12-31","F","","uscirct"
"circtwdmi",,,"",,"","2023-10-03 01:23:45.702052+00","f","f","f","300.185","","U.S. Circuit Court for the District of Western Michigan","U.S. Circuit Court for the District of Western Michigan","","1863-01-01","1911-12-31","F","","uscirct"
"circtdmi",,,"",,"","2023-10-03 01:23:45.708833+00","f","f","f","300.19","","U.S. Circuit Court for the District of Michigan","U.S. Circuit Court for the District of Michigan","","1837-01-01","1862-12-31","F","","uscirct"
"circtdmn",,,"",,"","2023-10-03 01:23:45.715813+00","f","f","f","300.195","","U.S. Circuit Court for the District of Minnesota","U.S. Circuit Court for the District of Minnesota","","1862-01-01","1911-12-31","F","","uscirct"
"circtmissterr",,,"",,"","2023-10-03 01:23:45.722027+00","f","f","f","300.2","","U.S. Circuit Court for the Mississippi Territory","U.S. Circuit Court for the Mississippi Territory","",,,"F","","uscirct"
"circtdms",,,"",,"","2023-10-03 01:23:45.732739+00","f","f","f","300.201","","U.S. Circuit Court for the District of Mississippi","U.S. Circuit Court for the District of Mississippi","",,,"F","","uscirct"
"circtndms",,,"",,"","2023-10-03 01:23:45.755208+00","f","f","f","300.205","","U.S. Circuit Court for the District of Northern Mississippi","U.S. Circuit Court for the District of Northern Mississippi","","1838-01-01","1911-12-31","F","","uscirct"
"circtsdms",,,"",,"","2023-10-03 01:23:45.775403+00","f","f","f","300.21","","U.S. Circuit Court for the District of Southern Mississippi","U.S. Circuit Court for the District of Southern Mississippi","","1838-01-01","1911-12-31","F","","uscirct"
"circtedmo",,,"",,"","2023-10-03 01:23:45.786263+00","f","f","f","300.215","","U.S. Circuit Court for the District of Eastern Missouri","U.S. Circuit Court for the District of Eastern Missouri","","1857-01-01","1911-12-31","F","","uscirct"
"circtdmo",,,"",,"","2023-10-03 01:23:45.795267+00","f","f","f","300.22","","U.S. Circuit Court for the District of Missouri","U.S. Circuit Court for the District of Missouri","","1837-01-01","1872-12-31","F","","uscirct"
"circtwdmo",,,"",,"","2023-10-03 01:23:45.805392+00","f","f","f","300.225","","U.S. Circuit Court for the District of Western Missouri","U.S. Circuit Court for the District of Western Missouri","","1857-01-01","1911-12-31","F","","uscirct"
"circtdmt",,,"",,"","2023-10-03 01:23:45.813364+00","f","f","f","300.23","","U.S. Circuit Court for the District of Montana","U.S. Circuit Court for the District of Montana","","1889-01-01","1911-12-31","F","","uscirct"
"circtdne",,,"",,"","2023-10-03 01:23:45.82488+00","f","f","f","300.235","","U.S. Circuit Court for the District of Nebraska","U.S. Circuit Court for the District of Nebraska","","1867-01-01","1911-12-31","F","","uscirct"
"circtdnv",,,"",,"","2023-10-03 01:23:45.832828+00","f","f","f","300.24","","U.S. Circuit Court for the District of Nevada","U.S. Circuit Court for the District of Nevada","","1865-01-01","1911-12-31","F","","uscirct"
"circtdnh",,,"",,"","2023-10-03 01:23:45.847201+00","f","f","f","300.245","","U.S. Circuit Court for the District of New Hampshire","U.S. Circuit Court for the District of New Hampshire","","1789-01-01","1911-12-31","F","","uscirct"
"circtdnj",,,"",,"","2023-10-03 01:23:45.862572+00","f","f","f","300.25","","U.S. Circuit Court for the District of New Jersey","U.S. Circuit Court for the District of New Jersey","","1789-01-01","1911-12-31","F","","uscirct"
"circtny",,,"",,"","2023-10-03 01:23:45.872853+00","f","f","f","300.255","","U.S. Circuit Court for New York","U.S. Circuit Court for New York","",,,"F","","uscirct"
"circtdalbanyny",,,"",,"","2023-10-03 01:23:45.895454+00","f","f","f","300.26","","U.S. Circuit Court for the District of Albany New York","U.S. Circuit Court for the District of Albany New York","","1801-01-01","1802-12-31","F","","uscirct"
"circtedny",,,"",,"","2023-10-03 01:23:45.919241+00","f","f","f","300.265","","U.S. Circuit Court for the District of Eastern New York","U.S. Circuit Court for the District of Eastern New York","","1865-01-01","1911-12-31","F","","uscirct"
"circtndny",,,"",,"","2023-10-03 01:23:45.9369+00","f","f","f","300.27","","U.S. Circuit Court for the District of Northern New York","U.S. Circuit Court for the District of Northern New York","","1814-01-01","1911-12-31","F","","uscirct"
"circtsdny",,,"",,"","2023-10-03 01:23:45.95523+00","f","f","f","300.275","","U.S. Circuit Court for the District of Southern New York","U.S. Circuit Court for the District of Southern New York","","1814-01-01","1911-12-31","F","","uscirct"
"circtwdny",,,"",,"","2023-10-03 01:23:45.964754+00","f","f","f","300.28","","U.S. Circuit Court for the District of Western New York","U.S. Circuit Court for the District of Western New York","","1900-01-01","1911-12-31","F","","uscirct"
"circtednc",,,"",,"","2023-10-03 01:23:45.971399+00","f","f","f","300.285","","U.S. Circuit Court for the District of Eastern North Carolina","U.S. Circuit Court for the District of Eastern North Carolina","","1872-01-01","1911-12-31","F","","uscirct"
"circtcapefearnc",,,"",,"","2023-10-03 01:23:45.978083+00","f","f","f","300.295","","U.S. Circuit Court District of Cape Fear (North Carolina)","U.S. Circuit Court District of Cape Fear (North Carolina)","","1801-01-01","1872-12-31","F","","uscirct"
"circtwdnc",,,"",,"","2023-10-03 01:23:46.047217+00","f","f","f","300.325","","U.S. Circuit Court for the District of Western North Carolina","U.S. Circuit Court for the District of Western North Carolina","","1872-01-01","1911-12-31","F","","uscirct"
"circtdnd",,,"",,"","2023-10-03 01:23:46.057226+00","f","f","f","300.33","","U.S. Circuit Court for the District of North Dakota","U.S. Circuit Court for the District of North Dakota","","1889-01-01","1911-12-31","F","","uscirct"
"circtndoh",,,"",,"","2023-10-03 01:23:46.067567+00","f","f","f","300.335","","U.S. Circuit Court for the District of Northern Ohio","U.S. Circuit Court for the District of Northern Ohio","","1855-01-01","1911-12-31","F","","uscirct"
"circtsdoh",,,"",,"","2023-10-03 01:23:46.081276+00","f","f","f","300.34","","U.S. Circuit Court for the District of Southern Ohio","U.S. Circuit Court for the District of Southern Ohio","","1855-01-01","1911-12-31","F","","uscirct"
"circtdoh",,,"",,"","2023-10-03 01:23:46.087903+00","f","f","f","300.345","","U.S. Circuit Court for the District of Ohio","U.S. Circuit Court for the District of Ohio","","1801-01-01","1855-12-31","F","","uscirct"
"circtedok",,,"",,"","2023-10-03 01:23:46.103264+00","f","f","f","300.35","","U.S. Circuit Court for the District of Eastern Oklahoma","U.S. Circuit Court for the District of Eastern Oklahoma","","1906-01-01","1911-12-31","F","","uscirct"
"circtwdok",,,"",,"","2023-10-03 01:23:46.112758+00","f","f","f","300.355","","U.S. Circuit Court for the District of Western Oklahoma","U.S. Circuit Court for the District of Western Oklahoma","","1906-01-01","1911-12-31","F","","uscirct"
"okd",,,"",,"","2023-10-03 01:23:46.119291+00","f","f","f","300.356","","United States District Court for the District of Oklahoma","United States District Court for the District of Oklahoma","",,,"FD","Created as part of import of Case.Law data.","usdistct"
"circtdor",,,"",,"","2023-10-03 01:23:46.13533+00","f","f","f","300.36","","U.S. Circuit Court for the District of Oregon","U.S. Circuit Court for the District of Oregon","","1863-01-01","1911-12-31","F","","uscirct"
"circtedpa",,,"",,"","2023-10-03 01:23:46.147156+00","f","f","f","300.365","","U.S. Circuit Court for the District of Eastern Pennsylvania","U.S. Circuit Court for the District of Eastern Pennsylvania","","1818-01-01","1911-12-31","F","","uscirct"
"circtmdpa",,,"",,"","2023-10-03 01:23:46.163437+00","f","f","f","300.37","","U.S. Circuit Court for the District of Middle Pennsylvania","U.S. Circuit Court for the District of Middle Pennsylvania","","1901-01-01","1911-12-31","F","","uscirct"
"circtdpa",,,"",,"","2023-10-03 01:23:46.179318+00","f","f","f","300.375","","U.S. Circuit Court for the District of Pennsylvania","U.S. Circuit Court for the District of Pennsylvania","","1789-01-01","1818-12-31","F","","uscirct"
"circtwdpa",,,"",,"","2023-10-03 01:23:46.19523+00","f","f","f","300.38","","U.S. Circuit Court for the District of Western Pennsylvania","U.S. Circuit Court for the District of Western Pennsylvania","","1818-01-01","1911-12-31","F","","uscirct"
"circtdri",,,"",,"","2023-10-03 01:23:46.204437+00","f","f","f","300.385","","U.S. Circuit Court for the District of Rhode Island","U.S. Circuit Court for the District of Rhode Island","","1790-01-01","1911-12-31","F","","uscirct"
"circtdsc",,,"",,"","2023-10-03 01:23:46.211851+00","f","f","f","300.39","","U.S. Circuit Court for the District of South Carolina","U.S. Circuit Court for the District of South Carolina","","1789-01-01","1911-12-31","F","","uscirct"
"circtedsc",,,"",,"","2023-10-03 01:23:46.218535+00","f","f","f","300.391","","United States Circuit Court for the Eastern District of South Carolina","United States Circuit Court for the Eastern District of South Carolina","",,,"F","","uscirct"
"circtdsd",,,"",,"","2023-10-03 01:23:46.231345+00","f","f","f","300.395","","U.S. Circuit Court for the District of South Dakota","U.S. Circuit Court for the District of South Dakota","","1889-01-01","1911-12-31","F","","uscirct"
"circtedtn",,,"",,"","2023-10-03 01:23:46.243894+00","f","f","f","300.4","","U.S. Circuit Court for the District of Eastern Tennessee","U.S. Circuit Court for the District of Eastern Tennessee","","1808-01-01","1911-12-31","F","","uscirct"
"circtmdtn",,,"",,"","2023-10-03 01:23:46.259228+00","f","f","f","300.405","","U.S. Circuit Court for the District of Middle Tennessee","U.S. Circuit Court for the District of Middle Tennessee","","1839-01-01","1911-12-31","F","","uscirct"
"circtwdtn",,,"",,"","2023-10-03 01:23:46.275204+00","f","f","f","300.415","","U.S. Circuit Court for the District of Western Tennessee","U.S. Circuit Court for the District of Western Tennessee","","1808-01-01","1911-12-31","F","","uscirct"
"circtdtx",,,"",,"","2023-10-03 01:23:46.29116+00","f","f","f","300.42","","U.S. Circuit Court for the District of Texas","U.S. Circuit Court for the District of Texas","","1845-12-29","1857-02-21","F","","uscirct"
"circtedtx",,,"",,"","2023-10-03 01:23:46.307194+00","f","f","f","300.425","","U.S. Circuit Court for the District of Eastern Texas","U.S. Circuit Court for the District of Eastern Texas","","1862-01-01","1911-12-31","F","","uscirct"
"circtndtx",,,"",,"","2023-10-03 01:23:46.323143+00","f","f","f","300.43","","U.S. Circuit Court for the District of Northern Texas","U.S. Circuit Court for the District of Northern Texas","","1879-01-01","1911-12-31","F","","uscirct"
"circtsdtex",,,"",,"","2023-10-03 01:23:46.336819+00","f","f","f","300.435","","U.S. Circuit Court for the District of Southern Texas","U.S. Circuit Court for the District of Southern Texas","","1902-01-01","1911-12-31","F","","uscirct"
"circtwdtex",,,"",,"","2023-10-03 01:23:46.355176+00","f","f","f","300.44","","U.S. Circuit Court for the District of Western Texas","U.S. Circuit Court for the District of Western Texas","","1862-01-01","1911-12-31","F","","uscirct"
"circtdut",,,"",,"","2023-10-03 01:23:46.371183+00","f","f","f","300.445","","U.S. Circuit Court for the District of Utah","U.S. Circuit Court for the District of Utah","","1894-01-01","1911-12-31","F","","uscirct"
"circtdvt",,,"",,"","2023-10-03 01:23:46.388976+00","f","f","f","300.45","","U.S. Circuit Court for the District of Vermont","U.S. Circuit Court for the District of Vermont","","1791-01-01","1911-12-31","F","","uscirct"
"circtdva",,,"",,"","2023-10-03 01:23:46.407156+00","f","f","f","300.455","","U.S. Circuit Court for the District of Virginia","U.S. Circuit Court for the District of Virginia","","1789-01-01","1819-12-31","F","","uscirct"
"circtedva",,,"",,"","2023-10-03 01:23:46.423194+00","f","f","f","300.46","","U.S. Circuit Court for the District of Eastern Virginia","U.S. Circuit Court for the District of Eastern Virginia","","1819-01-01","1911-12-31","F","","uscirct"
"circtwdva",,,"",,"","2023-10-03 01:23:46.439211+00","f","f","f","300.465","","U.S. Circuit Court for the District of Western Virginia","U.S. Circuit Court for the District of Western Virginia","","1819-01-01","1911-12-31","F","","uscirct"
"circtedwa",,,"",,"","2023-10-03 01:23:46.452692+00","f","f","f","300.47","","U.S. Circuit Court for the District of Eastern Washington","U.S. Circuit Court for the District of Eastern Washington","","1905-01-01","1911-12-31","F","","uscirct"
"circtdwa",,,"",,"","2023-10-03 01:23:46.463969+00","f","f","f","300.475","","U.S. Circuit Court for the District of Washington","U.S. Circuit Court for the District of Washington","","1889-01-01","1905-12-31","F","","uscirct"
"circtwdwa",,,"",,"","2023-10-03 01:23:46.475274+00","f","f","f","300.48","","U.S. Circuit Court for the District of Western Washington","U.S. Circuit Court for the District of Western Washington","","1905-01-01","1911-12-31","F","","uscirct"
"circtndwv",,,"",,"","2023-10-03 01:23:46.507346+00","f","f","f","300.49","","U.S. Circuit Court for the District of Northern West Virginia","U.S. Circuit Court for the District of Northern West Virginia","","1901-01-01","1911-12-31","F","","uscirct"
"circtsdwv",,,"",,"","2023-10-03 01:23:46.523343+00","f","f","f","300.495","","U.S. Circuit Court for the District of Southern West Virginia","U.S. Circuit Court for the District of Southern West Virginia","","1901-01-01","1911-12-31","F","","uscirct"
"circtdwv",,,"",,"","2023-10-03 01:23:46.539358+00","f","f","f","300.5","","U.S. Circuit Court for the District of West Virginia","U.S. Circuit Court for the District of West Virginia","","1864-01-01","1901-12-31","F","","uscirct"
"circtdwi",,,"",,"","2023-10-03 01:23:46.580807+00","f","f","f","300.515","","U.S. Circuit Court for the District of Wisconsin","U.S. Circuit Court for the District of Wisconsin","","1862-01-01","1870-12-31","F","","uscirct"
"circtdwy",,,"",,"","2023-10-03 01:23:46.588072+00","f","f","f","300.52","","U.S. Circuit Court for the District of Wyoming","U.S. Circuit Court for the District of Wyoming","","1890-01-01","1911-12-31","F","","uscirct"
"calctapp1d",,,"",,"","2023-10-03 01:23:46.603194+00","f","f","f","350.31","Cal. Ct. App. 1st","California Court of Appeals, 1st District","California Court of Appeal, 1st District","https://courts.ca.gov/1dca.htm",,,"SA","Created as part of importation of California Judges Data Set.","calctapp"
"calctapp2d",,,"",,"","2023-10-03 01:23:46.619259+00","f","f","f","350.32","Cal. Ct. App. 2nd","California Court of Appeals, 2nd District","California Court of Appeal, 2nd District","https://courts.ca.gov/2dca.htm",,,"SA","Created as part of importation of California Judges Data Set.","calctapp"
"calctapp3d",,,"",,"","2023-10-03 01:23:46.631252+00","f","f","f","350.33","Cal. Ct. App. 3rd","California Court of Appeals, 3rd District","California Court of Appeal, 3rd District","https://courts.ca.gov/3dca.htm",,,"SA","Created as part of importation of California Judges Data Set.","calctapp"
"calctapp4d",,,"",,"","2023-10-03 01:23:46.643242+00","f","f","f","350.34","Cal. Ct. App. 4th","California Court of Appeals, 4th District","California Court of Appeal, 4th District","https://courts.ca.gov/4dca.htm",,,"SA","Created as part of importation of California Judges Data Set.","calctapp"
"calctapp5d",,,"",,"","2023-10-03 01:23:46.659266+00","f","f","f","350.35","Cal. Ct. App. 5th","California Court of Appeals, 5th District","California Court of Appeal, 5th District","https://courts.ca.gov/5dca.htm",,,"SA","Created as part of importation of California Judges Data Set.","calctapp"
"calctapp6d",,,"",,"","2023-10-03 01:23:46.66903+00","f","f","f","350.36","Cal. Ct. App. 6th","California Court of Appeals, 6th District","California Court of Appeal, 6th District","https://courts.ca.gov/6dca.htm",,,"SA","Created as part of importation of California Judges Data Set.","calctapp"
"calsuppctala",,,"",,"","2023-10-03 01:23:46.678116+00","f","f","f","350.601","Cal. Supp. Ct. (Alameda)","California Superior Court, Alameda County","Superior Court of California, County of Alameda","http://www.alameda.courts.ca.gov/",,,"ST","Created as part of importation of California Judges Data Set.","calsuperct"
"calsuppctalp",,,"",,"","2023-10-03 01:23:46.694546+00","f","f","f","350.602","Cal. Supp. Ct. (Alpine)","California Superior Court, Alpine County","Superior Court of California, County of Alpine","http://www.alpine.courts.ca.gov/",,,"ST","Created as part of importation of California Judges Data Set.","calsuperct"
"calsuppctama",,,"",,"","2023-10-03 01:23:46.708929+00","f","f","f","350.603","Cal. Supp. Ct. (Amador)","California Superior Court, Amador County","Superior Court of California, County of Amador","http://www.amadorcourt.org",,,"ST","Created as part of importation of California Judges Data Set.","calsuperct"
"calsuppctbut",,,"",,"","2023-10-03 01:23:46.72723+00","f","f","f","350.604","Cal. Supp. Ct. (Butte)","California Superior Court, Butte County","Superior Court of California, County of Butte","http://www.buttecourt.ca.gov/",,,"ST","Created as part of importation of California Judges Data Set.","calsuperct"
"calsuppctcal",,,"",,"","2023-10-03 01:23:46.736046+00","f","f","f","350.605","Cal. Supp. Ct. (Calaveras)","California Superior Court, Calaveras County","Superior Court of California, County of Calaveras","http://www.calaveras.courts.ca.gov/",,,"ST","Created as part of importation of California Judges Data Set.","calsuperct"
"calsuppctcol",,,"",,"","2023-10-03 01:23:46.751633+00","f","f","f","350.606","Cal. Supp. Ct. (Colusa)","California Superior Court, Colusa County","Superior Court of California, County of Colusa","http://www.colusa.courts.ca.gov/",,,"ST","Created as part of importation of California Judges Data Set.","calsuperct"
"calsuppctcc",,,"",,"","2023-10-03 01:23:46.76649+00","f","f","f","350.607","Cal. Supp. Ct. (Contra Costa)","California Superior Court, Contra Costa County","Superior Court of California, County of Contra Costa","http://www.cc-courts.org/",,,"ST","Created as part of importation of California Judges Data Set.","calsuperct"
"calsuppctdn",,,"",,"","2023-10-03 01:23:46.776312+00","f","f","f","350.608","Cal. Supp. Ct. (Del Norte)","California Superior Court, Del Norte County","Superior Court of California, County of Del Norte","http://www.delnorte.courts.ca.gov/",,,"ST","Created as part of importation of California Judges Data Set.","calsuperct"
"calsuppcted",,,"",,"","2023-10-03 01:23:46.800697+00","f","f","f","350.609","Cal. Supp. Ct. (El Dorado)","California Superior Court, El Dorado County","Superior Court of California, County of El Dorado","http://www.eldoradocourt.org/",,,"ST","Created as part of importation of California Judges Data Set.","calsuperct"
"calsuppctfre",,,"",,"","2023-10-03 01:23:46.818454+00","f","f","f","350.61","Cal. Supp. Ct. (Fresno)","California Superior Court, Fresno County","Superior Court of California, County of Fresno","http://www.fresno.courts.ca.gov/",,,"ST","Created as part of importation of California Judges Data Set.","calsuperct"
"calsuppctgle",,,"",,"","2023-10-03 01:23:46.839939+00","f","f","f","350.611","Cal. Supp. Ct. (Glenn)","California Superior Court, Glenn County","Superior Court of California, County of Glenn","http://www.glenncourt.ca.gov/",,,"ST","Created as part of importation of California Judges Data Set.","calsuperct"
"calsuppcthum",,,"",,"","2023-10-03 01:23:46.84709+00","f","f","f","350.612","Cal. Supp. Ct. (Humboldt)","California Superior Court, Humboldt County","Superior Court of California, County of Humboldt","http://www.humboldt.courts.ca.gov/",,,"ST","Created as part of importation of California Judges Data Set.","calsuperct"
"calsuppctimp",,,"",,"","2023-10-03 01:23:46.853943+00","f","f","f","350.613","Cal. Supp. Ct. (Imperial)","California Superior Court, Imperial County","Superior Court of California, County of Imperial","http://www.imperial.courts.ca.gov/",,,"ST","Created as part of importation of California Judges Data Set.","calsuperct"
"calsuppctker",,,"",,"","2023-10-03 01:23:46.878287+00","f","f","f","350.615","Cal. Supp. Ct. (Kern)","California Superior Court, Kern County","Superior Court of California, County of Kern","https://www.kern.courts.ca.gov/",,,"ST","Created as part of importation of California Judges Data Set.","calsuperct"
"calsuppctkin",,,"",,"","2023-10-03 01:23:46.899521+00","f","f","f","350.616","Cal. Supp. Ct. (Kings)","California Superior Court, Kings County","Superior Court of California, County of Kings","http://www.kings.courts.ca.gov/",,,"ST","Created as part of importation of California Judges Data Set.","calsuperct"
"calsuppctlak",,,"",,"","2023-10-03 01:23:46.915163+00","f","f","f","350.617","Cal. Supp. Ct. (Lake)","California Superior Court, Lake County","Superior Court of California, County of Lake","http://www.lake.courts.ca.gov/",,,"ST","Created as part of importation of California Judges Data Set.","calsuperct"
"calsuppctlas",,,"",,"","2023-10-03 01:23:46.921444+00","f","f","f","350.618","Cal. Supp. Ct. (Lassen)","California Superior Court, Lassen County","Superior Court of California, County of Lassen","http://www.lassencourt.ca.gov/",,,"ST","Created as part of importation of California Judges Data Set.","calsuperct"
"calsuppctla",,,"",,"","2023-10-03 01:23:46.931668+00","f","f","f","350.619","Cal. Supp. Ct. (Los Angeles)","California Superior Court, Los Angeles County","Superior Court of California, County of Los Angeles","http://www.lacourt.org/",,,"ST","Created as part of importation of California Judges Data Set.","calsuperct"
"calsuppctmad",,,"",,"","2023-10-03 01:23:46.938012+00","f","f","f","350.62","Cal. Supp. Ct. (Madera)","California Superior Court, Madera County","Superior Court of California, County of Madera","http://madera.courts.ca.gov/",,,"ST","Created as part of importation of California Judges Data Set.","calsuperct"
"calsuppctmrn",,,"",,"","2023-10-03 01:23:46.948586+00","f","f","f","350.621","Cal. Supp. Ct. (Marin)","California Superior Court, Marin County","Superior Court of California, County of Marin","http://www.marincourt.org/",,,"ST","Created as part of importation of California Judges Data Set.","calsuperct"
"calsuppctmpa",,,"",,"","2023-10-03 01:23:46.958856+00","f","f","f","350.622","Cal. Supp. Ct. (Mariposa)","California Superior Court, Mariposa County","Superior Court of California, County of Mariposa","http://www.mariposacourt.org/",,,"ST","Created as part of importation of California Judges Data Set.","calsuperct"
"calsuppctmen",,,"",,"","2023-10-03 01:23:46.975781+00","f","f","f","350.623","Cal. Supp. Ct. (Mendocino)","California Superior Court, Mendocino County","Superior Court of California, County of Mendocino","http://www.mendocino.courts.ca.gov/",,,"ST","Created as part of importation of California Judges Data Set.","calsuperct"
"calsuppctmer",,,"",,"","2023-10-03 01:23:46.987435+00","f","f","f","350.624","Cal. Supp. Ct. (Merced)","California Superior Court, Merced County","Superior Court of California, County of Merced","http://www.mercedcourt.org/",,,"ST","Created as part of importation of California Judges Data Set.","calsuperct"
"calsuppctmod",,,"",,"","2023-10-03 01:23:47.002293+00","f","f","f","350.625","Cal. Supp. Ct. (Modoc)","California Superior Court, Modoc County","Superior Court of California, County of Modoc","https://www.modoc.courts.ca.gov",,,"ST","Created as part of importation of California Judges Data Set.","calsuperct"
"calsuppctmno",,,"",,"","2023-10-03 01:23:47.031238+00","f","f","f","350.626","Cal. Supp. Ct. (Mono)","California Superior Court, Mono County","Superior Court of California, County of Mono","http://www.mono.courts.ca.gov/",,,"ST","Created as part of importation of California Judges Data Set.","calsuperct"
"calsuppctmon",,,"",,"","2023-10-03 01:23:47.044884+00","f","f","f","350.627","Cal. Supp. Ct. (Monterey)","California Superior Court, Monterey County","Superior Court of California, County of Monterey","http://www.monterey.courts.ca.gov/",,,"ST","Created as part of importation of California Judges Data Set.","calsuperct"
"flactyct25",,,"",,"","2023-10-03 01:23:50.290163+00","f","f","f","355.0324","Fla. Hendry Cty. Ct.","Hendry County Court","Hendry County Court","",,"1972-12-31","ST","Created as part of import of Case.Law data.","flactyct"
"calsuppctnap",,,"",,"","2023-10-03 01:23:47.05155+00","f","f","f","350.628","Cal. Supp. Ct. (Napa)","California Superior Court, Napa County","Superior Court of California, County of Napa","http://www.napa.courts.ca.gov/",,,"ST","Created as part of importation of California Judges Data Set.","calsuperct"
"calsuppctnev",,,"",,"","2023-10-03 01:23:47.06271+00","f","f","f","350.629","Cal. Supp. Ct. (Nevada)","California Superior Court, Nevada County","Superior Court of California, County of Nevada","http://nccourt.net/",,,"ST","Created as part of importation of California Judges Data Set.","calsuperct"
"calsuppctora",,,"",,"","2023-10-03 01:23:47.073248+00","f","f","f","350.63","Cal. Supp. Ct. (Orange)","California Superior Court, Orange County","Superior Court of California, County of Orange","https://www.occourts.org/",,,"ST","Created as part of importation of California Judges Data Set.","calsuperct"
"calsuppctpla",,,"",,"","2023-10-03 01:23:47.083349+00","f","f","f","350.631","Cal. Supp. Ct. (Placer)","California Superior Court, Placer County","Superior Court of California, County of Placer","http://www.placer.courts.ca.gov/",,,"ST","Created as part of importation of California Judges Data Set.","calsuperct"
"calsuppctplu",,,"",,"","2023-10-03 01:23:47.095138+00","f","f","f","350.632","Cal. Supp. Ct. (Plumas)","California Superior Court, Plumas County","Superior Court of California, County of Plumas","http://www.plumascourt.ca.gov/",,,"ST","Created as part of importation of California Judges Data Set.","calsuperct"
"calsuppctriv",,,"",,"","2023-10-03 01:23:47.104851+00","f","f","f","350.633","Cal. Supp. Ct. (Riverside)","California Superior Court, Riverside County","Superior Court of California, County of Riverside","http://www.riverside.courts.ca.gov/",,,"ST","Created as part of importation of California Judges Data Set.","calsuperct"
"calsuppctsac",,,"",,"","2023-10-03 01:23:47.11926+00","f","f","f","350.634","Cal. Supp. Ct. (Sacramento)","California Superior Court, Sacramento County","Superior Court of California, County of Sacramento","https://www.saccourt.ca.gov/",,,"ST","Created as part of importation of California Judges Data Set.","calsuperct"
"calsuppctsbt",,,"",,"","2023-10-03 01:23:47.129107+00","f","f","f","350.635","Cal. Supp. Ct. (San Benito)","California Superior Court, San Benito County","Superior Court of California, County of San Benito","http://www.sanbenito.courts.ca.gov/",,,"ST","Created as part of importation of California Judges Data Set.","calsuperct"
"calsuppctsbd",,,"",,"","2023-10-03 01:23:47.140895+00","f","f","f","350.636","Cal. Supp. Ct. (San Bernardino)","California Superior Court, San Bernardino County","Superior Court of California, County of San Bernardino","http://www.sb-court.org/",,,"ST","Created as part of importation of California Judges Data Set.","calsuperct"
"calsuppctsd",,,"",,"","2023-10-03 01:23:47.150308+00","f","f","f","350.637","Cal. Supp. Ct. (San Diego)","California Superior Court, San Diego County","Superior Court of California, County of San Diego","http://www.sdcourt.ca.gov/portal/page?_pageid=55,1&_dad=portal&_schema=PORTAL",,,"ST","Created as part of importation of California Judges Data Set.","calsuperct"
"calsuppctsf",,,"",,"","2023-10-03 01:23:47.162618+00","f","f","f","350.638","Cal. Supp. Ct. (San Francisco)","California Superior Court, San Francisco County","Superior Court of California, County of San Francisco","https://www.sfsuperiorcourt.org/",,,"ST","Created as part of importation of California Judges Data Set.","calsuperct"
"calsuppctsj",,,"",,"","2023-10-03 01:23:47.179221+00","f","f","f","350.639","Cal. Supp. Ct. (San Joaquin)","California Superior Court, San Joaquin County","Superior Court of California, County of San Joaquin","https://www.sjcourts.org/",,,"ST","Created as part of importation of California Judges Data Set.","calsuperct"
"calsuppctslo",,,"",,"","2023-10-03 01:23:47.190133+00","f","f","f","350.64","Cal. Supp. Ct. (San Luis Obispo)","California Superior Court, San Luis Obispo County","Superior Court of California, County of San Luis Obispo","https://www.slo.courts.ca.gov/",,,"ST","Created as part of importation of California Judges Data Set.","calsuperct"
"calsuppctsm",,,"",,"","2023-10-03 01:23:47.203241+00","f","f","f","350.641","Cal. Supp. Ct. (San Mateo)","California Superior Court, San Mateo County","Superior Court of California, County of San Mateo","https://www.sanmateocourt.org/",,,"ST","Created as part of importation of California Judges Data Set.","calsuperct"
"calsuppctsb",,,"",,"","2023-10-03 01:23:47.215358+00","f","f","f","350.642","Cal. Supp. Ct. (Santa Barbara)","California Superior Court, Santa Barbara County","Superior Court of California, County of Santa Barbara","https://www.sbcourts.org/",,,"ST","Created as part of importation of California Judges Data Set.","calsuperct"
"calsuppctscl",,,"",,"","2023-10-03 01:23:47.231373+00","f","f","f","350.643","Cal. Supp. Ct. (Santa Clara)","California Superior Court, Santa Clara County","Superior Court of California, County of Santa Clara","http://www.scscourt.org/",,,"ST","Created as part of importation of California Judges Data Set.","calsuperct"
"calsuppctscr",,,"",,"","2023-10-03 01:23:47.247265+00","f","f","f","350.644","Cal. Supp. Ct. (Santa Cruz)","California Superior Court, Santa Cruz County","Superior Court of California, County of Santa Cruz","http://www.santacruzcourt.org/",,,"ST","Created as part of importation of California Judges Data Set.","calsuperct"
"calsuppctsha",,,"",,"","2023-10-03 01:23:47.259183+00","f","f","f","350.645","Cal. Supp. Ct. (Shasta)","California Superior Court, Shasta County","Superior Court of California, County of Shasta","http://www.shasta.courts.ca.gov",,,"ST","Created as part of importation of California Judges Data Set.","calsuperct"
"calsuppctsie",,,"",,"","2023-10-03 01:23:47.275194+00","f","f","f","350.646","Cal. Supp. Ct. (Sierra)","California Superior Court, Sierra County","Superior Court of California, County of Sierra","http://sierra.courts.ca.gov/",,,"ST","Created as part of importation of California Judges Data Set.","calsuperct"
"calsuppctsis",,,"",,"","2023-10-03 01:23:47.288124+00","f","f","f","350.647","Cal. Supp. Ct. (Siskiyou)","California Superior Court, Siskiyou County","Superior Court of California, County of Siskiyou","http://www.siskiyou.courts.ca.gov/",,,"ST","Created as part of importation of California Judges Data Set.","calsuperct"
"calsuppctsol",,,"",,"","2023-10-03 01:23:47.299194+00","f","f","f","350.648","Cal. Supp. Ct. (Solano)","California Superior Court, Solano County","Superior Court of California, County of Solano","http://www.solano.courts.ca.gov/",,,"ST","Created as part of importation of California Judges Data Set.","calsuperct"
"calsuppctson",,,"",,"","2023-10-03 01:23:47.305505+00","f","f","f","350.649","Cal. Supp. Ct. (Sonoma)","California Superior Court, Sonoma County","Superior Court of California, County of Sonoma","http://sonoma.courts.ca.gov/",,,"ST","Created as part of importation of California Judges Data Set.","calsuperct"
"calsuppctsta",,,"",,"","2023-10-03 01:23:47.312494+00","f","f","f","350.65","Cal. Supp. Ct. (Stanislaus)","California Superior Court, Stanislaus County","Superior Court of California, County of Stanislaus","https://www.stanct.org/",,,"ST","Created as part of importation of California Judges Data Set.","calsuperct"
"calsuppctsut",,,"",,"","2023-10-03 01:23:47.325161+00","f","f","f","350.651","Cal. Supp. Ct. (Sutter)","California Superior Court, Sutter County","Superior Court of California, County of Sutter","https://www.suttercourts.com/",,,"ST","Created as part of importation of California Judges Data Set.","calsuperct"
"calsuppctteh",,,"",,"","2023-10-03 01:23:47.339245+00","f","f","f","350.652","Cal. Supp. Ct. (Tehama)","California Superior Court, Tehama County","Superior Court of California, County of Tehama","http://www.tehamacourt.ca.gov/",,,"ST","Created as part of importation of California Judges Data Set.","calsuperct"
"calsuppcttri",,,"",,"","2023-10-03 01:23:47.35125+00","f","f","f","350.653","Cal. Supp. Ct. (Trinity)","California Superior Court, Trinity County","Superior Court of California, County of Trinity","https://www.trinity.courts.ca.gov/",,,"ST","Created as part of importation of California Judges Data Set.","calsuperct"
"calsuppcttul",,,"",,"","2023-10-03 01:23:47.35794+00","f","f","f","350.654","Cal. Supp. Ct. (Tulare)","California Superior Court, Tulare County","Superior Court of California, County of Tulare","http://www.tularesuperiorcourt.ca.gov/",,,"ST","Created as part of importation of California Judges Data Set.","calsuperct"
"calsuppcttuo",,,"",,"","2023-10-03 01:23:47.373013+00","f","f","f","350.655","Cal. Supp. Ct. (Tuolumne)","California Superior Court, Tuolumne County","Superior Court of California, County of Tuolumne","https://www.tuolumne.courts.ca.gov/",,,"ST","Created as part of importation of California Judges Data Set.","calsuperct"
"calsuppctven",,,"",,"","2023-10-03 01:23:47.386685+00","f","f","f","350.656","Cal. Supp. Ct. (Ventura)","California Superior Court, Ventura County","Superior Court of California, County of Ventura","http://www.ventura.courts.ca.gov/",,,"ST","Created as part of importation of California Judges Data Set.","calsuperct"
"calsuppctyol",,,"",,"","2023-10-03 01:23:47.396229+00","f","f","f","350.657","Cal. Supp. Ct. (Yolo)","California Superior Court, Yolo County","Superior Court of California, County of Yolo","https://www.yolo.courts.ca.gov/",,,"ST","Created as part of importation of California Judges Data Set.","calsuperct"
"calsuppctyub",,,"",,"","2023-10-03 01:23:47.405326+00","f","f","f","350.658","Cal. Supp. Ct. (Yuba)","California Superior Court, Yuba County","Superior Court of California, County of Yuba","http://www.yuba.courts.ca.gov/",,,"ST","Created as part of importation of California Judges Data Set.","calsuperct"
"calmunctala",,,"",,"","2023-10-03 01:23:47.415441+00","f","f","f","350.701","Cal. Mun. Ct. (Alameda)","California Municipal Court, Alameda County","Municipal Court of California, County of Alameda","http://www.alameda.courts.ca.gov/",,"2001-01-01","ST","Created as part of importation of California Judges Data Set. Municipal Courts refer to pre-2001 trial courts that were merged into the Superior Courts","calmunct"
"calmunctalp",,,"",,"","2023-10-03 01:23:47.422254+00","f","f","f","350.702","Cal. Mun. Ct. (Alpine)","California Municipal Court, Alpine County","Municipal Court of California, County of Alpine","http://www.alpine.courts.ca.gov/",,"2001-01-01","ST","Created as part of importation of California Judges Data Set. Municipal Courts refer to pre-2001 trial courts that were merged into the Superior Courts","calmunct"
"calmunctama",,,"",,"","2023-10-03 01:23:47.435224+00","f","f","f","350.703","Cal. Mun. Ct. (Amador)","California Municipal Court, Amador County","Municipal Court of California, County of Amador","http://www.amadorcourt.org",,"2001-01-01","ST","Created as part of importation of California Judges Data Set. Municipal Courts refer to pre-2001 trial courts that were merged into the Superior Courts","calmunct"
"calmunctbut",,,"",,"","2023-10-03 01:23:47.447413+00","f","f","f","350.704","Cal. Mun. Ct. (Butte)","California Municipal Court, Butte County","Municipal Court of California, County of Butte","http://www.buttecourt.ca.gov/",,"2001-01-01","ST","Created as part of importation of California Judges Data Set. Municipal Courts refer to pre-2001 trial courts that were merged into the Superior Courts","calmunct"
"calmunctcal",,,"",,"","2023-10-03 01:23:47.461081+00","f","f","f","350.705","Cal. Mun. Ct. (Calaveras)","California Municipal Court, Calaveras County","Municipal Court of California, County of Calaveras","http://www.calaveras.courts.ca.gov/",,"2001-01-01","ST","Created as part of importation of California Judges Data Set. Municipal Courts refer to pre-2001 trial courts that were merged into the Superior Courts","calmunct"
"calmunctcol",,,"",,"","2023-10-03 01:23:47.475419+00","f","f","f","350.706","Cal. Mun. Ct. (Colusa)","California Municipal Court, Colusa County","Municipal Court of California, County of Colusa","http://www.colusa.courts.ca.gov/",,"2001-01-01","ST","Created as part of importation of California Judges Data Set. Municipal Courts refer to pre-2001 trial courts that were merged into the Superior Courts","calmunct"
"calmunctcc",,,"",,"","2023-10-03 01:23:47.484047+00","f","f","f","350.707","Cal. Mun. Ct. (Contra Costa)","California Municipal Court, Contra Costa County","Municipal Court of California, County of Contra Costa","http://www.cc-courts.org/",,"2001-01-01","ST","Created as part of importation of California Judges Data Set. Municipal Courts refer to pre-2001 trial courts that were merged into the Superior Courts","calmunct"
"calmunctdn",,,"",,"","2023-10-03 01:23:47.491685+00","f","f","f","350.708","Cal. Mun. Ct. (Del Norte)","California Municipal Court, Del Norte County","Municipal Court of California, County of Del Norte","http://www.delnorte.courts.ca.gov/",,"2001-01-01","ST","Created as part of importation of California Judges Data Set. Municipal Courts refer to pre-2001 trial courts that were merged into the Superior Courts","calmunct"
"calmuncted",,,"",,"","2023-10-03 01:23:47.498245+00","f","f","f","350.709","Cal. Mun. Ct. (El Dorado)","California Municipal Court, El Dorado County","Municipal Court of California, County of El Dorado","http://www.eldoradocourt.org/",,"2001-01-01","ST","Created as part of importation of California Judges Data Set. Municipal Courts refer to pre-2001 trial courts that were merged into the Superior Courts","calmunct"
"calmunctfre",,,"",,"","2023-10-03 01:23:47.515142+00","f","f","f","350.71","Cal. Mun. Ct. (Fresno)","California Municipal Court, Fresno County","Municipal Court of California, County of Fresno","http://www.fresno.courts.ca.gov/",,"2001-01-01","ST","Created as part of importation of California Judges Data Set. Municipal Courts refer to pre-2001 trial courts that were merged into the Superior Courts","calmunct"
"calmunctgle",,,"",,"","2023-10-03 01:23:47.5274+00","f","f","f","350.711","Cal. Mun. Ct. (Glenn)","California Municipal Court, Glenn County","Municipal Court of California, County of Glenn","http://www.glenncourt.ca.gov/",,"2001-01-01","ST","Created as part of importation of California Judges Data Set. Municipal Courts refer to pre-2001 trial courts that were merged into the Superior Courts","calmunct"
"calmuncthum",,,"",,"","2023-10-03 01:23:47.543294+00","f","f","f","350.712","Cal. Mun. Ct. (Humboldt)","California Municipal Court, Humboldt County","Municipal Court of California, County of Humboldt","http://www.humboldt.courts.ca.gov/",,"2001-01-01","ST","Created as part of importation of California Judges Data Set. Municipal Courts refer to pre-2001 trial courts that were merged into the Superior Courts","calmunct"
"calmunctimp",,,"",,"","2023-10-03 01:23:47.559616+00","f","f","f","350.713","Cal. Mun. Ct. (Imperial)","California Municipal Court, Imperial County","Municipal Court of California, County of Imperial","http://www.imperial.courts.ca.gov/",,"2001-01-01","ST","Created as part of importation of California Judges Data Set. Municipal Courts refer to pre-2001 trial courts that were merged into the Superior Courts","calmunct"
"calmunctiny",,,"",,"","2023-10-03 01:23:47.567778+00","f","f","f","350.714","Cal. Mun. Ct. (Inyo)","California Municipal Court, Inyo County","Municipal Court of California, County of Inyo","http://www.inyocourt.ca.gov/",,"2001-01-01","ST","Created as part of importation of California Judges Data Set. Municipal Courts refer to pre-2001 trial courts that were merged into the Superior Courts","calmunct"
"calmunctker",,,"",,"","2023-10-03 01:23:47.573905+00","f","f","f","350.715","Cal. Mun. Ct. (Kern)","California Municipal Court, Kern County","Municipal Court of California, County of Kern","https://www.kern.courts.ca.gov/",,"2001-01-01","ST","Created as part of importation of California Judges Data Set. Municipal Courts refer to pre-2001 trial courts that were merged into the Superior Courts","calmunct"
"calmunctkin",,,"",,"","2023-10-03 01:23:47.586298+00","f","f","f","350.716","Cal. Mun. Ct. (Kings)","California Municipal Court, Kings County","Municipal Court of California, County of Kings","http://www.kings.courts.ca.gov/",,"2001-01-01","ST","Created as part of importation of California Judges Data Set. Municipal Courts refer to pre-2001 trial courts that were merged into the Superior Courts","calmunct"
"gasuperctclark",,,"",,"","2023-10-03 01:23:51.215853+00","f","f","f","357.004","Clark Cty. Super. Ct.","Clark County Superior Court, Ga.","Clark County Superior Court, Ga.","",,,"ST","","gasuperct"
"calmunctlak",,,"",,"","2023-10-03 01:23:47.599305+00","f","f","f","350.717","Cal. Mun. Ct. (Lake)","California Municipal Court, Lake County","Municipal Court of California, County of Lake","http://www.lake.courts.ca.gov/",,"2001-01-01","ST","Created as part of importation of California Judges Data Set. Municipal Courts refer to pre-2001 trial courts that were merged into the Superior Courts","calmunct"
"calmunctlas",,,"",,"","2023-10-03 01:23:47.60732+00","f","f","f","350.718","Cal. Mun. Ct. (Lassen)","California Municipal Court, Lassen County","Municipal Court of California, County of Lassen","http://www.lassencourt.ca.gov/",,"2001-01-01","ST","Created as part of importation of California Judges Data Set. Municipal Courts refer to pre-2001 trial courts that were merged into the Superior Courts","calmunct"
"calmunctla",,,"",,"","2023-10-03 01:23:47.616615+00","f","f","f","350.719","Cal. Mun. Ct. (Los Angeles)","California Municipal Court, Los Angeles County","Municipal Court of California, County of Los Angeles","http://www.lacourt.org/",,"2001-01-01","ST","Created as part of importation of California Judges Data Set. Municipal Courts refer to pre-2001 trial courts that were merged into the Superior Courts","calmunct"
"calmunctmad",,,"",,"","2023-10-03 01:23:47.624493+00","f","f","f","350.72","Cal. Mun. Ct. (Madera)","California Municipal Court, Madera County","Municipal Court of California, County of Madera","http://madera.courts.ca.gov/",,"2001-01-01","ST","Created as part of importation of California Judges Data Set. Municipal Courts refer to pre-2001 trial courts that were merged into the Superior Courts","calmunct"
"calmunctmrn",,,"",,"","2023-10-03 01:23:47.639234+00","f","f","f","350.721","Cal. Mun. Ct. (Marin)","California Municipal Court, Marin County","Municipal Court of California, County of Marin","http://www.marincourt.org/",,"2001-01-01","ST","Created as part of importation of California Judges Data Set. Municipal Courts refer to pre-2001 trial courts that were merged into the Superior Courts","calmunct"
"calmunctmpa",,,"",,"","2023-10-03 01:23:47.655164+00","f","f","f","350.722","Cal. Mun. Ct. (Mariposa)","California Municipal Court, Mariposa County","Municipal Court of California, County of Mariposa","http://www.mariposacourt.org/",,"2001-01-01","ST","Created as part of importation of California Judges Data Set. Municipal Courts refer to pre-2001 trial courts that were merged into the Superior Courts","calmunct"
"calmunctmen",,,"",,"","2023-10-03 01:23:47.67115+00","f","f","f","350.723","Cal. Mun. Ct. (Mendocino)","California Municipal Court, Mendocino County","Municipal Court of California, County of Mendocino","http://www.mendocino.courts.ca.gov/",,"2001-01-01","ST","Created as part of importation of California Judges Data Set. Municipal Courts refer to pre-2001 trial courts that were merged into the Superior Courts","calmunct"
"calmunctmer",,,"",,"","2023-10-03 01:23:47.683142+00","f","f","f","350.724","Cal. Mun. Ct. (Merced)","California Municipal Court, Merced County","Municipal Court of California, County of Merced","http://www.mercedcourt.org/",,"2001-01-01","ST","Created as part of importation of California Judges Data Set. Municipal Courts refer to pre-2001 trial courts that were merged into the Superior Courts","calmunct"
"calmunctmod",,,"",,"","2023-10-03 01:23:47.703142+00","f","f","f","350.725","Cal. Mun. Ct. (Modoc)","California Municipal Court, Modoc County","Municipal Court of California, County of Modoc","https://www.modoc.courts.ca.gov",,"2001-01-01","ST","Created as part of importation of California Judges Data Set. Municipal Courts refer to pre-2001 trial courts that were merged into the Superior Courts","calmunct"
"calmunctmno",,,"",,"","2023-10-03 01:23:47.719487+00","f","f","f","350.726","Cal. Mun. Ct. (Mono)","California Municipal Court, Mono County","Municipal Court of California, County of Mono","http://www.mono.courts.ca.gov/",,"2001-01-01","ST","Created as part of importation of California Judges Data Set. Municipal Courts refer to pre-2001 trial courts that were merged into the Superior Courts","calmunct"
"calmunctmon",,,"",,"","2023-10-03 01:23:47.735218+00","f","f","f","350.727","Cal. Mun. Ct. (Monterey)","California Municipal Court, Monterey County","Municipal Court of California, County of Monterey","http://www.monterey.courts.ca.gov/",,"2001-01-01","ST","Created as part of importation of California Judges Data Set. Municipal Courts refer to pre-2001 trial courts that were merged into the Superior Courts","calmunct"
"calmunctnap",,,"",,"","2023-10-03 01:23:47.749555+00","f","f","f","350.728","Cal. Mun. Ct. (Napa)","California Municipal Court, Napa County","Municipal Court of California, County of Napa","http://www.napa.courts.ca.gov/",,"2001-01-01","ST","Created as part of importation of California Judges Data Set. Municipal Courts refer to pre-2001 trial courts that were merged into the Superior Courts","calmunct"
"calmunctnev",,,"",,"","2023-10-03 01:23:47.762595+00","f","f","f","350.729","Cal. Mun. Ct. (Nevada)","California Municipal Court, Nevada County","Municipal Court of California, County of Nevada","http://nccourt.net/",,"2001-01-01","ST","Created as part of importation of California Judges Data Set. Municipal Courts refer to pre-2001 trial courts that were merged into the Superior Courts","calmunct"
"calmunctora",,,"",,"","2023-10-03 01:23:47.779139+00","f","f","f","350.73","Cal. Mun. Ct. (Orange)","California Municipal Court, Orange County","Municipal Court of California, County of Orange","https://www.occourts.org/",,"2001-01-01","ST","Created as part of importation of California Judges Data Set. Municipal Courts refer to pre-2001 trial courts that were merged into the Superior Courts","calmunct"
"calmunctpla",,,"",,"","2023-10-03 01:23:47.795155+00","f","f","f","350.731","Cal. Mun. Ct. (Placer)","California Municipal Court, Placer County","Municipal Court of California, County of Placer","http://www.placer.courts.ca.gov/",,"2001-01-01","ST","Created as part of importation of California Judges Data Set. Municipal Courts refer to pre-2001 trial courts that were merged into the Superior Courts","calmunct"
"calmunctplu",,,"",,"","2023-10-03 01:23:47.811142+00","f","f","f","350.732","Cal. Mun. Ct. (Plumas)","California Municipal Court, Plumas County","Municipal Court of California, County of Plumas","http://www.plumascourt.ca.gov/",,"2001-01-01","ST","Created as part of importation of California Judges Data Set. Municipal Courts refer to pre-2001 trial courts that were merged into the Superior Courts","calmunct"
"calmunctriv",,,"",,"","2023-10-03 01:23:47.83515+00","f","f","f","350.733","Cal. Mun. Ct. (Riverside)","California Municipal Court, Riverside County","Municipal Court of California, County of Riverside","http://www.riverside.courts.ca.gov/",,"2001-01-01","ST","Created as part of importation of California Judges Data Set. Municipal Courts refer to pre-2001 trial courts that were merged into the Superior Courts","calmunct"
"calmunctsac",,,"",,"","2023-10-03 01:23:47.855232+00","f","f","f","350.734","Cal. Mun. Ct. (Sacramento)","California Municipal Court, Sacramento County","Municipal Court of California, County of Sacramento","https://www.saccourt.ca.gov/",,"2001-01-01","ST","Created as part of importation of California Judges Data Set. Municipal Courts refer to pre-2001 trial courts that were merged into the Superior Courts","calmunct"
"calmunctsbt",,,"",,"","2023-10-03 01:23:47.862748+00","f","f","f","350.735","Cal. Mun. Ct. (San Benito)","California Municipal Court, San Benito County","Municipal Court of California, County of San Benito","http://www.sanbenito.courts.ca.gov/",,"2001-01-01","ST","Created as part of importation of California Judges Data Set. Municipal Courts refer to pre-2001 trial courts that were merged into the Superior Courts","calmunct"
"calmunctsbd",,,"",,"","2023-10-03 01:23:47.873827+00","f","f","f","350.736","Cal. Mun. Ct. (San Bernardino)","California Municipal Court, San Bernardino County","Municipal Court of California, County of San Bernardino","http://www.sb-court.org/",,"2001-01-01","ST","Created as part of importation of California Judges Data Set. Municipal Courts refer to pre-2001 trial courts that were merged into the Superior Courts","calmunct"
"calmunctsd",,,"",,"","2023-10-03 01:23:47.883173+00","f","f","f","350.737","Cal. Mun. Ct. (San Diego)","California Municipal Court, San Diego County","Municipal Court of California, County of San Diego","http://www.sdcourt.ca.gov/portal/page?_pageid=55,1&_dad=portal&_schema=PORTAL",,"2001-01-01","ST","Created as part of importation of California Judges Data Set. Municipal Courts refer to pre-2001 trial courts that were merged into the Superior Courts","calmunct"
"calmunctsf",,,"",,"","2023-10-03 01:23:47.900129+00","f","f","f","350.738","Cal. Mun. Ct. (San Francisco)","California Municipal Court, San Francisco County","Municipal Court of California, County of San Francisco","https://www.sfsuperiorcourt.org/",,"2001-01-01","ST","Created as part of importation of California Judges Data Set. Municipal Courts refer to pre-2001 trial courts that were merged into the Superior Courts","calmunct"
"calmunctsj",,,"",,"","2023-10-03 01:23:47.924784+00","f","f","f","350.739","Cal. Mun. Ct. (San Joaquin)","California Municipal Court, San Joaquin County","Municipal Court of California, County of San Joaquin","https://www.sjcourts.org/",,"2001-01-01","ST","Created as part of importation of California Judges Data Set. Municipal Courts refer to pre-2001 trial courts that were merged into the Superior Courts","calmunct"
"calmunctslo",,,"",,"","2023-10-03 01:23:47.939323+00","f","f","f","350.74","Cal. Mun. Ct. (San Luis Obispo)","California Municipal Court, San Luis Obispo County","Municipal Court of California, County of San Luis Obispo","https://www.slo.courts.ca.gov/",,"2001-01-01","ST","Created as part of importation of California Judges Data Set. Municipal Courts refer to pre-2001 trial courts that were merged into the Superior Courts","calmunct"
"calmunctsm",,,"",,"","2023-10-03 01:23:47.955164+00","f","f","f","350.741","Cal. Mun. Ct. (San Mateo)","California Municipal Court, San Mateo County","Municipal Court of California, County of San Mateo","https://www.sanmateocourt.org/",,"2001-01-01","ST","Created as part of importation of California Judges Data Set. Municipal Courts refer to pre-2001 trial courts that were merged into the Superior Courts","calmunct"
"calmunctsb",,,"",,"","2023-10-03 01:23:47.975164+00","f","f","f","350.742","Cal. Mun. Ct. (Santa Barbara)","California Municipal Court, Santa Barbara County","Municipal Court of California, County of Santa Barbara","https://www.sbcourts.org/",,"2001-01-01","ST","Created as part of importation of California Judges Data Set. Municipal Courts refer to pre-2001 trial courts that were merged into the Superior Courts","calmunct"
"calmunctscl",,,"",,"","2023-10-03 01:23:47.988731+00","f","f","f","350.743","Cal. Mun. Ct. (Santa Clara)","California Municipal Court, Santa Clara County","Municipal Court of California, County of Santa Clara","http://www.scscourt.org/",,"2001-01-01","ST","Created as part of importation of California Judges Data Set. Municipal Courts refer to pre-2001 trial courts that were merged into the Superior Courts","calmunct"
"calmunctscr",,,"",,"","2023-10-03 01:23:48.014574+00","f","f","f","350.744","Cal. Mun. Ct. (Santa Cruz)","California Municipal Court, Santa Cruz County","Municipal Court of California, County of Santa Cruz","http://www.santacruzcourt.org/",,"2001-01-01","ST","Created as part of importation of California Judges Data Set. Municipal Courts refer to pre-2001 trial courts that were merged into the Superior Courts","calmunct"
"calmunctsha",,,"",,"","2023-10-03 01:23:48.03188+00","f","f","f","350.745","Cal. Mun. Ct. (Shasta)","California Municipal Court, Shasta County","Municipal Court of California, County of Shasta","http://www.shasta.courts.ca.gov",,"2001-01-01","ST","Created as part of importation of California Judges Data Set. Municipal Courts refer to pre-2001 trial courts that were merged into the Superior Courts","calmunct"
"calmunctsie",,,"",,"","2023-10-03 01:23:48.048734+00","f","f","f","350.746","Cal. Mun. Ct. (Sierra)","California Municipal Court, Sierra County","Municipal Court of California, County of Sierra","http://sierra.courts.ca.gov/",,"2001-01-01","ST","Created as part of importation of California Judges Data Set. Municipal Courts refer to pre-2001 trial courts that were merged into the Superior Courts","calmunct"
"calmunctsis",,,"",,"","2023-10-03 01:23:48.055295+00","f","f","f","350.747","Cal. Mun. Ct. (Siskiyou)","California Municipal Court, Siskiyou County","Municipal Court of California, County of Siskiyou","http://www.siskiyou.courts.ca.gov/",,"2001-01-01","ST","Created as part of importation of California Judges Data Set. Municipal Courts refer to pre-2001 trial courts that were merged into the Superior Courts","calmunct"
"calmunctsol",,,"",,"","2023-10-03 01:23:48.071838+00","f","f","f","350.748","Cal. Mun. Ct. (Solano)","California Municipal Court, Solano County","Municipal Court of California, County of Solano","http://www.solano.courts.ca.gov/",,"2001-01-01","ST","Created as part of importation of California Judges Data Set. Municipal Courts refer to pre-2001 trial courts that were merged into the Superior Courts","calmunct"
"calmunctson",,,"",,"","2023-10-03 01:23:48.083193+00","f","f","f","350.749","Cal. Mun. Ct. (Sonoma)","California Municipal Court, Sonoma County","Municipal Court of California, County of Sonoma","http://sonoma.courts.ca.gov/",,"2001-01-01","ST","Created as part of importation of California Judges Data Set. Municipal Courts refer to pre-2001 trial courts that were merged into the Superior Courts","calmunct"
"calmunctsta",,,"",,"","2023-10-03 01:23:48.091221+00","f","f","f","350.75","Cal. Mun. Ct. (Stanislaus)","California Municipal Court, Stanislaus County","Municipal Court of California, County of Stanislaus","https://www.stanct.org/",,"2001-01-01","ST","Created as part of importation of California Judges Data Set. Municipal Courts refer to pre-2001 trial courts that were merged into the Superior Courts","calmunct"
"calmunctsut",,,"",,"","2023-10-03 01:23:48.100497+00","f","f","f","350.751","Cal. Mun. Ct. (Sutter)","California Municipal Court, Sutter County","Municipal Court of California, County of Sutter","https://www.suttercourts.com/",,"2001-01-01","ST","Created as part of importation of California Judges Data Set. Municipal Courts refer to pre-2001 trial courts that were merged into the Superior Courts","calmunct"
"calmunctteh",,,"",,"","2023-10-03 01:23:48.109677+00","f","f","f","350.752","Cal. Mun. Ct. (Tehama)","California Municipal Court, Tehama County","Municipal Court of California, County of Tehama","http://www.tehamacourt.ca.gov/",,"2001-01-01","ST","Created as part of importation of California Judges Data Set. Municipal Courts refer to pre-2001 trial courts that were merged into the Superior Courts","calmunct"
"calmuncttri",,,"",,"","2023-10-03 01:23:48.115717+00","f","f","f","350.753","Cal. Mun. Ct. (Trinity)","California Municipal Court, Trinity County","Municipal Court of California, County of Trinity","https://www.trinity.courts.ca.gov/",,"2001-01-01","ST","Created as part of importation of California Judges Data Set. Municipal Courts refer to pre-2001 trial courts that were merged into the Superior Courts","calmunct"
"calmuncttul",,,"",,"","2023-10-03 01:23:48.128825+00","f","f","f","350.754","Cal. Mun. Ct. (Tulare)","California Municipal Court, Tulare County","Municipal Court of California, County of Tulare","http://www.tularesuperiorcourt.ca.gov/",,"2001-01-01","ST","Created as part of importation of California Judges Data Set. Municipal Courts refer to pre-2001 trial courts that were merged into the Superior Courts","calmunct"
"calmuncttuo",,,"",,"","2023-10-03 01:23:48.141907+00","f","f","f","350.755","Cal. Mun. Ct. (Tuolumne)","California Municipal Court, Tuolumne County","Municipal Court of California, County of Tuolumne","https://www.tuolumne.courts.ca.gov/",,"2001-01-01","ST","Created as part of importation of California Judges Data Set. Municipal Courts refer to pre-2001 trial courts that were merged into the Superior Courts","calmunct"
"flacirct3col",,,"",,"","2023-10-03 01:23:49.019337+00","f","f","f","355.0213","Fla. Cir. Ct., Columbia Cty.","Columbia County Circuit Court","Circuit Court of the 3rd Judicial Circuit of Florida, Columbia County","","1973-01-01",,"ST","Created as part of import of Case.Law data.","flacirct3"
"calmunctven",,,"",,"","2023-10-03 01:23:48.15927+00","f","f","f","350.756","Cal. Mun. Ct. (Ventura)","California Municipal Court, Ventura County","Municipal Court of California, County of Ventura","http://www.ventura.courts.ca.gov/",,"2001-01-01","ST","Created as part of importation of California Judges Data Set. Municipal Courts refer to pre-2001 trial courts that were merged into the Superior Courts","calmunct"
"calmunctyol",,,"",,"","2023-10-03 01:23:48.17527+00","f","f","f","350.757","Cal. Mun. Ct. (Yolo)","California Municipal Court, Yolo County","Municipal Court of California, County of Yolo","https://www.yolo.courts.ca.gov/",,"2001-01-01","ST","Created as part of importation of California Judges Data Set. Municipal Courts refer to pre-2001 trial courts that were merged into the Superior Courts","calmunct"
"calmunctyub",,,"",,"","2023-10-03 01:23:48.192883+00","f","f","f","350.758","Cal. Mun. Ct. (Yuba)","California Municipal Court, Yuba County","Municipal Court of California, County of Yuba","http://www.yuba.courts.ca.gov/",,"2001-01-01","ST","Created as part of importation of California Judges Data Set. Municipal Courts refer to pre-2001 trial courts that were merged into the Superior Courts","calmunct"
"caljustctbut",,,"",,"","2023-10-03 01:23:48.207332+00","f","f","f","350.801","Cal. Just. Ct. (Butte)","California Justice Court, Butte County","California Justice Court, Butte County","",,"2001-01-01","ST","Created as part of importation of California Judges Data Set. Justice Courts refer to pre-2001 trial courts that were merged into the Superior Courts","caljustct"
"caljustctcol",,,"",,"","2023-10-03 01:23:48.223157+00","f","f","f","350.802","Cal. Just. Ct. (Colusa)","California Justice Court, Colusa County","California Justice Court, Colusa County","",,"2001-01-01","ST","Created as part of importation of California Judges Data Set. Justice Courts refer to pre-2001 trial courts that were merged into the Superior Courts","caljustct"
"caljustctfre",,,"",,"","2023-10-03 01:23:48.239773+00","f","f","f","350.803","Cal. Just. Ct. (Fresno)","California Justice Court, Fresno County","California Justice Court, Fresno County","",,"2001-01-01","ST","Created as part of importation of California Judges Data Set. Justice Courts refer to pre-2001 trial courts that were merged into the Superior Courts","caljustct"
"caljustctgle",,,"",,"","2023-10-03 01:23:48.255815+00","f","f","f","350.804","Cal. Just. Ct. (Glenn)","California Justice Court, Glenn County","California Justice Court, Glenn County","",,"2001-01-01","ST","Created as part of importation of California Judges Data Set. Justice Courts refer to pre-2001 trial courts that were merged into the Superior Courts","caljustct"
"caljustcthum",,,"",,"","2023-10-03 01:23:48.271782+00","f","f","f","350.805","Cal. Just. Ct. (Humboldt)","California Justice Court, Humboldt County","California Justice Court, Humboldt County","",,"2001-01-01","ST","Created as part of importation of California Judges Data Set. Justice Courts refer to pre-2001 trial courts that were merged into the Superior Courts","caljustct"
"caljustctker",,,"",,"","2023-10-03 01:23:48.291474+00","f","f","f","350.806","Cal. Just. Ct. (Kern)","California Justice Court, Kern County","California Justice Court, Kern County","",,"2001-01-01","ST","Created as part of importation of California Judges Data Set. Justice Courts refer to pre-2001 trial courts that were merged into the Superior Courts","caljustct"
"caljustctkin",,,"",,"","2023-10-03 01:23:48.311485+00","f","f","f","350.808","Cal. Just. Ct. (Kings)","California Justice Court, Kings County","California Justice Court, Kings County","",,"2001-01-01","ST","Created as part of importation of California Judges Data Set. Justice Courts refer to pre-2001 trial courts that were merged into the Superior Courts","caljustct"
"caljustctlak",,,"",,"","2023-10-03 01:23:48.323154+00","f","f","f","350.809","Cal. Just. Ct. (Lake)","California Justice Court, Lake County","California Justice Court, Lake County","",,"2001-01-01","ST","Created as part of importation of California Judges Data Set. Justice Courts refer to pre-2001 trial courts that were merged into the Superior Courts","caljustct"
"caljustctla",,,"",,"","2023-10-03 01:23:48.339215+00","f","f","f","350.81","Cal. Just. Ct. (Los Angeles)","California Justice Court, Los Angeles County","California Justice Court, Los Angeles County","",,"2001-01-01","ST","Created as part of importation of California Judges Data Set. Justice Courts refer to pre-2001 trial courts that were merged into the Superior Courts","caljustct"
"caljustctmad",,,"",,"","2023-10-03 01:23:48.355644+00","f","f","f","350.811","Cal. Just. Ct. (Madera)","California Justice Court, Madera County","California Justice Court, Madera County","",,"2001-01-01","ST","Created as part of importation of California Judges Data Set. Justice Courts refer to pre-2001 trial courts that were merged into the Superior Courts","caljustct"
"caljustctmpa",,,"",,"","2023-10-03 01:23:48.371215+00","f","f","f","350.812","Cal. Just. Ct. (Mariposa)","California Justice Court, Mariposa County","California Justice Court, Mariposa County","",,"2001-01-01","ST","Created as part of importation of California Judges Data Set. Justice Courts refer to pre-2001 trial courts that were merged into the Superior Courts","caljustct"
"caljustctmen",,,"",,"","2023-10-03 01:23:48.38314+00","f","f","f","350.813","Cal. Just. Ct. (Mendocino)","California Justice Court, Mendocino County","California Justice Court, Mendocino County","",,"2001-01-01","ST","Created as part of importation of California Judges Data Set. Justice Courts refer to pre-2001 trial courts that were merged into the Superior Courts","caljustct"
"caljustctmno",,,"",,"","2023-10-03 01:23:48.393396+00","f","f","f","350.814","Cal. Just. Ct. (Mono)","California Justice Court, Mono County","California Justice Court, Mono County","",,"2001-01-01","ST","Created as part of importation of California Judges Data Set. Justice Courts refer to pre-2001 trial courts that were merged into the Superior Courts","caljustct"
"caljustctnev",,,"",,"","2023-10-03 01:23:48.399341+00","f","f","f","350.815","Cal. Just. Ct. (Nevada)","California Justice Court, Nevada County","California Justice Court, Nevada County","",,"2001-01-01","ST","Created as part of importation of California Judges Data Set. Justice Courts refer to pre-2001 trial courts that were merged into the Superior Courts","caljustct"
"caljustctpla",,,"",,"","2023-10-03 01:23:48.411161+00","f","f","f","350.816","Cal. Just. Ct. (Placer)","California Justice Court, Placer County","California Justice Court, Placer County","",,"2001-01-01","ST","Created as part of importation of California Judges Data Set. Justice Courts refer to pre-2001 trial courts that were merged into the Superior Courts","caljustct"
"caljustctplu",,,"",,"","2023-10-03 01:23:48.420778+00","f","f","f","350.817","Cal. Just. Ct. (Plumas)","California Justice Court, Plumas County","California Justice Court, Plumas County","",,"2001-01-01","ST","Created as part of importation of California Judges Data Set. Justice Courts refer to pre-2001 trial courts that were merged into the Superior Courts","caljustct"
"caljustctsbt",,,"",,"","2023-10-03 01:23:48.435281+00","f","f","f","350.818","Cal. Just. Ct. (San Benito)","California Justice Court, San Benito County","California Justice Court, San Benito County","",,"2001-01-01","ST","Created as part of importation of California Judges Data Set. Justice Courts refer to pre-2001 trial courts that were merged into the Superior Courts","caljustct"
"caljustctsbd",,,"",,"","2023-10-03 01:23:48.449188+00","f","f","f","350.819","Cal. Just. Ct. (San Bernardino)","California Justice Court, San Bernardino County","California Justice Court, San Bernardino County","",,"2001-01-01","ST","Created as part of importation of California Judges Data Set. Justice Courts refer to pre-2001 trial courts that were merged into the Superior Courts","caljustct"
"caljustctsis",,,"",,"","2023-10-03 01:23:48.465785+00","f","f","f","350.82","Cal. Just. Ct. (Siskiyou)","California Justice Court, Siskiyou County","California Justice Court, Siskiyou County","",,"2001-01-01","ST","Created as part of importation of California Judges Data Set. Justice Courts refer to pre-2001 trial courts that were merged into the Superior Courts","caljustct"
"caljustcttul",,,"",,"","2023-10-03 01:23:48.479219+00","f","f","f","350.821","Cal. Just. Ct. (Tulare)","California Justice Court, Tulare County","California Justice Court, Tulare County","",,"2001-01-01","ST","Created as part of importation of California Judges Data Set. Justice Courts refer to pre-2001 trial courts that were merged into the Superior Courts","caljustct"
"caljustcttuo",,,"",,"","2023-10-03 01:23:48.503479+00","f","f","f","350.822","Cal. Just. Ct. (Tuolumne)","California Justice Court, Tuolumne County","California Justice Court, Tuolumne County","",,"2001-01-01","ST","Created as part of importation of California Judges Data Set. Justice Courts refer to pre-2001 trial courts that were merged into the Superior Courts","caljustct"
"placerdistct",,,"",,"","2023-10-03 01:23:48.543276+00","f","f","f","350.843","","Placer District Court","Placer District Court, California","","1849-01-01","1879-12-31","ST","","caldistct"
"sacdistct",,,"",,"","2023-10-03 01:23:48.559261+00","f","f","f","350.844","","Sacramento District Court","Sacramento District Court","","1849-01-01","1879-12-31","ST","","caldistct"
"shastadistct",,,"",,"","2023-10-03 01:23:48.576776+00","f","f","f","350.845","","Shasta District Court","Shasta District Court","","1849-01-01","1879-12-31","ST","","caldistct"
"siskiyoudistct",,,"",,"","2023-10-03 01:23:48.588937+00","f","f","f","350.846","","Siskiyou District Court","Siskiyou District Court","","1849-01-01","1879-12-31","ST","","caldistct"
"yrekadistct",,,"",,"","2023-10-03 01:23:48.599145+00","f","f","f","350.847","","Yreka District Court","Yreka District Court","","1849-01-01","1879-12-31","ST","","caldistct"
"yubadistct",,,"",,"","2023-10-03 01:23:48.619635+00","f","f","f","350.848","Yuba Dist. Ct.","Yuba District Court","Yuba District Court","","1849-01-01","1879-12-31","ST","","caldistct"
"santacruzdistct",,,"",,"","2023-10-03 01:23:48.633318+00","f","f","f","350.849","","Santa Cruz District Court","Santa Cruz District Court","","1849-01-01","1879-12-31","ST","","caldistct"
"trinitydistct",,,"",,"","2023-10-03 01:23:48.651185+00","f","f","f","350.85","","Trinity District Court","Trinity District Court","","1849-01-01","1879-12-31","ST","","caldistct"
"colctyctdouglas",,,"",,"","2023-10-03 01:23:48.695175+00","f","f","f","351.103","","Douglas County District Court","Douglas County District Court","",,,"ST","","colctyct"
"colctyctfremont",,,"",,"","2023-10-03 01:23:48.701142+00","f","f","f","351.104","","Fremont County District Court","Fremont County District Court","",,,"ST","","colctyct"
"colctyctgarfiel",,,"",,"","2023-10-03 01:23:48.707026+00","f","f","f","351.105","","Garfield County District Court","Garfield County District Court","",,,"ST","","colctyct"
"colctyctlarimer",,,"",,"","2023-10-03 01:23:48.713372+00","f","f","f","351.106","","Larimer County District Court","Larimer County District Court","",,,"ST","","colctyct"
"colctyctmeyer",,,"",,"","2023-10-03 01:23:48.719728+00","f","f","f","351.107","","Meyer County District Court","Meyer County District Court","",,,"ST","","colctyct"
"colctyctotero",,,"",,"","2023-10-03 01:23:48.730059+00","f","f","f","351.108","","Otero County District Court","Otero County District Court","",,,"ST","","colctyct"
"colctyctpitkin",,,"",,"","2023-10-03 01:23:48.736256+00","f","f","f","351.109","","Pitkin County District Court","Pitkin County District Court","",,,"ST","","colctyct"
"colctyctpueblo",,,"",,"","2023-10-03 01:23:48.742913+00","f","f","f","351.11","","Pueblo County District Court","Pueblo County District Court","",,,"ST","","colctyct"
"colctyctteller",,,"",,"","2023-10-03 01:23:48.759374+00","f","f","f","351.111","","Teller County District Court","Teller County District Court","",,,"ST","","colctyct"
"fladistctapp1",,,"",,"","2023-10-03 01:23:48.78322+00","f","t","f","355.01","Fla. Dist. Ct. App. 1st Dist.","Florida First District Court of Appeal","Florida First District Court of Appeal","","1957-01-01",,"SA","Created as part of import of Case.Law data.","fladistctapp"
"fladistctapp2",,,"",,"","2023-10-03 01:23:48.795131+00","f","t","f","355.011","Fla. Dist. Ct. App. 2d Dist.","Florida Second District Court of Appeal","Florida Second District Court of Appeal","","1957-01-01",,"SA","Created as part of import of Case.Law data.","fladistctapp"
"fladistctapp3",,,"",,"","2023-10-03 01:23:48.801281+00","f","t","f","355.012","Fla. Dist. Ct. App. 3d Dist.","Florida Third District Court of Appeal","Florida Third District Court of Appeal","","1957-01-01",,"SA","Created as part of import of Case.Law data.","fladistctapp"
"fladistctapp4",,,"",,"","2023-10-03 01:23:48.809407+00","f","t","f","355.013","Fla. Dist. Ct. App. 4th Dist.","Florida Fourth District Court of Appeal","Florida Fourth District Court of Appeal","","1957-01-01",,"SA","Created as part of import of Case.Law data.","fladistctapp"
"fladistctapp5",,,"",,"","2023-10-03 01:23:48.823105+00","f","t","f","355.014","Fla. Dist. Ct. App. 5th Dist.","Florida Fifth District Court of Appeal","Florida Fifth District Court of Appeal","","1957-01-01",,"SA","Created as part of import of Case.Law data.","fladistctapp"
"flacirct1",,,"",,"","2023-10-03 01:23:48.834794+00","f","f","f","355.02","1st","Circuit Court of the 1st Judicial Circuit","Circuit Court of the 1st Judicial Circuit of Florida","","1973-01-01",,"ST","Created as part of import of Case.Law data.","flacirct"
"flacirct1esc",,,"",,"","2023-10-03 01:23:48.847171+00","f","f","f","355.0201","Fla. Cir. Ct., Escambia Cty.","Escambia County Circuit Court","Circuit Court of the 1st Judicial Circuit of Florida, Escambia County","","1973-01-01",,"ST","Created as part of import of Case.Law data.","flacirct1"
"flacirct1oka",,,"",,"","2023-10-03 01:23:48.858356+00","f","f","f","355.0202","Fla. Cir. Ct., Okaloosa Cty.","Okaloosa County Circuit Court","Circuit Court of the 1st Judicial Circuit of Florida, Okaloosa County","","1973-01-01",,"ST","Created as part of import of Case.Law data.","flacirct1"
"flacirct1san",,,"",,"","2023-10-03 01:23:48.865016+00","f","f","f","355.0203","Fla. Cir. Ct., Santa Rosa Cty.","Santa Rosa County Circuit Court","Circuit Court of the 1st Judicial Circuit of Florida, Santa Rosa County","","1973-01-01",,"ST","Created as part of import of Case.Law data.","flacirct1"
"flacirct1wal",,,"",,"","2023-10-03 01:23:48.872757+00","f","f","f","355.0204","Fla. Cir. Ct., Walton Cty.","Walton County Circuit Court","Circuit Court of the 1st Judicial Circuit of Florida, Walton County","","1973-01-01",,"ST","Created as part of import of Case.Law data.","flacirct1"
"flacirct2",,,"",,"","2023-10-03 01:23:48.887156+00","f","f","f","355.0205","2nd","Circuit Court of the 2nd Judicial Circuit","Circuit Court of the 2nd Judicial Circuit of Florida","","1973-01-01",,"ST","Created as part of import of Case.Law data.","flacirct"
"flacirct2fra",,,"",,"","2023-10-03 01:23:48.89916+00","f","f","f","355.0206","Fla. Cir. Ct., Franklin Cty.","Franklin County Circuit Court","Circuit Court of the 2nd Judicial Circuit of Florida, Franklin County","","1973-01-01",,"ST","Created as part of import of Case.Law data.","flacirct2"
"flacirct2gad",,,"",,"","2023-10-03 01:23:48.923322+00","f","f","f","355.0207","Fla. Cir. Ct., Gadsden Cty.","Gadsden County Circuit Court","Circuit Court of the 2nd Judicial Circuit of Florida, Gadsden County","","1973-01-01",,"ST","Created as part of import of Case.Law data.","flacirct2"
"flacirct2jef",,,"",,"","2023-10-03 01:23:48.939187+00","f","f","f","355.0208","Fla. Cir. Ct., Jefferson Cty.","Jefferson County Circuit Court","Circuit Court of the 2nd Judicial Circuit of Florida, Jefferson County","","1973-01-01",,"ST","Created as part of import of Case.Law data.","flacirct2"
"flacirct2leo",,,"",,"","2023-10-03 01:23:48.955199+00","f","f","f","355.0209","Fla. Cir. Ct., Leon Cty.","Leon County Circuit Court","Circuit Court of the 2nd Judicial Circuit of Florida, Leon County","","1973-01-01",,"ST","Created as part of import of Case.Law data.","flacirct2"
"flacirct2lib",,,"",,"","2023-10-03 01:23:48.971161+00","f","f","f","355.021","Fla. Cir. Ct., Liberty Cty.","Liberty County Circuit Court","Circuit Court of the 2nd Judicial Circuit of Florida, Liberty County","","1973-01-01",,"ST","Created as part of import of Case.Law data.","flacirct2"
"flacirct2wak",,,"",,"","2023-10-03 01:23:48.987235+00","f","f","f","355.0211","Fla. Cir. Ct., Wakulla Cty.","Wakulla County Circuit Court","Circuit Court of the 2nd Judicial Circuit of Florida, Wakulla County","","1973-01-01",,"ST","Created as part of import of Case.Law data.","flacirct2"
"flacirct3",,,"",,"","2023-10-03 01:23:49.003327+00","f","f","f","355.0212","3rd","Circuit Court of the 3rd Judicial Circuit","Circuit Court of the 3rd Judicial Circuit of Florida","","1973-01-01",,"ST","Created as part of import of Case.Law data.","flacirct"
"flacirct3dix",,,"",,"","2023-10-03 01:23:49.044607+00","f","f","f","355.0214","Fla. Cir. Ct., Dixie Cty.","Dixie County Circuit Court","Circuit Court of the 3rd Judicial Circuit of Florida, Dixie County","","1973-01-01",,"ST","Created as part of import of Case.Law data.","flacirct3"
"flacirct3ham",,,"",,"","2023-10-03 01:23:49.063271+00","f","f","f","355.0215","Fla. Cir. Ct., Hamilton Cty.","Hamilton County Circuit Court","Circuit Court of the 3rd Judicial Circuit of Florida, Hamilton County","","1973-01-01",,"ST","Created as part of import of Case.Law data.","flacirct3"
"flacirct3laf",,,"",,"","2023-10-03 01:23:49.079245+00","f","f","f","355.0216","Fla. Cir. Ct., Lafayette Cty.","Lafayette County Circuit Court","Circuit Court of the 3rd Judicial Circuit of Florida, Lafayette County","","1973-01-01",,"ST","Created as part of import of Case.Law data.","flacirct3"
"flacirct3mad",,,"",,"","2023-10-03 01:23:49.095542+00","f","f","f","355.0217","Fla. Cir. Ct., Madison Cty.","Madison County Circuit Court","Circuit Court of the 3rd Judicial Circuit of Florida, Madison County","","1973-01-01",,"ST","Created as part of import of Case.Law data.","flacirct3"
"flacirct3suw",,,"",,"","2023-10-03 01:23:49.111561+00","f","f","f","355.0218","Fla. Cir. Ct., Suwannee Cty.","Suwannee County Circuit Court","Circuit Court of the 3rd Judicial Circuit of Florida, Suwannee County","","1973-01-01",,"ST","Created as part of import of Case.Law data.","flacirct3"
"flacirct3tay",,,"",,"","2023-10-03 01:23:49.131599+00","f","f","f","355.0219","Fla. Cir. Ct., Taylor Cty.","Taylor County Circuit Court","Circuit Court of the 3rd Judicial Circuit of Florida, Taylor County","","1973-01-01",,"ST","Created as part of import of Case.Law data.","flacirct3"
"flacirct4",,,"",,"","2023-10-03 01:23:49.147278+00","f","f","f","355.022","4th","Circuit Court of the 4th Judicial Circuit","Circuit Court of the 4th Judicial Circuit of Florida","","1973-01-01",,"ST","Created as part of import of Case.Law data.","flacirct"
"flacirct4cla",,,"",,"","2023-10-03 01:23:49.167273+00","f","f","f","355.0221","Fla. Cir. Ct., Clay Cty.","Clay County Circuit Court","Circuit Court of the 4th Judicial Circuit of Florida, Clay County","","1973-01-01",,"ST","Created as part of import of Case.Law data.","flacirct4"
"flacirct4duv",,,"",,"","2023-10-03 01:23:49.183279+00","f","f","f","355.0222","Fla. Cir. Ct., Duval Cty.","Duval County Circuit Court","Circuit Court of the 4th Judicial Circuit of Florida, Duval County","","1973-01-01",,"ST","Created as part of import of Case.Law data.","flacirct4"
"flacirct4nas",,,"",,"","2023-10-03 01:23:49.20326+00","f","f","f","355.0223","Fla. Cir. Ct., Nassau Cty.","Nassau County Circuit Court","Circuit Court of the 4th Judicial Circuit of Florida, Nassau County","","1973-01-01",,"ST","Created as part of import of Case.Law data.","flacirct4"
"flacirct5",,,"",,"","2023-10-03 01:23:49.223587+00","f","f","f","355.0224","5th","Circuit Court of the 5th Judicial Circuit","Circuit Court of the 5th Judicial Circuit of Florida","","1973-01-01",,"ST","Created as part of import of Case.Law data.","flacirct"
"flacirct5cit",,,"",,"","2023-10-03 01:23:49.23087+00","f","f","f","355.0225","Fla. Cir. Ct., Citrus Cty.","Citrus County Circuit Court","Circuit Court of the 5th Judicial Circuit of Florida, Citrus County","","1973-01-01",,"ST","Created as part of import of Case.Law data.","flacirct5"
"flacirct5her",,,"",,"","2023-10-03 01:23:49.237805+00","f","f","f","355.0226","Fla. Cir. Ct., Hernando Cty.","Hernando County Circuit Court","Circuit Court of the 5th Judicial Circuit of Florida, Hernando County","","1973-01-01",,"ST","Created as part of import of Case.Law data.","flacirct5"
"flacirct5lak",,,"",,"","2023-10-03 01:23:49.244476+00","f","f","f","355.0227","Fla. Cir. Ct., Lake Cty.","Lake County Circuit Court","Circuit Court of the 5th Judicial Circuit of Florida, Lake County","","1973-01-01",,"ST","Created as part of import of Case.Law data.","flacirct5"
"flacirct5mar",,,"",,"","2023-10-03 01:23:49.254479+00","f","f","f","355.0228","Fla. Cir. Ct., Marion Cty.","Marion County Circuit Court","Circuit Court of the 5th Judicial Circuit of Florida, Marion County","","1973-01-01",,"ST","Created as part of import of Case.Law data.","flacirct5"
"flacirct5sum",,,"",,"","2023-10-03 01:23:49.267352+00","f","f","f","355.0229","Fla. Cir. Ct., Sumter Cty.","Sumter County Circuit Court","Circuit Court of the 5th Judicial Circuit of Florida, Sumter County","","1973-01-01",,"ST","Created as part of import of Case.Law data.","flacirct5"
"flacirct6",,,"",,"","2023-10-03 01:23:49.283246+00","f","f","f","355.023","6th","Circuit Court of the 6th Judicial Circuit","Circuit Court of the 6th Judicial Circuit of Florida","","1973-01-01",,"ST","Created as part of import of Case.Law data.","flacirct"
"flacirct6pas",,,"",,"","2023-10-03 01:23:49.299234+00","f","f","f","355.0231","Fla. Cir. Ct., Pasco Cty.","Pasco County Circuit Court","Circuit Court of the 6th Judicial Circuit of Florida, Pasco County","","1973-01-01",,"ST","Created as part of import of Case.Law data.","flacirct6"
"flacirct6pin",,,"",,"","2023-10-03 01:23:49.323422+00","f","f","f","355.0232","Fla. Cir. Ct., Pinellas Cty.","Pinellas County Circuit Court","Circuit Court of the 6th Judicial Circuit of Florida, Pinellas County","","1973-01-01",,"ST","Created as part of import of Case.Law data.","flacirct6"
"flacirct7",,,"",,"","2023-10-03 01:23:49.332054+00","f","f","f","355.0233","7th","Circuit Court of the 7th Judicial Circuit","Circuit Court of the 7th Judicial Circuit of Florida","","1973-01-01",,"ST","Created as part of import of Case.Law data.","flacirct"
"flacirct7fla",,,"",,"","2023-10-03 01:23:49.355244+00","f","f","f","355.0234","Fla. Cir. Ct., Flagler Cty.","Flagler County Circuit Court","Circuit Court of the 7th Judicial Circuit of Florida, Flagler County","","1973-01-01",,"ST","Created as part of import of Case.Law data.","flacirct7"
"flacirct7put",,,"",,"","2023-10-03 01:23:49.371172+00","f","f","f","355.0235","Fla. Cir. Ct., Putnam Cty.","Putnam County Circuit Court","Circuit Court of the 7th Judicial Circuit of Florida, Putnam County","","1973-01-01",,"ST","Created as part of import of Case.Law data.","flacirct7"
"flacirct7stj",,,"",,"","2023-10-03 01:23:49.387353+00","f","f","f","355.0236","Fla. Cir. Ct., St. Johns Cty.","St. Johns County Circuit Court","Circuit Court of the 7th Judicial Circuit of Florida, St. Johns County","","1973-01-01",,"ST","Created as part of import of Case.Law data.","flacirct7"
"flacirct7vol",,,"",,"","2023-10-03 01:23:49.394345+00","f","f","f","355.0237","Fla. Cir. Ct., Volusia Cty.","Volusia County Circuit Court","Circuit Court of the 7th Judicial Circuit of Florida, Volusia County","","1973-01-01",,"ST","Created as part of import of Case.Law data.","flacirct7"
"flacirct8",,,"",,"","2023-10-03 01:23:49.400931+00","f","f","f","355.0238","8th","Circuit Court of the 8th Judicial Circuit","Circuit Court of the 8th Judicial Circuit of Florida","","1973-01-01",,"ST","Created as part of import of Case.Law data.","flacirct"
"flacirct8ala",,,"",,"","2023-10-03 01:23:49.419096+00","f","f","f","355.0239","Fla. Cir. Ct., Alachua Cty.","Alachua County Circuit Court","Circuit Court of the 8th Judicial Circuit of Florida, Alachua County","","1973-01-01",,"ST","Created as part of import of Case.Law data.","flacirct8"
"flacirct8bak",,,"",,"","2023-10-03 01:23:49.427946+00","f","f","f","355.024","Fla. Cir. Ct., Baker Cty.","Baker County Circuit Court","Circuit Court of the 8th Judicial Circuit of Florida, Baker County","","1973-01-01",,"ST","Created as part of import of Case.Law data.","flacirct8"
"flacirct8bra",,,"",,"","2023-10-03 01:23:49.434182+00","f","f","f","355.0241","Fla. Cir. Ct., Bradford Cty.","Bradford County Circuit Court","Circuit Court of the 8th Judicial Circuit of Florida, Bradford County","","1973-01-01",,"ST","Created as part of import of Case.Law data.","flacirct8"
"flacirct8gil",,,"",,"","2023-10-03 01:23:49.44329+00","f","f","f","355.0242","Fla. Cir. Ct., Gilchrist Cty.","Gilchrist County Circuit Court","Circuit Court of the 8th Judicial Circuit of Florida, Gilchrist County","","1973-01-01",,"ST","Created as part of import of Case.Law data.","flacirct8"
"flacirct8lev",,,"",,"","2023-10-03 01:23:49.463296+00","f","f","f","355.0243","Fla. Cir. Ct., Levy Cty.","Levy County Circuit Court","Circuit Court of the 8th Judicial Circuit of Florida, Levy County","","1973-01-01",,"ST","Created as part of import of Case.Law data.","flacirct8"
"gasuperctclarke",,,"",,"","2023-10-03 01:23:51.221764+00","f","f","f","357.005","Cobb Cty. Super. Ct.","Clarke County Superior Court, Ga.","Clarke County Superior Court, Ga.","",,,"ST","","gasuperct"
"flacirct8uni",,,"",,"","2023-10-03 01:23:49.475295+00","f","f","f","355.0244","Fla. Cir. Ct., Union Cty.","Union County Circuit Court","Circuit Court of the 8th Judicial Circuit of Florida, Union County","","1973-01-01",,"ST","Created as part of import of Case.Law data.","flacirct8"
"flacirct9",,,"",,"","2023-10-03 01:23:49.495294+00","f","f","f","355.0245","9th","Circuit Court of the 9th Judicial Circuit","Circuit Court of the 9th Judicial Circuit of Florida","","1973-01-01",,"ST","Created as part of import of Case.Law data.","flacirct"
"flacirct9ora",,,"",,"","2023-10-03 01:23:49.507288+00","f","f","f","355.0246","Fla. Cir. Ct., Orange Cty.","Orange County Circuit Court","Circuit Court of the 9th Judicial Circuit of Florida, Orange County","","1973-01-01",,"ST","Created as part of import of Case.Law data.","flacirct9"
"flacirct9osc",,,"",,"","2023-10-03 01:23:49.519288+00","f","f","f","355.0247","Fla. Cir. Ct., Osceola Cty.","Osceola County Circuit Court","Circuit Court of the 9th Judicial Circuit of Florida, Osceola County","","1973-01-01",,"ST","Created as part of import of Case.Law data.","flacirct9"
"flacirct10",,,"",,"","2023-10-03 01:23:49.528349+00","f","f","f","355.0248","10th","Circuit Court of the 10th Judicial Circuit","Circuit Court of the 10th Judicial Circuit of Florida","","1973-01-01",,"ST","Created as part of import of Case.Law data.","flacirct"
"flacirct10har",,,"",,"","2023-10-03 01:23:49.537395+00","f","f","f","355.0249","Fla. Cir. Ct., Hardee Cty.","Hardee County Circuit Court","Circuit Court of the 10th Judicial Circuit of Florida, Hardee County","","1973-01-01",,"ST","Created as part of import of Case.Law data.","flacirct10"
"flacirct10hig",,,"",,"","2023-10-03 01:23:49.554105+00","f","f","f","355.025","Fla. Cir. Ct., Highlands Cty.","Highlands County Circuit Court","Circuit Court of the 10th Judicial Circuit of Florida, Highlands County","","1973-01-01",,"ST","Created as part of import of Case.Law data.","flacirct10"
"flacirct10pol",,,"",,"","2023-10-03 01:23:49.561328+00","f","f","f","355.0251","Fla. Cir. Ct., Polk Cty.","Polk County Circuit Court","Circuit Court of the 10th Judicial Circuit of Florida, Polk County","","1973-01-01",,"ST","Created as part of import of Case.Law data.","flacirct10"
"flacirct11",,,"",,"","2023-10-03 01:23:49.569753+00","f","f","f","355.0252","11th","Circuit Court of the 11th Judicial Circuit","Circuit Court of the 11th Judicial Circuit of Florida","","1973-01-01",,"ST","Created as part of import of Case.Law data.","flacirct"
"flacirct11mia",,,"",,"","2023-10-03 01:23:49.577338+00","f","f","f","355.0253","Fla. Cir. Ct., Miami-Dade Cty.","Miami-Dade County Circuit Court","Circuit Court of the 11th Judicial Circuit of Florida, Miami-Dade County","","1973-01-01",,"ST","Created as part of import of Case.Law data.","flacirct11"
"flacirct12des",,,"",,"","2023-10-03 01:23:49.60716+00","f","f","f","355.0255","Fla. Cir. Ct., De Soto Cty.","De Soto County Circuit Court","Circuit Court of the 12th Judicial Circuit of Florida, De Soto County","","1973-01-01",,"ST","Created as part of import of Case.Law data.","flacirct12"
"flacirct12man",,,"",,"","2023-10-03 01:23:49.61729+00","f","f","f","355.0256","Fla. Cir. Ct., Manatee Cty.","Manatee County Circuit Court","Circuit Court of the 12th Judicial Circuit of Florida, Manatee County","","1973-01-01",,"ST","Created as part of import of Case.Law data.","flacirct12"
"flacirct12sar",,,"",,"","2023-10-03 01:23:49.623093+00","f","f","f","355.0257","Fla. Cir. Ct., Sarasota Cty.","Sarasota County Circuit Court","Circuit Court of the 12th Judicial Circuit of Florida, Sarasota County","","1973-01-01",,"ST","Created as part of import of Case.Law data.","flacirct12"
"flacirct13",,,"",,"","2023-10-03 01:23:49.639162+00","f","f","f","355.0258","13th","Circuit Court of the 13th Judicial Circuit","Circuit Court of the 13th Judicial Circuit of Florida","","1973-01-01",,"ST","Created as part of import of Case.Law data.","flacirct"
"flacirct13hil",,,"",,"","2023-10-03 01:23:49.654347+00","f","f","f","355.0259","Fla. Cir. Ct., Hillsborough Cty.","Hillsborough County Circuit Court","Circuit Court of the 13th Judicial Circuit of Florida, Hillsborough County","","1973-01-01",,"ST","Created as part of import of Case.Law data.","flacirct13"
"flacirct14",,,"",,"","2023-10-03 01:23:49.671144+00","f","f","f","355.026","14th","Circuit Court of the 14th Judicial Circuit","Circuit Court of the 14th Judicial Circuit of Florida","","1973-01-01",,"ST","Created as part of import of Case.Law data.","flacirct"
"flacirct14bay",,,"",,"","2023-10-03 01:23:49.687483+00","f","f","f","355.0261","Fla. Cir. Ct., Bay Cty.","Bay County Circuit Court","Circuit Court of the 14th Judicial Circuit of Florida, Bay County","","1973-01-01",,"ST","Created as part of import of Case.Law data.","flacirct14"
"flacirct14cal",,,"",,"","2023-10-03 01:23:49.697326+00","f","f","f","355.0262","Fla. Cir. Ct., Calhoun Cty.","Calhoun County Circuit Court","Circuit Court of the 14th Judicial Circuit of Florida, Calhoun County","","1973-01-01",,"ST","Created as part of import of Case.Law data.","flacirct14"
"flacirct14gul",,,"",,"","2023-10-03 01:23:49.71925+00","f","f","f","355.0263","Fla. Cir. Ct., Gulf Cty.","Gulf County Circuit Court","Circuit Court of the 14th Judicial Circuit of Florida, Gulf County","","1973-01-01",,"ST","Created as part of import of Case.Law data.","flacirct14"
"flacirct14hol",,,"",,"","2023-10-03 01:23:49.735328+00","f","f","f","355.0264","Fla. Cir. Ct., Holmes Cty.","Holmes County Circuit Court","Circuit Court of the 14th Judicial Circuit of Florida, Holmes County","","1973-01-01",,"ST","Created as part of import of Case.Law data.","flacirct14"
"flacirct14jac",,,"",,"","2023-10-03 01:23:49.744724+00","f","f","f","355.0265","Fla. Cir. Ct., Jackson Cty.","Jackson County Circuit Court","Circuit Court of the 14th Judicial Circuit of Florida, Jackson County","","1973-01-01",,"ST","Created as part of import of Case.Law data.","flacirct14"
"flacirct14was",,,"",,"","2023-10-03 01:23:49.753939+00","f","f","f","355.0266","Fla. Cir. Ct., Washington Cty.","Washington County Circuit Court","Circuit Court of the 14th Judicial Circuit of Florida, Washington County","","1973-01-01",,"ST","Created as part of import of Case.Law data.","flacirct14"
"flacirct15",,,"",,"","2023-10-03 01:23:49.771093+00","f","f","f","355.0267","15th","Circuit Court of the 15th Judicial Circuit","Circuit Court of the 15th Judicial Circuit of Florida","","1973-01-01",,"ST","Created as part of import of Case.Law data.","flacirct"
"flacirct15pal",,,"",,"","2023-10-03 01:23:49.781808+00","f","f","f","355.0268","Fla. Cir. Ct., Palm Beach Cty.","Palm Beach County Circuit Court","Circuit Court of the 15th Judicial Circuit of Florida, Palm Beach County","","1973-01-01",,"ST","Created as part of import of Case.Law data.","flacirct15"
"flacirct16",,,"",,"","2023-10-03 01:23:49.799124+00","f","f","f","355.0269","16th","Circuit Court of the 16th Judicial Circuit","Circuit Court of the 16th Judicial Circuit of Florida","","1973-01-01",,"ST","Created as part of import of Case.Law data.","flacirct"
"flacirct16mon",,,"",,"","2023-10-03 01:23:49.815149+00","f","f","f","355.027","Fla. Cir. Ct., Monroe Cty.","Monroe County Circuit Court","Circuit Court of the 16th Judicial Circuit of Florida, Monroe County","","1973-01-01",,"ST","Created as part of import of Case.Law data.","flacirct16"
"flacirct17",,,"",,"","2023-10-03 01:23:49.833475+00","f","f","f","355.0271","17th","Circuit Court of the 17th Judicial Circuit","Circuit Court of the 17th Judicial Circuit of Florida","","1973-01-01",,"ST","Created as part of import of Case.Law data.","flacirct"
"flacirct17bro",,,"",,"","2023-10-03 01:23:49.851148+00","f","f","f","355.0272","Fla. Cir. Ct., Broward Cty.","Broward County Circuit Court","Circuit Court of the 17th Judicial Circuit of Florida, Broward County","","1973-01-01",,"ST","Created as part of import of Case.Law data.","flacirct17"
"flacirct18",,,"",,"","2023-10-03 01:23:49.859143+00","f","f","f","355.0273","18th","Circuit Court of the 18th Judicial Circuit","Circuit Court of the 18th Judicial Circuit of Florida","https://flcourts18.org/","1973-01-01",,"ST","Created as part of import of Case.Law data.","flacirct"
"flacirct18bre",,,"",,"","2023-10-03 01:23:49.871211+00","f","f","f","355.0274","Fla. Cir. Ct., Brevard Cty.","Brevard County Circuit Court","Circuit Court of the 18th Judicial Circuit of Florida, Brevard County","","1973-01-01",,"ST","Created as part of import of Case.Law data.","flacirct18"
"flactyct24",,,"",,"","2023-10-03 01:23:50.279749+00","f","f","f","355.0323","Fla. Hardee Cty. Ct.","Hardee County Court","Hardee County Court","",,"1972-12-31","ST","Created as part of import of Case.Law data.","flactyct"
"flacirct18sem",,,"",,"","2023-10-03 01:23:49.885283+00","f","f","f","355.0275","Fla. Cir. Ct., Seminole Cty.","Seminole County Circuit Court","Circuit Court of the 18th Judicial Circuit of Florida, Seminole County","","1973-01-01",,"ST","Created as part of import of Case.Law data.","flacirct18"
"flacirct19",,,"",,"","2023-10-03 01:23:49.903225+00","f","f","f","355.0276","19th","Circuit Court of the 19th Judicial Circuit","Circuit Court of the 19th Judicial Circuit of Florida","","1973-01-01",,"ST","Created as part of import of Case.Law data.","flacirct"
"flacirct19ind",,,"",,"","2023-10-03 01:23:49.909287+00","f","f","f","355.0277","Fla. Cir. Ct., Indian River Cty.","Indian River County Circuit Court","Circuit Court of the 19th Judicial Circuit of Florida, Indian River County","","1973-01-01",,"ST","Created as part of import of Case.Law data.","flacirct19"
"flacirct19mar",,,"",,"","2023-10-03 01:23:49.915393+00","f","f","f","355.0278","Fla. Cir. Ct., Martin Cty.","Martin County Circuit Court","Circuit Court of the 19th Judicial Circuit of Florida, Martin County","","1973-01-01",,"ST","Created as part of import of Case.Law data.","flacirct19"
"flacirct19oke",,,"",,"","2023-10-03 01:23:49.92116+00","f","f","f","355.0279","Fla. Cir. Ct., Okeechobee Cty.","Okeechobee County Circuit Court","Circuit Court of the 19th Judicial Circuit of Florida, Okeechobee County","","1973-01-01",,"ST","Created as part of import of Case.Law data.","flacirct19"
"flacirct19stl",,,"",,"","2023-10-03 01:23:49.927128+00","f","f","f","355.028","Fla. Cir. Ct., St. Lucie Cty.","St. Lucie County Circuit Court","Circuit Court of the 19th Judicial Circuit of Florida, St. Lucie County","","1973-01-01",,"ST","Created as part of import of Case.Law data.","flacirct19"
"flacirct20",,,"",,"","2023-10-03 01:23:49.932968+00","f","f","f","355.0281","20th","Circuit Court of the 20th Judicial Circuit","Circuit Court of the 20th Judicial Circuit of Florida","","1973-01-01",,"ST","Created as part of import of Case.Law data.","flacirct"
"flacirct20cha",,,"",,"","2023-10-03 01:23:49.938853+00","f","f","f","355.0282","Fla. Cir. Ct., Charlotte Cty.","Charlotte County Circuit Court","Circuit Court of the 20th Judicial Circuit of Florida, Charlotte County","","1973-01-01",,"ST","Created as part of import of Case.Law data.","flacirct20"
"flacirct20col",,,"",,"","2023-10-03 01:23:49.949287+00","f","f","f","355.0283","Fla. Cir. Ct., Collier Cty.","Collier County Circuit Court","Circuit Court of the 20th Judicial Circuit of Florida, Collier County","","1973-01-01",,"ST","Created as part of import of Case.Law data.","flacirct20"
"flacirct20gla",,,"",,"","2023-10-03 01:23:49.963143+00","f","f","f","355.0284","Fla. Cir. Ct., Glades Cty.","Glades County Circuit Court","Circuit Court of the 20th Judicial Circuit of Florida, Glades County","","1973-01-01",,"ST","Created as part of import of Case.Law data.","flacirct20"
"flacirct20hen",,,"",,"","2023-10-03 01:23:49.97915+00","f","f","f","355.0285","Fla. Cir. Ct., Hendry Cty.","Hendry County Circuit Court","Circuit Court of the 20th Judicial Circuit of Florida, Hendry County","","1973-01-01",,"ST","Created as part of import of Case.Law data.","flacirct20"
"flacirct20lee",,,"",,"","2023-10-03 01:23:49.990068+00","f","f","f","355.0286","Fla. Cir. Ct., Lee Cty.","Lee County Circuit Court","Circuit Court of the 20th Judicial Circuit of Florida, Lee County","","1973-01-01",,"ST","Created as part of import of Case.Law data.","flacirct20"
"flactyct1",,,"",,"","2023-10-03 01:23:50.003152+00","f","f","f","355.03","Fla. Alachua Cty. Ct.","Alachua County Court","Alachua County Court","",,"1972-12-31","ST","Created as part of import of Case.Law data.","flactyct"
"flactyct2",,,"",,"","2023-10-03 01:23:50.019158+00","f","f","f","355.0301","Fla. Baker Cty. Ct.","Baker County Court","Baker County Court","",,"1972-12-31","ST","Created as part of import of Case.Law data.","flactyct"
"flactyct3",,,"",,"","2023-10-03 01:23:50.031153+00","f","f","f","355.0302","Fla. Bay Cty. Ct.","Bay County Court","Bay County Court","",,"1972-12-31","ST","Created as part of import of Case.Law data.","flactyct"
"flactyct4",,,"",,"","2023-10-03 01:23:50.038728+00","f","f","f","355.0303","Fla. Bradford Cty. Ct.","Bradford County Court","Bradford County Court","",,"1972-12-31","ST","Created as part of import of Case.Law data.","flactyct"
"flactyct5",,,"",,"","2023-10-03 01:23:50.056884+00","f","f","f","355.0304","Fla. Brevard Cty. Ct.","Brevard County Court","Brevard County Court","",,"1972-12-31","ST","Created as part of import of Case.Law data.","flactyct"
"flactyct6",,,"",,"","2023-10-03 01:23:50.071537+00","f","f","f","355.0305","Fla. Broward Cty. Ct.","Broward County Court","Broward County Court","",,"1972-12-31","ST","Created as part of import of Case.Law data.","flactyct"
"flactyct7",,,"",,"","2023-10-03 01:23:50.087174+00","f","f","f","355.0306","Fla. Calhoun Cty. Ct.","Calhoun County Court","Calhoun County Court","",,"1972-12-31","ST","Created as part of import of Case.Law data.","flactyct"
"flactyct8",,,"",,"","2023-10-03 01:23:50.093332+00","f","f","f","355.0307","Fla. Charlotte Cty. Ct.","Charlotte County Court","Charlotte County Court","",,"1972-12-31","ST","Created as part of import of Case.Law data.","flactyct"
"flactyct9",,,"",,"","2023-10-03 01:23:50.111527+00","f","f","f","355.0308","Fla. Citrus Cty. Ct.","Citrus County Court","Citrus County Court","",,"1972-12-31","ST","Created as part of import of Case.Law data.","flactyct"
"flactyct10",,,"",,"","2023-10-03 01:23:50.127255+00","f","f","f","355.0309","Fla. Clay Cty. Ct.","Clay County Court","Clay County Court","",,"1972-12-31","ST","Created as part of import of Case.Law data.","flactyct"
"flactyct11",,,"",,"","2023-10-03 01:23:50.136242+00","f","f","f","355.031","Fla. Collier Cty. Ct.","Collier County Court","Collier County Court","",,"1972-12-31","ST","Created as part of import of Case.Law data.","flactyct"
"flactyct12",,,"",,"","2023-10-03 01:23:50.147357+00","f","f","f","355.0311","Fla. Columbia Cty. Ct.","Columbia County Court","Columbia County Court","",,"1972-12-31","ST","Created as part of import of Case.Law data.","flactyct"
"flactyct13",,,"",,"","2023-10-03 01:23:50.160247+00","f","f","f","355.0312","Fla. De Soto Cty. Ct.","De Soto County Court","De Soto County Court","",,"1972-12-31","ST","Created as part of import of Case.Law data.","flactyct"
"flactyct14",,,"",,"","2023-10-03 01:23:50.171775+00","f","f","f","355.0313","Fla. Dixie Cty. Ct.","Dixie County Court","Dixie County Court","",,"1972-12-31","ST","Created as part of import of Case.Law data.","flactyct"
"flactyct15",,,"",,"","2023-10-03 01:23:50.186429+00","f","f","f","355.0314","Fla. Duval Cty. Ct.","Duval County Court","Duval County Court","",,"1972-12-31","ST","Created as part of import of Case.Law data.","flactyct"
"flactyct16",,,"",,"","2023-10-03 01:23:50.19314+00","f","f","f","355.0315","Fla. Escambia Cty. Ct.","Escambia County Court","Escambia County Court","",,"1972-12-31","ST","Created as part of import of Case.Law data.","flactyct"
"flactyct17",,,"",,"","2023-10-03 01:23:50.203245+00","f","f","f","355.0316","Fla. Flagler Cty. Ct.","Flagler County Court","Flagler County Court","",,"1972-12-31","ST","Created as part of import of Case.Law data.","flactyct"
"flactyct18",,,"",,"","2023-10-03 01:23:50.209454+00","f","f","f","355.0317","Fla. Franklin Cty. Ct.","Franklin County Court","Franklin County Court","",,"1972-12-31","ST","Created as part of import of Case.Law data.","flactyct"
"flactyct19",,,"",,"","2023-10-03 01:23:50.221966+00","f","f","f","355.0318","Fla. Gadsden Cty. Ct.","Gadsden County Court","Gadsden County Court","",,"1972-12-31","ST","Created as part of import of Case.Law data.","flactyct"
"flactyct20",,,"",,"","2023-10-03 01:23:50.231364+00","f","f","f","355.0319","Fla. Gilchrist Cty. Ct.","Gilchrist County Court","Gilchrist County Court","",,"1972-12-31","ST","Created as part of import of Case.Law data.","flactyct"
"flactyct21",,,"",,"","2023-10-03 01:23:50.241965+00","f","f","f","355.032","Fla. Glades Cty. Ct.","Glades County Court","Glades County Court","",,"1972-12-31","ST","Created as part of import of Case.Law data.","flactyct"
"flactyct22",,,"",,"","2023-10-03 01:23:50.249777+00","f","f","f","355.0321","Fla. Gulf Cty. Ct.","Gulf County Court","Gulf County Court","",,"1972-12-31","ST","Created as part of import of Case.Law data.","flactyct"
"flactyct23",,,"",,"","2023-10-03 01:23:50.271419+00","f","f","f","355.0322","Fla. Hamilton Cty. Ct.","Hamilton County Court","Hamilton County Court","",,"1972-12-31","ST","Created as part of import of Case.Law data.","flactyct"
"nyeriectyct",,,"",,"","2023-10-03 01:23:55.423177+00","f","f","f","366.965313","","Erie County Court","New York County Court, Erie County","",,,"ST","","nycountyct"
"flactyct26",,,"",,"","2023-10-03 01:23:50.296106+00","f","f","f","355.0325","Fla. Hernando Cty. Ct.","Hernando County Court","Hernando County Court","",,"1972-12-31","ST","Created as part of import of Case.Law data.","flactyct"
"flactyct27",,,"",,"","2023-10-03 01:23:50.30764+00","f","f","f","355.0326","Fla. Highlands Cty. Ct.","Highlands County Court","Highlands County Court","",,"1972-12-31","ST","Created as part of import of Case.Law data.","flactyct"
"flactyct28",,,"",,"","2023-10-03 01:23:50.31509+00","f","f","f","355.0327","Fla. Hillsborough Cty. Ct.","Hillsborough County Court","Hillsborough County Court","",,"1972-12-31","ST","Created as part of import of Case.Law data.","flactyct"
"flactyct29",,,"",,"","2023-10-03 01:23:50.330953+00","f","f","f","355.0328","Fla. Holmes Cty. Ct.","Holmes County Court","Holmes County Court","",,"1972-12-31","ST","Created as part of import of Case.Law data.","flactyct"
"flactyct30",,,"",,"","2023-10-03 01:23:50.343151+00","f","f","f","355.0329","Fla. Indian River Cty. Ct.","Indian River County Court","Indian River County Court","",,"1972-12-31","ST","Created as part of import of Case.Law data.","flactyct"
"flactyct31",,,"",,"","2023-10-03 01:23:50.353463+00","f","f","f","355.033","Fla. Jackson Cty. Ct.","Jackson County Court","Jackson County Court","",,"1972-12-31","ST","Created as part of import of Case.Law data.","flactyct"
"flactyct32",,,"",,"","2023-10-03 01:23:50.371193+00","f","f","f","355.0331","Fla. Jefferson Cty. Ct.","Jefferson County Court","Jefferson County Court","",,"1972-12-31","ST","Created as part of import of Case.Law data.","flactyct"
"flactyct33",,,"",,"","2023-10-03 01:23:50.385044+00","f","f","f","355.0332","Fla. Lafayette Cty. Ct.","Lafayette County Court","Lafayette County Court","",,"1972-12-31","ST","Created as part of import of Case.Law data.","flactyct"
"flactyct34",,,"",,"","2023-10-03 01:23:50.400948+00","f","f","f","355.0333","Fla. Lake Cty. Ct.","Lake County Court","Lake County Court","",,"1972-12-31","ST","Created as part of import of Case.Law data.","flactyct"
"flactyct35",,,"",,"","2023-10-03 01:23:50.41534+00","f","f","f","355.0334","Fla. Lee Cty. Ct.","Lee County Court","Lee County Court","",,"1972-12-31","ST","Created as part of import of Case.Law data.","flactyct"
"flactyct36",,,"",,"","2023-10-03 01:23:50.427555+00","f","f","f","355.0335","Fla. Leon Cty. Ct.","Leon County Court","Leon County Court","",,"1972-12-31","ST","Created as part of import of Case.Law data.","flactyct"
"flactyct37",,,"",,"","2023-10-03 01:23:50.443191+00","f","f","f","355.0336","Fla. Levy Cty. Ct.","Levy County Court","Levy County Court","",,"1972-12-31","ST","Created as part of import of Case.Law data.","flactyct"
"flactyct38",,,"",,"","2023-10-03 01:23:50.455279+00","f","f","f","355.0337","Fla. Liberty Cty. Ct.","Liberty County Court","Liberty County Court","",,"1972-12-31","ST","Created as part of import of Case.Law data.","flactyct"
"flactyct39",,,"",,"","2023-10-03 01:23:50.466037+00","f","f","f","355.0338","Fla. Madison Cty. Ct.","Madison County Court","Madison County Court","",,"1972-12-31","ST","Created as part of import of Case.Law data.","flactyct"
"flactyct40",,,"",,"","2023-10-03 01:23:50.483179+00","f","f","f","355.0339","Fla. Manatee Cty. Ct.","Manatee County Court","Manatee County Court","",,"1972-12-31","ST","Created as part of import of Case.Law data.","flactyct"
"flactyct41",,,"",,"","2023-10-03 01:23:50.495235+00","f","f","f","355.034","Fla. Marion Cty. Ct.","Marion County Court","Marion County Court","",,"1972-12-31","ST","Created as part of import of Case.Law data.","flactyct"
"flactyct42",,,"",,"","2023-10-03 01:23:50.511158+00","f","f","f","355.0341","Fla. Martin Cty. Ct.","Martin County Court","Martin County Court","",,"1972-12-31","ST","Created as part of import of Case.Law data.","flactyct"
"flactyct43",,,"",,"","2023-10-03 01:23:50.527155+00","f","f","f","355.0342","Fla. Miami-Dade Cty. Ct.","Miami-Dade County Court","Miami-Dade County Court","",,"1972-12-31","ST","Created as part of import of Case.Law data.","flactyct"
"flactyct44",,,"",,"","2023-10-03 01:23:50.543158+00","f","f","f","355.0343","Fla. Monroe Cty. Ct.","Monroe County Court","Monroe County Court","",,"1972-12-31","ST","Created as part of import of Case.Law data.","flactyct"
"flactyct45",,,"",,"","2023-10-03 01:23:50.559312+00","f","f","f","355.0344","Fla. Nassau Cty. Ct.","Nassau County Court","Nassau County Court","",,"1972-12-31","ST","Created as part of import of Case.Law data.","flactyct"
"flactyct46",,,"",,"","2023-10-03 01:23:50.569214+00","f","f","f","355.0345","Fla. Okaloosa Cty. Ct.","Okaloosa County Court","Okaloosa County Court","",,"1972-12-31","ST","Created as part of import of Case.Law data.","flactyct"
"flactyct47",,,"",,"","2023-10-03 01:23:50.584806+00","f","f","f","355.0346","Fla. Okeechobee Cty. Ct.","Okeechobee County Court","Okeechobee County Court","",,"1972-12-31","ST","Created as part of import of Case.Law data.","flactyct"
"flactyct48",,,"",,"","2023-10-03 01:23:50.5924+00","f","f","f","355.0347","Fla. Orange Cty. Ct.","Orange County Court","Orange County Court","",,"1972-12-31","ST","Created as part of import of Case.Law data.","flactyct"
"flactyct49",,,"",,"","2023-10-03 01:23:50.603151+00","f","f","f","355.0348","Fla. Osceola Cty. Ct.","Osceola County Court","Osceola County Court","",,"1972-12-31","ST","Created as part of import of Case.Law data.","flactyct"
"flactyct50",,,"",,"","2023-10-03 01:23:50.619214+00","f","f","f","355.0349","Fla. Palm Beach Cty. Ct.","Palm Beach County Court","Palm Beach County Court","",,"1972-12-31","ST","Created as part of import of Case.Law data.","flactyct"
"flactyct51",,,"",,"","2023-10-03 01:23:50.631155+00","f","f","f","355.035","Fla. Pasco Cty. Ct.","Pasco County Court","Pasco County Court","",,"1972-12-31","ST","Created as part of import of Case.Law data.","flactyct"
"flactyct52",,,"",,"","2023-10-03 01:23:50.647517+00","f","f","f","355.0351","Fla. Pinellas Cty. Ct.","Pinellas County Court","Pinellas County Court","",,"1972-12-31","ST","Created as part of import of Case.Law data.","flactyct"
"flactyct53",,,"",,"","2023-10-03 01:23:50.655097+00","f","f","f","355.0352","Fla. Polk Cty. Ct.","Polk County Court","Polk County Court","",,"1972-12-31","ST","Created as part of import of Case.Law data.","flactyct"
"flactyct54",,,"",,"","2023-10-03 01:23:50.667475+00","f","f","f","355.0353","Fla. Putnam Cty. Ct.","Putnam County Court","Putnam County Court","",,"1972-12-31","ST","Created as part of import of Case.Law data.","flactyct"
"flactyct55",,,"",,"","2023-10-03 01:23:50.686613+00","f","f","f","355.0354","Fla. St. Johns Cty. Ct.","St. Johns County Court","St. Johns County Court","",,"1972-12-31","ST","Created as part of import of Case.Law data.","flactyct"
"flactyct56",,,"",,"","2023-10-03 01:23:50.695836+00","f","f","f","355.0355","Fla. St. Lucie Cty. Ct.","St. Lucie County Court","St. Lucie County Court","",,"1972-12-31","ST","Created as part of import of Case.Law data.","flactyct"
"flactyct57",,,"",,"","2023-10-03 01:23:50.701685+00","f","f","f","355.0356","Fla. Santa Rosa Cty. Ct.","Santa Rosa County Court","Santa Rosa County Court","",,"1972-12-31","ST","Created as part of import of Case.Law data.","flactyct"
"flactyct58",,,"",,"","2023-10-03 01:23:50.715142+00","f","f","f","355.0357","Fla. Sarasota Cty. Ct.","Sarasota County Court","Sarasota County Court","",,"1972-12-31","ST","Created as part of import of Case.Law data.","flactyct"
"flactyct59",,,"",,"","2023-10-03 01:23:50.72714+00","f","f","f","355.0358","Fla. Seminole Cty. Ct.","Seminole County Court","Seminole County Court","",,"1972-12-31","ST","Created as part of import of Case.Law data.","flactyct"
"flactyct60",,,"",,"","2023-10-03 01:23:50.736703+00","f","f","f","355.0359","Fla. Sumter Cty. Ct.","Sumter County Court","Sumter County Court","",,"1972-12-31","ST","Created as part of import of Case.Law data.","flactyct"
"flactyct61",,,"",,"","2023-10-03 01:23:50.748712+00","f","f","f","355.036","Fla. Suwannee Cty. Ct.","Suwannee County Court","Suwannee County Court","",,"1972-12-31","ST","Created as part of import of Case.Law data.","flactyct"
"flactyct62",,,"",,"","2023-10-03 01:23:50.763368+00","f","f","f","355.0361","Fla. Taylor Cty. Ct.","Taylor County Court","Taylor County Court","",,"1972-12-31","ST","Created as part of import of Case.Law data.","flactyct"
"flactyct63",,,"",,"","2023-10-03 01:23:50.779191+00","f","f","f","355.0362","Fla. Union Cty. Ct.","Union County Court","Union County Court","",,"1972-12-31","ST","Created as part of import of Case.Law data.","flactyct"
"flactyct64",,,"",,"","2023-10-03 01:23:50.788718+00","f","f","f","355.0363","Fla. Volusia Cty. Ct.","Volusia County Court","Volusia County Court","",,"1972-12-31","ST","Created as part of import of Case.Law data.","flactyct"
"flactyct65",,,"",,"","2023-10-03 01:23:50.794687+00","f","f","f","355.0364","Fla. Wakulla Cty. Ct.","Wakulla County Court","Wakulla County Court","",,"1972-12-31","ST","Created as part of import of Case.Law data.","flactyct"
"flactyct66",,,"",,"","2023-10-03 01:23:50.807483+00","f","f","f","355.0365","Fla. Walton Cty. Ct.","Walton County Court","Walton County Court","",,"1972-12-31","ST","Created as part of import of Case.Law data.","flactyct"
"flactyct67",,,"",,"","2023-10-03 01:23:50.819158+00","f","f","f","355.0366","Fla. Washington Cty. Ct.","Washington County Court","Washington County Court","",,"1972-12-31","ST","Created as part of import of Case.Law data.","flactyct"
"flactyctrec5",,,"",,"","2023-10-03 01:23:50.831229+00","f","f","f","355.041","Brevard Cty. Civ. & Crim. Ct. Rec.","Brevard County Court of Record","Brevard County Civil and Criminal Court of Record","",,"1972-12-31","ST","Created as part of import of Case.Law data.","flactyctrec"
"flactyctrec7",,,"",,"","2023-10-03 01:23:50.84749+00","f","f","f","355.042","Broward Cty. Civ. & Crim. Ct. Rec.","Broward County Court of Record","Broward County Civil and Criminal Court of Record","",,"1972-12-31","ST","Created as part of import of Case.Law data.","flactyctrec"
"flactyctrec6",,,"",,"","2023-10-03 01:23:50.86719+00","f","f","f","355.043","Dade Cty. Civ. & Crim. Ct. Rec.","Dade County Court of Record","Dade County Civil and Criminal Court of Record","",,"1972-12-31","ST","Created as part of import of Case.Law data.","flactyctrec"
"flactyctrec1",,,"",,"","2023-10-03 01:23:50.883148+00","f","f","f","355.044","Duval Cty. Civ. & Crim. Ct. Rec.","Duval County Court of Record","Duval County Civil and Criminal Court of Record","",,"1972-12-31","ST","Created as part of import of Case.Law data.","flactyctrec"
"flactyctrec4",,,"",,"","2023-10-03 01:23:50.891924+00","f","f","f","355.045","Escambia Cty. Civ. & Crim. Ct. Rec.","Escambia County Court of Record","Escambia County Civil and Criminal Court of Record","",,"1972-12-31","ST","Created as part of import of Case.Law data.","flactyctrec"
"flactyctrec2",,,"",,"","2023-10-03 01:23:50.899237+00","f","f","f","355.046","Palm Beach Cty. Civ. & Crim. Ct. Rec.","Palm Beach County Court of Record","Palm Beach County Civil and Criminal Court of Record","",,"1972-12-31","ST","Created as part of import of Case.Law data.","flactyctrec"
"flactyctrec3",,,"",,"","2023-10-03 01:23:50.907781+00","f","f","f","355.047","Pinellas Cty. Civ. & Crim. Ct. Rec.","Pinellas County Court of Record","Pinellas County Civil and Criminal Court of Record","",,"1972-12-31","ST","Created as part of import of Case.Law data.","flactyctrec"
"flajudct9",,,"",,"","2023-10-03 01:23:50.927132+00","f","f","f","355.0501","Broward Cty. J. Ct.","Broward County Judge's Court","Broward County Judge's Court","",,"1972-12-31","ST","Created as part of import of Case.Law data.","flajudct"
"flajudct1",,,"",,"","2023-10-03 01:23:50.933321+00","f","f","f","355.0502","Charlotte Cty. J. Ct.","Charlotte County Judge's Court","Charlotte County Judge's Court","",,"1972-12-31","ST","Created as part of import of Case.Law data.","flajudct"
"flajudct2",,,"",,"","2023-10-03 01:23:50.943017+00","f","f","f","355.0503","Dade Cty. J. Ct.","Dade County Judge's Court","Dade County Judge's Court","",,"1972-12-31","ST","Created as part of import of Case.Law data.","flajudct"
"flajudct13",,,"",,"","2023-10-03 01:23:50.95329+00","f","f","f","355.0504","Duval Cty. J. Ct.","Duval County Judge's Court","Duval County Judge's Court","",,"1972-12-31","ST","Created as part of import of Case.Law data.","flajudct"
"flajudct3",,,"",,"","2023-10-03 01:23:50.968698+00","f","f","f","355.0505","Hamilton Cty. J. Ct.","Hamilton County Judge's Court","Hamilton County Judge's Court","",,"1972-12-31","ST","Created as part of import of Case.Law data.","flajudct"
"flajudct8",,,"",,"","2023-10-03 01:23:50.975364+00","f","f","f","355.0506","Lake Cty. J. Ct.","Lake County Judge's Court","Lake County Judge's Court","",,"1972-12-31","ST","Created as part of import of Case.Law data.","flajudct"
"flajudct5",,,"",,"","2023-10-03 01:23:50.987187+00","f","f","f","355.0507","Lee Cty. J. Ct.","Lee County Judge's Court","Lee County Judge's Court","",,"1972-12-31","ST","Created as part of import of Case.Law data.","flajudct"
"flajudct11",,,"",,"","2023-10-03 01:23:51.003156+00","f","f","f","355.0508","Monroe Cty. Judge Ct.","Monroe County Judge Court","Monroe County Judge Court","",,"1972-12-31","ST","Created as part of import of Case.Law data.","flajudct"
"flajudct4",,,"",,"","2023-10-03 01:23:51.01314+00","f","f","f","355.0509","Orange Cty. J. Ct.","Orange County Judge's Court","Orange County Judge's Court","",,"1972-12-31","ST","Created as part of import of Case.Law data.","flajudct"
"flajudct12",,,"",,"","2023-10-03 01:23:51.027182+00","f","f","f","355.051","Palm Beach Cty. J. Ct.","Palm Beach County Judge's Court","Palm Beach County Judge's Court","",,"1972-12-31","ST","Created as part of import of Case.Law data.","flajudct"
"flajudct10",,,"",,"","2023-10-03 01:23:51.033619+00","f","f","f","355.0511","Pinellas Cty. J. Ct.","Pinellas County Judge's Court","Pinellas County Judge's Court","",,"1972-12-31","ST","Created as part of import of Case.Law data.","flajudct"
"flajudct14",,,"",,"","2023-10-03 01:23:51.055443+00","f","f","f","355.0512","Sarasota Cty. J. Ct.","Sarasota County Judge's Court","Sarasota County Judge's Court","",,"1972-12-31","ST","Created as part of import of Case.Law data.","flajudct"
"flajudct7",,,"",,"","2023-10-03 01:23:51.071481+00","f","f","f","355.0513","Suwannee Cty. J. Ct.","Suwannee County Judge's Court","Suwannee County Judge's Court","",,"1972-12-31","ST","Created as part of import of Case.Law data.","flajudct"
"flajudct6",,,"",,"","2023-10-03 01:23:51.088844+00","f","f","f","355.0514","Volusia Cty. J. Ct.","Volusia County Judge's Court","Volusia County Judge's Court","",,"1972-12-31","ST","Created as part of import of Case.Law data.","flajudct"
"flasmclct1",,,"",,"","2023-10-03 01:23:51.099453+00","f","f","f","355.0601","Broward Cty. Sm. Cl. Ct.","Broward County Small Claims Court","Broward County Small Claims Court","",,"1972-12-31","ST","Created as part of import of Case.Law data.","flasmclct"
"flasmclct3",,,"",,"","2023-10-03 01:23:51.115011+00","f","f","f","355.0602","Dade Cty. Sm. Cl. Ct","Dade County Small Claims Court","Dade County Small Claims Court","",,"1972-12-31","ST","Created as part of import of Case.Law data.","flasmclct"
"flasmclct2",,,"",,"","2023-10-03 01:23:51.123375+00","f","f","f","355.0603","Palm Beach Cty. Sm Cl. Ct.","Palm Beach County Small Claims Court","Palm Beach County Small Claims Court","",,"1972-12-31","ST","Created as part of import of Case.Law data.","flasmclct"
"flasmclct4",,,"",,"","2023-10-03 01:23:51.137241+00","f","f","f","355.0604","St. Lucie Cty. Sm. Cl. Ct.","St. Lucie County Small Claims Court","St. Lucie County Small Claims Court","",,"1972-12-31","ST","Created as part of import of Case.Law data.","flasmclct"
"flamunict1",,,"",,"","2023-10-03 01:23:51.155326+00","f","f","f","355.0701","Fla. Mun. Ct., Miami Beach","Miami Beach Municipal Court","Miami Beach Municipal Court","",,"1977-12-31","ST","Created as part of import of Case.Law data.","flamunict"
"flamunict3",,,"",,"","2023-10-03 01:23:51.167345+00","f","f","f","355.0702","Fla. Mun. Ct., Miami","Miami Municipal Court","Miami Municipal Court","",,"1977-12-31","ST","Created as part of import of Case.Law data.","flamunict"
"flamunict2",,,"",,"","2023-10-03 01:23:51.17488+00","f","f","f","355.0703","Fla. Mun. Ct., Surfside","Surfside Municipal Court","Surfside Municipal Court","",,"1977-12-31","ST","Created as part of import of Case.Law data.","flamunict"
"flajuv1",,,"",,"","2023-10-03 01:23:51.182883+00","f","f","f","355.0801","Palm Beach Cty. Juv. & Dom. Rel. Ct.","Palm Beach County Juvenile and Domestic Relations Court","Palm Beach County Juvenile and Domestic Relations Court","",,"1972-12-31","ST","Created as part of import of Case.Law data.","flajuv"
"gasuperctburke",,,"",,"","2023-10-03 01:23:51.189614+00","f","f","f","357.001","Burke Cty. Super. Ct.","Burke County Superior Court, Ga.","Burke County Superior Court, Ga.","",,,"ST","","gasuperct"
"gasuperctcarrol",,,"",,"","2023-10-03 01:23:51.19972+00","f","f","f","357.002","Carroll Cty. Super. Ct.","Carroll County Superior Court, Ga.","Carroll County Superior Court, Ga.","",,,"ST","","gasuperct"
"gasuperctchatha",,,"",,"","2023-10-03 01:23:51.208957+00","f","f","f","357.003","Chatham Superior Court","Chatham Superior Court, Ga.","Chatham Superior Court, Ga.","",,,"ST","","gasuperct"
"gasuperctcobb",,,"",,"","2023-10-03 01:23:51.232787+00","f","f","f","357.006","Cobb Cty. Super. Ct.","Cobb County Superior Court, Ga.","Cobb County Superior Court, Ga.","",,,"ST","","gasuperct"
"gasuperctcolumb",,,"",,"","2023-10-03 01:23:51.244826+00","f","f","f","357.007","Columbia Cty. Super. Ct.","Columbia County Superior Court, Ga.","Columbia County Superior Court, Ga.","",,,"ST","","gasuperct"
"gasuperctcoweta",,,"",,"","2023-10-03 01:23:51.255191+00","f","f","f","357.008","Coweta Cty. Super. Ct.","Coweta County Superior Court, Ga.","Coweta County Superior Court, Ga.","",,,"ST","","gasuperct"
"gasuperctdecatu",,,"",,"","2023-10-03 01:23:51.269098+00","f","f","f","357.009","Decatur Cty. Super. Ct.","Decatur County Superior Court, Ga.","Decatur County Superior Court, Ga.","",,,"ST","","gasuperct"
"gasuperctdekalb",,,"",,"","2023-10-03 01:23:51.287503+00","f","f","f","357.01","DeKalb Cty. Super. Ct.","DeKalb County Superior Court, Ga.","DeKalb County Superior Court, Ga.","",,,"ST","","gasuperct"
"gasuperctearl",,,"",,"","2023-10-03 01:23:51.303165+00","f","f","f","357.011","Early Cty. Super. Ct.","Early County Superior Court, Ga.","Early County Superior Court, Ga.","",,,"ST","","gasuperct"
"gasuperctelbert",,,"",,"","2023-10-03 01:23:51.317858+00","f","f","f","357.012","Elbert Cty. Super. Ct.","Elbert County Superior Court, Ga.","Elbert County Superior Court, Ga.","",,,"ST","","gasuperct"
"gasuperctfay",,,"",,"","2023-10-03 01:23:51.331221+00","f","f","f","357.013","Fayette Super. Ct.","Fayette Superior Court, Ga.","Fayette Superior Court, Ga.","",,,"ST","","gasuperct"
"gasuperctfrankl",,,"",,"","2023-10-03 01:23:51.343261+00","f","f","f","357.014","Franklin Cty. Super. Ct.","Franklin County Superior Court, Ga.","Franklin County Superior Court, Ga.","",,,"ST","","gasuperct"
"gasuperctgwin",,,"",,"","2023-10-03 01:23:51.359171+00","f","f","f","357.015","Gwinnett Cty. Super. Ct.","Gwinnett County Superior Court, Ga.","Gwinnett County Superior Court, Ga.","",,,"ST","","gasuperct"
"gasupercthabers",,,"",,"","2023-10-03 01:23:51.375803+00","f","f","f","357.016","Habersham Cty. Super. Ct.","Habersham County Superior Court, Ga.","Habersham County Superior Court, Ga.","",,,"ST","","gasuperct"
"gasupercthall",,,"",,"","2023-10-03 01:23:51.395246+00","f","f","f","357.017","Hall Cty. Super. Ct.","Hall County Superior Court, Ga.","Hall County Superior Court, Ga.","",,,"ST","","gasuperct"
"gasupercthancoc",,,"",,"","2023-10-03 01:23:51.408729+00","f","f","f","357.018","Hancock Cty. Super. Ct.","Hancock County Superior Court, Ga.","Hancock County Superior Court, Ga.","",,,"ST","","gasuperct"
"gasuperctharris",,,"",,"","2023-10-03 01:23:51.418187+00","f","f","f","357.019","Harris Cty. Super. Ct.","Harris County Superior Court, Ga.","Harris County Superior Court, Ga.","",,,"ST","","gasuperct"
"gasuperctheard",,,"",,"","2023-10-03 01:23:51.431804+00","f","f","f","357.02","Heard Cty. Super. Ct.","Heard County Superior Court, Ga.","Heard County Superior Court, Ga.","",,,"ST","","gasuperct"
"gasupercthous",,,"",,"","2023-10-03 01:23:51.447118+00","f","f","f","357.04","Houston Superior Court","Houston Superior Court, Ga.","Houston Superior Court, Ga.","",,,"ST","Created as part of import of Case.Law data.","gasuperct"
"gasuperctlee",,,"",,"","2023-10-03 01:23:51.46311+00","f","f","f","357.041","Lee Cty. Super. Ct.","Lee County Superior Court, Ga.","Lee County Superior Court, Ga.","",,,"ST","","gasuperct"
"gasuperctliber",,,"",,"","2023-10-03 01:23:51.476742+00","f","f","f","357.042","Liberty Cty. Super. Ct.","Liberty County Superior Court, Ga.","Liberty County Superior Court, Ga.","",,,"ST","","gasuperct"
"gasuperctlincol",,,"",,"","2023-10-03 01:23:51.487233+00","f","f","f","357.043","Lincoln Cty. Super. Ct.","Lincoln County Superior Court, Ga.","Lincoln County Superior Court, Ga.","",,,"ST","","gasuperct"
"gasuperctmacon",,,"",,"","2023-10-03 01:23:51.499376+00","f","f","f","357.044","Macon Cty. Super. Ct.","Macon County Superior Court, Ga.","Macon County Superior Court, Ga.","",,,"ST","","gasuperct"
"gasuperctmari",,,"",,"","2023-10-03 01:23:51.519224+00","f","f","f","357.045","Marion Cty. Super. Ct.","Marion County Superior Court, Ga.","Marion County Superior Court, Ga.","",,,"ST","","gasuperct"
"gasuperctmeriw",,,"",,"","2023-10-03 01:23:51.53524+00","f","f","f","357.046","Meriwether Cty. Super. Ct.","Meriwether County Superior Court, Ga.","Meriwether County Superior Court, Ga.","",,,"ST","","gasuperct"
"gasuperctmuscog",,,"",,"","2023-10-03 01:23:51.549683+00","f","f","f","357.047","Muscogee Cty. Super. Ct.","Muscogee County Superior Court, Ga.","Muscogee County Superior Court, Ga.","",,,"ST","","gasuperct"
"gasuperctogleth",,,"",,"","2023-10-03 01:23:51.557463+00","f","f","f","357.048","Oglethorpe Cty. Super. Ct.","Oglethorpe County Superior Court, Ga.","Oglethorpe County Superior Court, Ga.","",,,"ST","","gasuperct"
"gasuperctpike",,,"",,"","2023-10-03 01:23:51.5697+00","f","f","f","357.07","Pike Superior Court","Pike Superior Court, Ga.","Pike Superior Court, Ga.","",,,"ST","Created as part of import of Case.Law data.","gasuperct"
"gasuperctrand",,,"",,"","2023-10-03 01:23:51.58728+00","f","f","f","357.071","Randolph Cty. Super. Ct.","Randolph County Superior Court, Ga.","Randolph County Superior Court, Ga.","",,,"ST","","gasuperct"
"gasuperctrichm",,,"",,"","2023-10-03 01:23:51.594583+00","f","f","f","357.072","Richmond Superior Court","Richmond Superior Court, Ga.","Richmond Superior Court, Ga.","",,,"ST","","gasuperct"
"gasuperctserive",,,"",,"","2023-10-03 01:23:51.611183+00","f","f","f","357.073","Seriven Cty. Super. Ct.","Seriven County Superior Court, Ga.","Seriven County Superior Court, Ga.","",,,"ST","","gasuperct"
"gasuperctsumter",,,"",,"","2023-10-03 01:23:51.627181+00","f","f","f","357.074","Sumter Cty. Super. Ct.","Sumter County Superior Court, Ga.","Sumter County Superior Court, Ga.","",,,"ST","","gasuperct"
"gasupercttalb",,,"",,"","2023-10-03 01:23:51.635561+00","f","f","f","357.075","Talbot Cty. Super. Ct.","Talbot County Superior Court, Ga.","Talbot County Superior Court, Ga.","",,,"ST","","gasuperct"
"gasupercttallia",,,"",,"","2023-10-03 01:23:51.645989+00","f","f","f","357.076","Talliaferro Cty. Super. Ct.","Talliaferro County Superior Court, Ga.","Talliaferro County Superior Court, Ga.","",,,"ST","","gasuperct"
"gasupercttroup",,,"",,"","2023-10-03 01:23:51.65914+00","f","f","f","357.077","Troup Cty. Super. Ct.","Troup County Superior Court, Ga.","Troup County Superior Court, Ga.","",,,"ST","","gasuperct"
"gasuperctwalton",,,"",,"","2023-10-03 01:23:51.673798+00","f","f","f","357.078","Walton Cty. Super. Ct.","Walton County Superior Court, Ga.","Walton County Superior Court, Ga.","",,,"ST","","gasuperct"
"gasuperctwashin",,,"",,"","2023-10-03 01:23:51.691233+00","f","f","f","357.079","Washington Cty. Super. Ct.","Washington County Superior Court, Ga.","Washington County Superior Court, Ga.","",,,"ST","","gasuperct"
"gasuperctwilkes",,,"",,"","2023-10-03 01:23:51.707257+00","f","f","f","357.08","Wilkes Cty. Super. Ct.","Wilkes County Superior Court, Ga.","Wilkes County Superior Court, Ga.","",,,"ST","","gasuperct"
"indcirct",,,"",,"","2023-10-03 01:23:51.715932+00","f","f","f","360.4","","Indiana Circuit Court","Indiana Circuit Court","","1819-01-01",,"F","","uscirct"
"kyctapphigh",,,"",,"","2023-10-03 01:23:51.731815+00","t","f","f","362.4","Ky. Ct. App.","Court of Appeals of Kentucky (pre-1976)","Court of Appeals of Kentucky (pre-1976)","http://courts.ky.gov/courts/coa/Pages/coa.aspx","1792-01-01","1975-12-31","S","Columbia","kyctapp"
"kycirct1",,,"",,"","2023-10-03 01:23:51.74546+00","f","f","f","362.4202","Ky. Circ. Ct.","Kentucky Circuit Court 1","Kentucky Circuit Court 1","",,,"ST","Created as part of import of Case.Law data.","kycirct"
"kycirctballard",,,"",,"","2023-10-03 01:23:51.761795+00","f","f","f","362.4203","Ballard Circ. Ct., Ky.","Ballard Circuit Court, Kentucky","Ballard Circuit Court, Kentucky","",,,"ST","Created as part of import of Case.Law data.","kycirct1"
"kycirct6",,,"",,"","2023-10-03 01:23:51.768004+00","f","f","f","362.4204","","Kentucky Circuit Court 6","Kentucky Circuit Court 6","",,,"ST","Created as part of import of Case.Law data.","kycirct"
"kycirctdaviess",,,"",,"","2023-10-03 01:23:51.787848+00","f","f","f","362.4205","Daviess Circ. Ct., Ky.","Daviess Circuit Court, Kentucky","Daviess Circuit Court, Kentucky","",,,"ST","Created as part of import of Case.Law data.","kycirct6"
"kycirct12",,,"",,"","2023-10-03 01:23:51.803302+00","f","f","f","362.42055","Ky. Circ. Ct., 12","Kentucky Circuit Court 12","Kentucky Circuit Court 12","",,,"ST","","kycirct"
"kycircthenry",,,"",,"","2023-10-03 01:23:51.81928+00","f","f","f","362.42056","Henry Circ. Ct., Ky.","Henry Circuit Court, Kentucky","Henry Circuit Court, Kentucky","",,,"ST","","kycirct12"
"kycirct16",,,"",,"","2023-10-03 01:23:51.839227+00","f","f","f","362.4206","","Kentucky Circuit Court 16","Kentucky Circuit Court 16","",,,"ST","Created as part of import of Case.Law data.","kycirct"
"kycirctkenton",,,"",,"","2023-10-03 01:23:51.849996+00","f","f","f","362.4207","Kenton Circ. Ct., Ky.","Kenton Circuit Court, Kentucky","Kenton Circuit Court, Kentucky","",,,"ST","Created as part of import of Case.Law data.","kycirct16"
"kycirct17",,,"",,"","2023-10-03 01:23:51.863788+00","f","f","f","362.42071","Ky. Circ. Ct., 17","Kentucky Circuit Court 17","Kentucky Circuit Court 17","",,,"ST","","kycirct"
"kycirctcampbell",,,"",,"","2023-10-03 01:23:51.879695+00","f","f","f","362.42072","Campbell Circ. Ct., Ky.","Campbell Circuit Court, Kentucky","Campbell Circuit Court, Kentucky","",,,"ST","","kycirct17"
"kycirct20",,,"",,"","2023-10-03 01:23:51.886222+00","f","f","f","362.4208","","Kentucky Circuit Court 20","Kentucky Circuit Court 20","",,,"ST","Created as part of import of Case.Law data.","kycirct"
"kycirctgreenup",,,"",,"","2023-10-03 01:23:51.892116+00","f","f","f","362.4209","Greenup Circ. Ct., Ky.","Greenup Circuit Court, Kentucky","Greenup Circuit Court, Kentucky","",,,"ST","Created as part of import of Case.Law data.","kycirct20"
"kycirct22",,,"",,"","2023-10-03 01:23:51.902721+00","f","f","f","362.42095","Ky. Circ. Ct., 22","Kentucky Circuit Court 22","Kentucky Circuit Court 22","",,,"ST","","kycirct"
"kycirctfayette",,,"",,"","2023-10-03 01:23:51.9112+00","f","f","f","362.42096","Fayette Circ. Ct., Ky.","Fayette Circuit Court, Kentucky","Fayette Circuit Court, Kentucky","",,,"ST","","kycirct22"
"kycirct24",,,"",,"","2023-10-03 01:23:51.927189+00","f","f","f","362.421","","Kentucky Circuit Court 24","Kentucky Circuit Court 24","",,,"ST","Created as part of import of Case.Law data.","kycirct"
"kycirctjohnson",,,"",,"","2023-10-03 01:23:51.943209+00","f","f","f","362.4211","Johnson Circ. Ct., Ky.","Johnson Circuit Court, Kentucky","Johnson Circuit Court, Kentucky","",,,"ST","Created as part of import of Case.Law data.","kycirct24"
"kycirct26",,,"",,"","2023-10-03 01:23:51.955435+00","f","f","f","362.4212","","Kentucky Circuit Court 26","Kentucky Circuit Court 26","",,,"ST","Created as part of import of Case.Law data.","kycirct"
"kycirctharlan",,,"",,"","2023-10-03 01:23:51.975481+00","f","f","f","362.4213","Harlan Circ. Ct., Ky.","Harlan Circuit Court, Kentucky","Harlan Circuit Court, Kentucky","",,,"ST","Created as part of import of Case.Law data.","kycirct26"
"kycirct27",,,"",,"","2023-10-03 01:23:51.987216+00","f","f","f","362.4214","","Kentucky Circuit Court 27","Kentucky Circuit Court 27","",,,"ST","Created as part of import of Case.Law data.","kycirct"
"kycirctknox",,,"",,"","2023-10-03 01:23:51.999135+00","f","f","f","362.4215","Knox Circ. Ct., Ky.","Knox Circuit Court, Kentucky","Knox Circuit Court, Kentucky","",,,"ST","Created as part of import of Case.Law data.","kycirct27"
"kycirct31",,,"",,"","2023-10-03 01:23:52.021554+00","f","f","f","362.42155","Ky. Circ. Ct., 31","Kentucky Circuit Court 31","Kentucky Circuit Court 31","",,,"ST","","kycirct"
"kycirctfloyd",,,"",,"","2023-10-03 01:23:52.036857+00","f","f","f","362.42156","Floyd Circ. Ct., Ky.","Floyd Circuit Court, Kentucky","Floyd Circuit Court, Kentucky","",,,"ST","","kycirct31"
"kycirct32",,,"",,"","2023-10-03 01:23:52.05144+00","f","f","f","362.4216","","Kentucky Circuit Court 32","Kentucky Circuit Court 32","",,,"ST","Created as part of import of Case.Law data.","kycirct"
"kycirctboyd",,,"",,"","2023-10-03 01:23:52.063306+00","f","f","f","362.4217","Boyd Circ. Ct., Ky.","Boyd Circuit Court, Kentucky","Boyd Circuit Court, Kentucky","",,,"ST","Created as part of import of Case.Law data.","kycirct32"
"kycirct38",,,"",,"","2023-10-03 01:23:52.069964+00","f","f","f","362.4218","","Kentucky Circuit Court 38","Kentucky Circuit Court 38","",,,"ST","Created as part of import of Case.Law data.","kycirct"
"kycirctedmonson",,,"",,"","2023-10-03 01:23:52.079133+00","f","f","f","362.4219","Edmonson Circ. Ct., Ky.","Edmonson Circuit Court, Kentucky","Edmonson Circuit Court, Kentucky","",,,"ST","Created as part of import of Case.Law data.","kycirct38"
"kycirctbutler",,,"",,"","2023-10-03 01:23:52.087185+00","f","f","f","362.42191","Butler Circ. Ct., Ky.","Butler Circuit Court, Kentucky","Butler Circuit Court, Kentucky","",,,"ST","","kycirct38"
"kycirct41",,,"",,"","2023-10-03 01:23:52.111246+00","f","f","f","362.422","","Kentucky Circuit Court 41","Kentucky Circuit Court 41","",,,"ST","Created as part of import of Case.Law data.","kycirct"
"kycirctclay",,,"",,"","2023-10-03 01:23:52.125348+00","f","f","f","362.4221","Clay Circ. Ct., Ky.","Clay Circuit Court, Kentucky","Clay Circuit Court, Kentucky","",,,"ST","Created as part of import of Case.Law data.","kycirct41"
"kycirct42",,,"",,"","2023-10-03 01:23:52.139222+00","f","f","f","362.4222","","Kentucky Circuit Court 42","Kentucky Circuit Court 42","",,,"ST","Created as part of import of Case.Law data.","kycirct"
"kycirctcalloway",,,"",,"","2023-10-03 01:23:52.147414+00","f","f","f","362.4223","Calloway Circ. Ct., Ky.","Calloway Circuit Court, Kentucky","Calloway Circuit Court, Kentucky","",,,"ST","Created as part of import of Case.Law data.","kycirct42"
"kycirct44",,,"",,"","2023-10-03 01:23:52.15914+00","f","f","f","362.4224","","Kentucky Circuit Court 44","Kentucky Circuit Court 44","",,,"ST","Created as part of import of Case.Law data.","kycirct"
"kycirctbell",,,"",,"","2023-10-03 01:23:52.171152+00","f","f","f","362.4225","Bell Circ. Ct., Ky.","Bell Circuit Court, Kentucky","Bell Circuit Court, Kentucky","",,,"ST","Created as part of import of Case.Law data.","kycirct44"
"kycirct48",,,"",,"","2023-10-03 01:23:52.187176+00","f","f","f","362.42255","Ky. Circ. Ct., 48","Kentucky Circuit Court 48","Kentucky Circuit Court 48","",,,"ST","","kycirct"
"kycirctfranklin",,,"",,"","2023-10-03 01:23:52.203156+00","f","f","f","362.42256","Franklin Circ. Ct., Ky.","Franklin Circuit Court, Kentucky","Franklin Circuit Court, Kentucky","",,,"ST","","kycirct48"
"kycirct50",,,"",,"","2023-10-03 01:23:52.221671+00","f","f","f","362.4226","","Kentucky Circuit Court 50","Kentucky Circuit Court 50","",,,"ST","Created as part of import of Case.Law data.","kycirct"
"kycirctboyle",,,"",,"","2023-10-03 01:23:52.237138+00","f","f","f","362.4227","Boyle Circ. Ct., Ky.","Boyle Circuit Court, Kentucky","Boyle Circuit Court, Kentucky","",,,"ST","Created as part of import of Case.Law data.","kycirct50"
"kycirct51",,,"",,"","2023-10-03 01:23:52.255133+00","f","f","f","362.4228","","Kentucky Circuit Court 51","Kentucky Circuit Court 51","",,,"ST","Created as part of import of Case.Law data.","kycirct"
"kycircthenderso",,,"",,"","2023-10-03 01:23:52.269485+00","f","f","f","362.4229","Henderson Circ. Ct., Ky.","Henderson Circuit Court, Kentucky","Henderson Circuit Court, Kentucky","",,,"ST","Created as part of import of Case.Law data.","kycirct51"
"kycirct54",,,"",,"","2023-10-03 01:23:52.287163+00","f","f","f","362.423","","Kentucky Circuit Court 54","Kentucky Circuit Court 54","",,,"ST","Created as part of import of Case.Law data.","kycirct"
"kycirctboone",,,"",,"","2023-10-03 01:23:52.307141+00","f","f","f","362.4231","Boone Circ. Ct., Ky.","Boone Circuit Court, Kentucky","Boone Circuit Court, Kentucky","",,,"ST","Created as part of import of Case.Law data.","kycirct54"
"kycirct55",,,"",,"","2023-10-03 01:23:52.323139+00","f","f","f","362.4232","","Kentucky Circuit Court 55","Kentucky Circuit Court 55","",,,"ST","Created as part of import of Case.Law data.","kycirct"
"kycirctbullitt",,,"",,"","2023-10-03 01:23:52.339285+00","f","f","f","362.4233","Bullitt Circ. Ct., Ky.","Bullitt Circuit Court, Kentucky","Bullitt Circuit Court, Kentucky","",,,"ST","Created as part of import of Case.Law data.","kycirct55"
"kycirct56",,,"",,"","2023-10-03 01:23:52.35514+00","f","f","f","362.4234","","Kentucky Circuit Court 56","Kentucky Circuit Court 56","",,,"ST","Created as part of import of Case.Law data.","kycirct"
"kycirctlivingst",,,"",,"","2023-10-03 01:23:52.368797+00","f","f","f","362.4235","Livingston Circ. Ct., Ky.","Livingston Circuit Court, Kentucky","Livingston Circuit Court, Kentucky","",,,"ST","Created as part of import of Case.Law data.","kycirct56"
"masssuperctbarn",,,"",,"","2023-10-03 01:23:52.387139+00","f","f","f","364.001","Barnstable Mass. Super. Ct.","Massachusetts Superior Court, Barnstable County","Massachusetts Superior Court, Barnstable County","",,,"ST","","masssuperct"
"masssuperctberk",,,"",,"","2023-10-03 01:23:52.403204+00","f","f","f","364.002","Berkshire Mass. Super. Ct.","Massachusetts Superior Court, Berkshire County","Massachusetts Superior Court, Berkshire County","",,,"ST","","masssuperct"
"masssuperctsuff",,,"",,"","2023-10-03 01:23:52.411151+00","f","f","f","364.006","Suffolk Mass. Super. Ct.","Massachusetts Superior Court, Suffolk County","Massachusetts Superior Court, Suffolk County","",,,"ST","","masssuperct"
"massdistctbos",,,"",,"","2023-10-03 01:23:52.423639+00","f","f","f","364.1001","","Boston Municipal Court","Boston Municipal Court","",,,"ST","","massdistct"
"massdistctbrook",,,"",,"","2023-10-03 01:23:52.443146+00","f","f","f","364.105","","Brookline District Court","Brookline District Court","",,,"ST","Created as part of import of Case.Law data.","massdistct"
"michsuperctdetr",,,"",,"","2023-10-03 01:23:52.456619+00","f","f","f","365.121","Mich. Super. Ct., Detroit","Michigan Superior Court, Detroit","Michigan Superior Court, Detroit","",,,"ST","","michsuperct"
"michsuperctgrap",,,"",,"","2023-10-03 01:23:52.475223+00","f","f","f","365.122","Mich. Super. Ct., Grand Rapids","Michigan Superior Court, Grand Rapids","Michigan Superior Court, Grand Rapids","",,,"ST","","michsuperct"
"micirct1",,,"",,"","2023-10-03 01:23:52.491318+00","f","f","f","365.1729","Mich. Cir. Ct., 1st Cir.","Circuit Court of the 1st Circuit of Michigan","Circuit Court of the 1st Circuit of Michigan","",,,"ST","","micirct"
"micirct2",,,"",,"","2023-10-03 01:23:52.51128+00","f","f","f","365.173","Mich. Cir. Ct., 2nd Cir.","Circuit Court of the 2nd Circuit of Michigan","Circuit Court of the 2nd Circuit of Michigan","",,,"ST","","micirct"
"micirct3",,,"",,"","2023-10-03 01:23:52.527422+00","f","f","f","365.1731","Mich. Cir. Ct., 3rd Cir.","Circuit Court of the 3rd Circuit of Michigan","Circuit Court of the 3rd Circuit of Michigan","",,,"ST","","micirct"
"micirct4",,,"",,"","2023-10-03 01:23:52.543776+00","f","f","f","365.1732","Mich. Cir. Ct., 4th Cir.","Circuit Court of the 4th Circuit of Michigan","Circuit Court of the 4th Circuit of Michigan","",,,"ST","","micirct"
"micirct5",,,"",,"","2023-10-03 01:23:52.552779+00","f","f","f","365.1733","Mich. Cir. Ct., 5th Cir.","Circuit Court of the 5th Circuit of Michigan","Circuit Court of the 5th Circuit of Michigan","",,,"ST","","micirct"
"micirct6",,,"",,"","2023-10-03 01:23:52.56752+00","f","f","f","365.1734","Mich. Cir. Ct., 6th Cir.","Circuit Court of the 6th Circuit of Michigan","Circuit Court of the 6th Circuit of Michigan","",,,"ST","","micirct"
"micirct7",,,"",,"","2023-10-03 01:23:52.575956+00","f","f","f","365.1735","Mich. Cir. Ct., 7th Cir.","Circuit Court of the 7th Circuit of Michigan","Circuit Court of the 7th Circuit of Michigan","",,,"ST","","micirct"
"micirct8",,,"",,"","2023-10-03 01:23:52.583502+00","f","f","f","365.1736","Mich. Cir. Ct., 8th Cir.","Circuit Court of the 8th Circuit of Michigan","Circuit Court of the 8th Circuit of Michigan","",,,"ST","","micirct"
"micirct9",,,"",,"","2023-10-03 01:23:52.589769+00","f","f","f","365.1737","Mich. Cir. Ct., 9th Cir.","Circuit Court of the 9th Circuit of Michigan","Circuit Court of the 9th Circuit of Michigan","",,,"ST","","micirct"
"micirct10",,,"",,"","2023-10-03 01:23:52.603222+00","f","f","f","365.1738","Mich. Cir. Ct., 10th Cir.","Circuit Court of the 10th Circuit of Michigan","Circuit Court of the 10th Circuit of Michigan","",,,"ST","","micirct"
"micirct11",,,"",,"","2023-10-03 01:23:52.619361+00","f","f","f","365.1739","Mich. Cir. Ct., 11th Cir.","Circuit Court of the 11th Circuit of Michigan","Circuit Court of the 11th Circuit of Michigan","",,,"ST","","micirct"
"micirct12",,,"",,"","2023-10-03 01:23:52.635978+00","f","f","f","365.174","Mich. Cir. Ct., 12th Cir.","Circuit Court of the 12th Circuit of Michigan","Circuit Court of the 12th Circuit of Michigan","",,,"ST","","micirct"
"micirct13",,,"",,"","2023-10-03 01:23:52.6423+00","f","f","f","365.1741","Mich. Cir. Ct., 13th Cir.","Circuit Court of the 13th Circuit of Michigan","Circuit Court of the 13th Circuit of Michigan","",,,"ST","","micirct"
"micirct14",,,"",,"","2023-10-03 01:23:52.651204+00","f","f","f","365.1742","Mich. Cir. Ct., 14th Cir.","Circuit Court of the 14th Circuit of Michigan","Circuit Court of the 14th Circuit of Michigan","",,,"ST","","micirct"
"micirct15",,,"",,"","2023-10-03 01:23:52.663816+00","f","f","f","365.1743","Mich. Cir. Ct., 15th Cir.","Circuit Court of the 15th Circuit of Michigan","Circuit Court of the 15th Circuit of Michigan","",,,"ST","","micirct"
"micirct16",,,"",,"","2023-10-03 01:23:52.67516+00","f","f","f","365.1744","Mich. Cir. Ct., 16th Cir.","Circuit Court of the 16th Circuit of Michigan","Circuit Court of the 16th Circuit of Michigan","",,,"ST","","micirct"
"micirct17",,,"",,"","2023-10-03 01:23:52.68165+00","f","f","f","365.1745","Mich. Cir. Ct., 17th Cir.","Circuit Court of the 17th Circuit of Michigan","Circuit Court of the 17th Circuit of Michigan","",,,"ST","","micirct"
"micirct18",,,"",,"","2023-10-03 01:23:52.687818+00","f","f","f","365.1746","Mich. Cir. Ct., 18th Cir.","Circuit Court of the 18th Circuit of Michigan","Circuit Court of the 18th Circuit of Michigan","",,,"ST","","micirct"
"micirct19",,,"",,"","2023-10-03 01:23:52.700575+00","f","f","f","365.1747","Mich. Cir. Ct., 19th Cir.","Circuit Court of the 19th Circuit of Michigan","Circuit Court of the 19th Circuit of Michigan","",,,"ST","","micirct"
"micirct20",,,"",,"","2023-10-03 01:23:52.723278+00","f","f","f","365.1748","Mich. Cir. Ct., 20th Cir.","Circuit Court of the 20th Circuit of Michigan","Circuit Court of the 20th Circuit of Michigan","",,,"ST","","micirct"
"micirct21",,,"",,"","2023-10-03 01:23:52.739194+00","f","f","f","365.1749","Mich. Cir. Ct., 21st Cir.","Circuit Court of the 21st Circuit of Michigan","Circuit Court of the 21st Circuit of Michigan","",,,"ST","","micirct"
"micirct22",,,"",,"","2023-10-03 01:23:52.750108+00","f","f","f","365.175","Mich. Cir. Ct., 22nd Cir.","Circuit Court of the 22nd Circuit of Michigan","Circuit Court of the 22nd Circuit of Michigan","",,,"ST","","micirct"
"micirct23",,,"",,"","2023-10-03 01:23:52.757596+00","f","f","f","365.1751","Mich. Cir. Ct., 23rd Cir.","Circuit Court of the 23rd Circuit of Michigan","Circuit Court of the 23rd Circuit of Michigan","",,,"ST","","micirct"
"micirct24",,,"",,"","2023-10-03 01:23:52.764174+00","f","f","f","365.1752","Mich. Cir. Ct., 24th Cir.","Circuit Court of the 24th Circuit of Michigan","Circuit Court of the 24th Circuit of Michigan","",,,"ST","","micirct"
"micirct25",,,"",,"","2023-10-03 01:23:52.770119+00","f","f","f","365.1753","Mich. Cir. Ct., 25th Cir.","Circuit Court of the 25th Circuit of Michigan","Circuit Court of the 25th Circuit of Michigan","",,,"ST","","micirct"
"micirct26",,,"",,"","2023-10-03 01:23:52.783774+00","f","f","f","365.1754","Mich. Cir. Ct., 26th Cir.","Circuit Court of the 26th Circuit of Michigan","Circuit Court of the 26th Circuit of Michigan","",,,"ST","","micirct"
"micirct27",,,"",,"","2023-10-03 01:23:52.793492+00","f","f","f","365.1755","Mich. Cir. Ct., 27th Cir.","Circuit Court of the 27th Circuit of Michigan","Circuit Court of the 27th Circuit of Michigan","",,,"ST","","micirct"
"micirct28",,,"",,"","2023-10-03 01:23:52.813806+00","f","f","f","365.1756","Mich. Cir. Ct., 28th Cir.","Circuit Court of the 28th Circuit of Michigan","Circuit Court of the 28th Circuit of Michigan","",,,"ST","","micirct"
"micirct29",,,"",,"","2023-10-03 01:23:52.831319+00","f","f","f","365.1757","Mich. Cir. Ct., 29th Cir.","Circuit Court of the 29th Circuit of Michigan","Circuit Court of the 29th Circuit of Michigan","",,,"ST","","micirct"
"micirct30",,,"",,"","2023-10-03 01:23:52.84417+00","f","f","f","365.1758","Mich. Cir. Ct., 30th Cir.","Circuit Court of the 30th Circuit of Michigan","Circuit Court of the 30th Circuit of Michigan","",,,"ST","","micirct"
"micirct31",,,"",,"","2023-10-03 01:23:52.851199+00","f","f","f","365.1759","Mich. Cir. Ct., 31st Cir.","Circuit Court of the 31st Circuit of Michigan","Circuit Court of the 31st Circuit of Michigan","",,,"ST","","micirct"
"micirct32",,,"",,"","2023-10-03 01:23:52.857276+00","f","f","f","365.176","Mich. Cir. Ct., 32nd Cir.","Circuit Court of the 32nd Circuit of Michigan","Circuit Court of the 32nd Circuit of Michigan","",,,"ST","","micirct"
"micirct33",,,"",,"","2023-10-03 01:23:52.867156+00","f","f","f","365.1761","Mich. Cir. Ct., 33rd Cir.","Circuit Court of the 33rd Circuit of Michigan","Circuit Court of the 33rd Circuit of Michigan","",,,"ST","","micirct"
"micirct34",,,"",,"","2023-10-03 01:23:52.883326+00","f","f","f","365.1762","Mich. Cir. Ct., 34th Cir.","Circuit Court of the 34th Circuit of Michigan","Circuit Court of the 34th Circuit of Michigan","",,,"ST","","micirct"
"micirct35",,,"",,"","2023-10-03 01:23:52.892158+00","f","f","f","365.1763","Mich. Cir. Ct., 35th Cir.","Circuit Court of the 35th Circuit of Michigan","Circuit Court of the 35th Circuit of Michigan","",,,"ST","","micirct"
"micirct36",,,"",,"","2023-10-03 01:23:52.907241+00","f","f","f","365.1764","Mich. Cir. Ct., 36th Cir.","Circuit Court of the 36th Circuit of Michigan","Circuit Court of the 36th Circuit of Michigan","",,,"ST","","micirct"
"micirct37",,,"",,"","2023-10-03 01:23:52.927219+00","f","f","f","365.1765","Mich. 37th Cir.","Circuit Court of the 37th Circuit of Michigan","Circuit Court of the 37th Circuit of Michigan","",,,"ST","","micirct"
"micirct38",,,"",,"","2023-10-03 01:23:52.940881+00","f","f","f","365.1766","Mich. Cir. Ct., 38th Cir.","Circuit Court of the 38th Circuit of Michigan","Circuit Court of the 38th Circuit of Michigan","",,,"ST","","micirct"
"micirct39",,,"",,"","2023-10-03 01:23:52.947326+00","f","f","f","365.1767","Mich. Cir. Ct., 39th Cir.","Circuit Court of the 39th Circuit of Michigan","Circuit Court of the 39th Circuit of Michigan","",,,"ST","","micirct"
"micirct40",,,"",,"","2023-10-03 01:23:52.963406+00","f","f","f","365.1768","Mich. Cir. Ct., 40th Cir.","Circuit Court of the 40th Circuit of Michigan","Circuit Court of the 40th Circuit of Michigan","",,,"ST","","micirct"
"micirct41",,,"",,"","2023-10-03 01:23:52.979376+00","f","f","f","365.1769","Mich. Cir. Ct., 41st Cir.","Circuit Court of the 41st Circuit of Michigan","Circuit Court of the 41st Circuit of Michigan","",,,"ST","","micirct"
"micirct42",,,"",,"","2023-10-03 01:23:52.988801+00","f","f","f","365.177","Mich. Cir. Ct., 42nd Cir.","Circuit Court of the 42nd Circuit of Michigan","Circuit Court of the 42nd Circuit of Michigan","",,,"ST","","micirct"
"micirct43",,,"",,"","2023-10-03 01:23:52.99568+00","f","f","f","365.1771","Mich. Cir. Ct., 43rd Cir.","Circuit Court of the 43rd Circuit of Michigan","Circuit Court of the 43rd Circuit of Michigan","",,,"ST","","micirct"
"micirct44",,,"",,"","2023-10-03 01:23:53.007125+00","f","f","f","365.1772","Mich. Cir. Ct., 44th Cir.","Circuit Court of the 44th Circuit of Michigan","Circuit Court of the 44th Circuit of Michigan","",,,"ST","","micirct"
"micirct45",,,"",,"","2023-10-03 01:23:53.014974+00","f","f","f","365.1773","Mich. Cir. Ct., 45th Cir.","Circuit Court of the 45th Circuit of Michigan","Circuit Court of the 45th Circuit of Michigan","",,,"ST","","micirct"
"micirct46",,,"",,"","2023-10-03 01:23:53.03145+00","f","f","f","365.1774","Mich. Cir. Ct., 46th Cir.","Circuit Court of the 46th Circuit of Michigan","Circuit Court of the 46th Circuit of Michigan","",,,"ST","","micirct"
"micirct47",,,"",,"","2023-10-03 01:23:53.047154+00","f","f","f","365.1775","Mich. Cir. Ct., 47th Cir.","Circuit Court of the 47th Circuit of Michigan","Circuit Court of the 47th Circuit of Michigan","",,,"ST","","micirct"
"micirct48",,,"",,"","2023-10-03 01:23:53.05675+00","f","f","f","365.1776","Mich. Cir. Ct., 48th Cir.","Circuit Court of the 48th Circuit of Michigan","Circuit Court of the 48th Circuit of Michigan","",,,"ST","","micirct"
"micirct49",,,"",,"","2023-10-03 01:23:53.062908+00","f","f","f","365.1777","Mich. Cir. Ct., 49th Cir.","Circuit Court of the 49th Circuit of Michigan","Circuit Court of the 49th Circuit of Michigan","",,,"ST","","micirct"
"micirct50",,,"",,"","2023-10-03 01:23:53.079209+00","f","f","f","365.1778","Mich. Cir. Ct., 50th Cir.","Circuit Court of the 50th Circuit of Michigan","Circuit Court of the 50th Circuit of Michigan","",,,"ST","","micirct"
"micirct51",,,"",,"","2023-10-03 01:23:53.092852+00","f","f","f","365.1779","Mich. Cir. Ct., 51st Cir.","Circuit Court of the 51st Circuit of Michigan","Circuit Court of the 51st Circuit of Michigan","",,,"ST","","micirct"
"micirct52",,,"",,"","2023-10-03 01:23:53.103121+00","f","f","f","365.178","Mich. Cir. Ct., 52nd Cir.","Circuit Court of the 52nd Circuit of Michigan","Circuit Court of the 52nd Circuit of Michigan","",,,"ST","","micirct"
"micirct53",,,"",,"","2023-10-03 01:23:53.111843+00","f","f","f","365.1781","Mich. Cir. Ct., 53rd Cir.","Circuit Court of the 53rd Circuit of Michigan","Circuit Court of the 53rd Circuit of Michigan","",,,"ST","","micirct"
"micirct54",,,"",,"","2023-10-03 01:23:53.123161+00","f","f","f","365.1782","Mich. Cir. Ct., 54th Cir.","Circuit Court of the 54th Circuit of Michigan","Circuit Court of the 54th Circuit of Michigan","",,,"ST","","micirct"
"micirct55",,,"",,"","2023-10-03 01:23:53.139272+00","f","f","f","365.1783","Mich. Cir. Ct., 55th Cir.","Circuit Court of the 55th Circuit of Michigan","Circuit Court of the 55th Circuit of Michigan","",,,"ST","","micirct"
"micirct56",,,"",,"","2023-10-03 01:23:53.155158+00","f","f","f","365.1784","Mich. Cir. Ct., 56th Cir.","Circuit Court of the 56th Circuit of Michigan","Circuit Court of the 56th Circuit of Michigan","",,,"ST","","micirct"
"micirct57",,,"",,"","2023-10-03 01:23:53.171131+00","f","f","f","365.1785","Mich. Cir. Ct., 57th Cir.","Circuit Court of the 57th Circuit of Michigan","Circuit Court of the 57th Circuit of Michigan","",,,"ST","","micirct"
"nhprivycounnh",,,"",,"","2023-10-03 01:23:53.187148+00","f","f","f","366.525","New Hampshire Committee of the Privy Council","New Hampshire Committee of the Privy Council","New Hampshire Committee of the Privy Council","",,,"SS","Created as part of import of Case.Law data.","privycoun"
"njsuperatlantic",,,"",,"","2023-10-03 01:23:53.207544+00","f","f","f","366.602","Atlantic Cty. Super. Ct.","Atlantic County Superior Court","Atlantic County Superior Court","",,,"ST","Created as part of import of Case.Law data.","njsuper"
"njsuperbergen",,,"",,"","2023-10-03 01:23:53.220785+00","f","f","f","366.603","Bergen Cty. Super. Ct.","Bergen County Superior Court","Bergen County Superior Court","",,,"ST","Created as part of import of Case.Law data.","njsuper"
"njsuperburlingt",,,"",,"","2023-10-03 01:23:53.226829+00","f","f","f","366.604","Burlington Cty. Super. Ct.","Burlington County Superior Court","Burlington County Superior Court","",,,"ST","Created as part of import of Case.Law data.","njsuper"
"njsupercamden",,,"",,"","2023-10-03 01:23:53.236807+00","f","f","f","366.605","Camden Cty. Super. Ct.","Camden County Superior Court","Camden County Superior Court","",,,"ST","Created as part of import of Case.Law data.","njsuper"
"njsupercapemay",,,"",,"","2023-10-03 01:23:53.243287+00","f","f","f","366.606","Cape May Cty. Super. Ct.","Cape May County Superior Court","Cape May County Superior Court","",,,"ST","Created as part of import of Case.Law data.","njsuper"
"njsupercumberla",,,"",,"","2023-10-03 01:23:53.257074+00","f","f","f","366.607","Cumberland Cty. Super. Ct.","Cumberland County Superior Court","Cumberland County Superior Court","",,,"ST","Created as part of import of Case.Law data.","njsuper"
"njsuperessex",,,"",,"","2023-10-03 01:23:53.275247+00","f","f","f","366.608","Essex Cty. Super. Ct.","Essex County Superior Court","Essex County Superior Court","",,,"ST","Created as part of import of Case.Law data.","njsuper"
"njsupergloucest",,,"",,"","2023-10-03 01:23:53.287336+00","f","f","f","366.609","Gloucester Cty. Super. Ct.","Gloucester County Superior Court","Gloucester County Superior Court","",,,"ST","Created as part of import of Case.Law data.","njsuper"
"njsuperhudson",,,"",,"","2023-10-03 01:23:53.29351+00","f","f","f","366.61","Hudson Cty. Super. Ct.","Hudson County Superior Court","Hudson County Superior Court","",,,"ST","Created as part of import of Case.Law data.","njsuper"
"njsuperhunterdo",,,"",,"","2023-10-03 01:23:53.299882+00","f","f","f","366.611","Hunterdon Cty. Super. Ct.","Hunterdon County Superior Court","Hunterdon County Superior Court","",,,"ST","Created as part of import of Case.Law data.","njsuper"
"njsupermercer",,,"",,"","2023-10-03 01:23:53.314836+00","f","f","f","366.612","Mercer Cty. Super. Ct.","Mercer County Superior Court","Mercer County Superior Court","",,,"ST","Created as part of import of Case.Law data.","njsuper"
"njsupermiddlese",,,"",,"","2023-10-03 01:23:53.327314+00","f","f","f","366.613","Middlesex Cty. Super. Ct.","Middlesex County Superior Court","Middlesex County Superior Court","",,,"ST","Created as part of import of Case.Law data.","njsuper"
"njsupermonmouth",,,"",,"","2023-10-03 01:23:53.347302+00","f","f","f","366.614","Monmouth Cty. Super. Ct.","Monmouth County Superior Court","Monmouth County Superior Court","",,,"ST","Created as part of import of Case.Law data.","njsuper"
"njsupermorris",,,"",,"","2023-10-03 01:23:53.360729+00","f","f","f","366.615","Morris Cty. Super. Ct.","Morris County Superior Court","Morris County Superior Court","",,,"ST","Created as part of import of Case.Law data.","njsuper"
"njsuperocean",,,"",,"","2023-10-03 01:23:53.370618+00","f","f","f","366.616","Ocean Cty. Super. Ct.","Ocean County Superior Court","Ocean County Superior Court","",,,"ST","Created as part of import of Case.Law data.","njsuper"
"njsuperpassaic",,,"",,"","2023-10-03 01:23:53.383235+00","f","f","f","366.617","Passaic Cty. Super. Ct.","Passaic County Superior Court","Passaic County Superior Court","",,,"ST","Created as part of import of Case.Law data.","njsuper"
"njsupersalem",,,"",,"","2023-10-03 01:23:53.399183+00","f","f","f","366.618","Salem Cty. Super. Ct.","Salem County Superior Court","Salem County Superior Court","",,,"ST","Created as part of import of Case.Law data.","njsuper"
"njsupersussex",,,"",,"","2023-10-03 01:23:53.405239+00","f","f","f","366.619","Sussex Cty. Super. Ct.","Sussex County Superior Court","Sussex County Superior Court","",,,"ST","Created as part of import of Case.Law data.","njsuper"
"njsuperwarren",,,"",,"","2023-10-03 01:23:53.416688+00","f","f","f","366.62","Warren Cty. Super. Ct.","Warren County Superior Court","Warren County Superior Court","",,,"ST","Created as part of import of Case.Law data.","njsuper"
"njfamctbergen",,,"",,"","2023-10-03 01:23:53.423111+00","f","f","f","366.622","Bergen Cty. Fam. Ct.","Bergen County Family Court","Bergen County Family Court","",,,"ST","Created as part of import of Case.Law data.","njfamct"
"njfamctcamden",,,"",,"","2023-10-03 01:23:53.43916+00","f","f","f","366.623","Camden Cty. Fam. Ct.","Camden County Family Court","Camden County Family Court","",,,"ST","Created as part of import of Case.Law data.","njfamct"
"njfamctcapemay",,,"",,"","2023-10-03 01:23:53.455168+00","f","f","f","366.624","Cape May Cty. Fam. Ct.","Cape May County Family Court","Cape May County Family Court","",,,"ST","Created as part of import of Case.Law data.","njfamct"
"njfamctcumberla",,,"",,"","2023-10-03 01:23:53.463149+00","f","f","f","366.625","Cumberland Cty. Fam. Ct.","Cumberland County Family Court","Cumberland County Family Court","",,,"ST","Created as part of import of Case.Law data.","njfamct"
"njfamctessex",,,"",,"","2023-10-03 01:23:53.475163+00","f","f","f","366.626","Essex Cty. Fam. Ct.","Essex County Family Court","Essex County Family Court","",,,"ST","Created as part of import of Case.Law data.","njfamct"
"njfamcthudson",,,"",,"","2023-10-03 01:23:53.491171+00","f","f","f","366.627","Hudson Cty. Fam. Ct.","Hudson County Family Court","Hudson County Family Court","",,,"ST","Created as part of import of Case.Law data.","njfamct"
"njfamctmiddlese",,,"",,"","2023-10-03 01:23:53.50715+00","f","f","f","366.628","Middlesex Cty. Fam. Ct.","Middlesex County Family Court","Middlesex County Family Court","",,,"ST","Created as part of import of Case.Law data.","njfamct"
"njfamctmonmouth",,,"",,"","2023-10-03 01:23:53.523159+00","f","f","f","366.629","Monmouth Cty. Fam. Ct.","Monmouth County Family Court","Monmouth County Family Court","",,,"ST","Created as part of import of Case.Law data.","njfamct"
"njfamctmorris",,,"",,"","2023-10-03 01:23:53.539165+00","f","f","f","366.63","Morris Cty. Fam. Ct.","Morris County Family Court","Morris County Family Court","",,,"ST","Created as part of import of Case.Law data.","njfamct"
"njfamctpassaic",,,"",,"","2023-10-03 01:23:53.555165+00","f","f","f","366.631","Passaic Cty. Fam. Ct.","Passaic County Family Court","Passaic County Family Court","",,,"ST","Created as part of import of Case.Law data.","njfamct"
"njfamctsalem",,,"",,"","2023-10-03 01:23:53.571198+00","f","f","f","366.632","Salem Cty. Fam. Ct.","Salem County Family Court","Salem County Family Court","",,,"ST","Created as part of import of Case.Law data.","njfamct"
"njfamctsomerset",,,"",,"","2023-10-03 01:23:53.577284+00","f","f","f","366.633","Somerset Cty. Fam. Ct.","Somerset County Family Court","Somerset County Family Court","",,,"ST","Created as part of import of Case.Law data.","njfamct"
"njfamctsussex",,,"",,"","2023-10-03 01:23:53.584896+00","f","f","f","366.634","Sussex Cty. Fam. Ct.","Sussex County Family Court","Sussex County Family Court","",,,"ST","Created as part of import of Case.Law data.","njfamct"
"njfamctunion",,,"",,"","2023-10-03 01:23:53.59509+00","f","f","f","366.635","Union Cty. Fam. Ct.","Union County Family Court","Union County Family Court","",,,"ST","Created as part of import of Case.Law data.","njfamct"
"njmunictbyram",,,"",,"","2023-10-03 01:23:53.604265+00","f","f","f","366.639","","Byram Township Municipal Court","Byram Township Municipal Court","",,,"ST","Created as part of import of Case.Law data.","njmunict"
"njmunictdumont",,,"",,"","2023-10-03 01:23:53.611106+00","f","f","f","366.64","","Borough of Dumont Municipal Court","Borough of Dumont Municipal Court","",,,"ST","Created as part of import of Case.Law data.","njmunict"
"njmunicthacken",,,"",,"","2023-10-03 01:23:53.62322+00","f","f","f","366.641","","Hackensack City Municipal Court","Hackensack City Municipal Court","",,,"ST","Created as part of import of Case.Law data.","njmunict"
"njmunictnewark",,,"",,"","2023-10-03 01:23:53.635316+00","f","f","f","366.642","","Newark Municipal Court","Newark Municipal Court","",,,"ST","Created as part of import of Case.Law data.","njmunict"
"njmunictprince",,,"",,"","2023-10-03 01:23:53.651318+00","f","f","f","366.643","","Borough of Princeton Municipal Court","Borough of Princeton Municipal Court","",,,"ST","Created as part of import of Case.Law data.","njmunict"
"njmunictsussex",,,"",,"","2023-10-03 01:23:53.667243+00","f","f","f","366.644","","Sussex County Municipal Court","Sussex County Municipal Court","",,,"ST","Created as part of import of Case.Law data.","njmunict"
"njreccthoboken",,,"",,"","2023-10-03 01:23:53.676434+00","f","f","f","366.648","","Hoboken City Recorder's Court.","Hoboken City Recorder's Court.","",,,"SS","Created as part of import of Case.Law data.","njrecct"
"njrecctmontcl",,,"",,"","2023-10-03 01:23:53.691241+00","f","f","f","366.649","","Montclair Town Recorder's Court","Montclair Town Recorder's Court","",,,"SS","Created as part of import of Case.Law data.","njrecct"
"njsurrctatlanti",,,"",,"","2023-10-03 01:23:53.706535+00","f","f","f","366.652","Atlantic Cty. Surr. Ct.","Atlantic County Surrogate's Court","Atlantic County Surrogate's Court","",,,"ST","Created as part of import of Case.Law data.","njsurrct"
"njsurrctbergen",,,"",,"","2023-10-03 01:23:53.719223+00","f","f","f","366.653","Bergen Cty. Surr. Ct.","Bergen County Surrogate's Court","Bergen County Surrogate's Court","",,,"ST","Created as part of import of Case.Law data.","njsurrct"
"njsurrctcamden",,,"",,"","2023-10-03 01:23:53.735289+00","f","f","f","366.654","Camden Cty. Surr. Ct.","Camden County Surrogate's Court","Camden County Surrogate's Court","",,,"ST","Created as part of import of Case.Law data.","njsurrct"
"njsurrctcapemay",,,"",,"","2023-10-03 01:23:53.743919+00","f","f","f","366.655","Cape May Cty. Surr. Ct.","Cape May County Surrogate's Court","Cape May County Surrogate's Court","",,,"ST","Created as part of import of Case.Law data.","njsurrct"
"njsurrcthudson",,,"",,"","2023-10-03 01:23:53.770809+00","f","f","f","366.657","Hudson Cty. Surr. Ct.","Hudson County Surrogate's Court","Hudson County Surrogate's Court","",,,"ST","Created as part of import of Case.Law data.","njsurrct"
"njsurrctmiddles",,,"",,"","2023-10-03 01:23:53.777556+00","f","f","f","366.658","Middlesex Cty. Surr. Ct.","Middlesex County Surrogate's Court","Middlesex County Surrogate's Court","",,,"ST","Created as part of import of Case.Law data.","njsurrct"
"njsurrctmonmout",,,"",,"","2023-10-03 01:23:53.787352+00","f","f","f","366.659","Monmouth Cty. Surr. Ct.","Monmouth County Surrogate's Court","Monmouth County Surrogate's Court","",,,"ST","Created as part of import of Case.Law data.","njsurrct"
"njsurrctsomerse",,,"",,"","2023-10-03 01:23:53.803531+00","f","f","f","366.66","Somerset Cty. Surr. Ct.","Somerset County Surrogate's Court","Somerset County Surrogate's Court","",,,"ST","Created as part of import of Case.Law data.","njsurrct"
"nyessexctyct",,,"",,"","2023-10-03 01:23:55.439229+00","f","f","f","366.965314","","Essex County Court","New York County Court, Essex County","",,,"ST","","nycountyct"
"njsurrctwarren",,,"",,"","2023-10-03 01:23:53.811898+00","f","f","f","366.661","Warren Cty. Surr. Ct.","Warren County Surrogate's Court","Warren County Surrogate's Court","",,,"ST","Created as part of import of Case.Law data.","njsurrct"
"njcirctatlantic",,,"",,"","2023-10-03 01:23:53.82259+00","f","f","f","366.663","Atlantic Cty. Cir. Ct., N.J.","Atlantic County Circuit Court, N.J.","Atlantic County Circuit Court, N.J.","",,"1947-12-31","SA","Created as part of import of Case.Law data.","njcirct"
"njcirctbergen",,,"",,"","2023-10-03 01:23:53.835178+00","f","f","f","366.664","Bergen Cty. Cir. Ct., N.J.","Bergen County Circuit Court, N.J.","Bergen County Circuit Court, N.J.","",,"1947-12-31","SA","Created as part of import of Case.Law data.","njcirct"
"njcirctburlingt",,,"",,"","2023-10-03 01:23:53.850652+00","f","f","f","366.665","Burlington Cty. Cir. Ct., N.J.","Burlington County Circuit Court, N.J.","Burlington County Circuit Court, N.J.","",,"1947-12-31","SA","Created as part of import of Case.Law data.","njcirct"
"njcirctcamden",,,"",,"","2023-10-03 01:23:53.860023+00","f","f","f","366.666","Camden Cty. Cir. Ct., N.J.","Camden County Circuit Court, N.J.","Camden County Circuit Court, N.J.","",,"1947-12-31","SA","Created as part of import of Case.Law data.","njcirct"
"njcirctcapemay",,,"",,"","2023-10-03 01:23:53.879188+00","f","f","f","366.667","Cape May Cty. Cir. Ct., N.J.","Cape May County Circuit Court, N.J.","Cape May County Circuit Court, N.J.","",,"1947-12-31","SA","Created as part of import of Case.Law data.","njcirct"
"njcirctcumberla",,,"",,"","2023-10-03 01:23:53.895157+00","f","f","f","366.6675","Cumberland Cty. Cir. Ct., N.J.","Cumberland County Circuit Court, N.J.","Cumberland County Circuit Court, N.J.","",,,"ST","","njcirct"
"njcirctessex",,,"",,"","2023-10-03 01:23:53.911937+00","f","f","f","366.6676","Essex Cty. Cir. Ct., N.J.","Essex County Circuit Court, N.J.","Essex County Circuit Court, N.J.","",,,"ST","","njcirct"
"njcirctgloucest",,,"",,"","2023-10-03 01:23:53.923205+00","f","f","f","366.6677","Gloucester Cty. Cir. Ct., N.J.","Gloucester County Circuit Court, N.J.","Gloucester County Circuit Court, N.J.","",,,"ST","","njcirct"
"njcircthudson",,,"",,"","2023-10-03 01:23:53.931105+00","f","f","f","366.668","Hudson Cty. Cir. Ct., N.J.","Hudson County Circuit Court, N.J.","Hudson County Circuit Court, N.J.","",,"1947-12-31","SA","Created as part of import of Case.Law data.","njcirct"
"njcirctmercer",,,"",,"","2023-10-03 01:23:53.947341+00","f","f","f","366.6685","Mercer Cty. Cir. Ct., N.J.","Mercer County Circuit Court, N.J.","Mercer County Circuit Court, N.J.","",,,"ST","","njcirct"
"njcirctmiddlese",,,"",,"","2023-10-03 01:23:53.956853+00","f","f","f","366.6686","Middlesex Cty. Cir. Ct., N.J.","Middlesex County Circuit Court, N.J.","Middlesex County Circuit Court, N.J.","",,,"ST","","njcirct"
"njcirctmonmouth",,,"",,"","2023-10-03 01:23:53.967153+00","f","f","f","366.669","Monmouth Cty. Cir. Ct., N.J.","Monmouth County Circuit Court, N.J.","Monmouth County Circuit Court, N.J.","",,"1947-12-31","SA","Created as part of import of Case.Law data.","njcirct"
"njcirctmorris",,,"",,"","2023-10-03 01:23:53.983224+00","f","f","f","366.67","Morris Cty. Cir. Ct., N.J.","Morris County Circuit Court, N.J.","Morris County Circuit Court, N.J.","",,"1947-12-31","SA","Created as part of import of Case.Law data.","njcirct"
"njcirctocean",,,"",,"","2023-10-03 01:23:54.000786+00","f","f","f","366.671","Ocean Cty. Cir. Ct., N.J.","Ocean County Circuit Court, N.J.","Ocean County Circuit Court, N.J.","",,"1947-12-31","SA","Created as part of import of Case.Law data.","njcirct"
"njcirctpassaic",,,"",,"","2023-10-03 01:23:54.022438+00","f","f","f","366.672","Passaic Cty. Cir. Ct., N.J.","Passaic County Circuit Court, N.J.","Passaic County Circuit Court, N.J.","",,"1947-12-31","SA","Created as part of import of Case.Law data.","njcirct"
"njcirctsomerset",,,"",,"","2023-10-03 01:23:54.028901+00","f","f","f","366.673","Somerset Cty. Cir. Ct., N.J.","Somerset County Circuit Court, N.J.","Somerset County Circuit Court, N.J.","",,"1947-12-31","SA","Created as part of import of Case.Law data.","njcirct"
"njcirctsussex",,,"",,"","2023-10-03 01:23:54.034823+00","f","f","f","366.6735","Sussex Cty. Cir. Ct., N.J.","Sussex County Circuit Court, N.J.","Sussex County Circuit Court, N.J.","",,,"St","","njcirct"
"njctpardons",,,"",,"","2023-10-03 01:23:54.046601+00","f","f","f","366.674","","New Jersey Court of Pardons","New Jersey Court of Pardons","",,,"SS","Created as part of import of Case.Law data.","njcirct"
"njcirctunion",,,"",,"","2023-10-03 01:23:54.062341+00","f","f","f","366.6745","Union Cty. Cir. Ct., N.J.","Union County Circuit Court, N.J.","Union County Circuit Court, N.J.","",,,"ST","","njcirct"
"njcirctwarren",,,"",,"","2023-10-03 01:23:54.070296+00","f","f","f","366.6746","Warren Cty. Cir. Ct., N.J.","Warren County Circuit Court, N.J.","Warren County Circuit Court, N.J.","",,,"ST","","njcirct"
"nygensesslewis",,,"",,"","2023-10-03 01:23:54.088876+00","f","f","f","366.96004","","New York Court of General Sessions, Lewis County","New York Court of General Sessions, Lewis County","","1683-10-17","1962-09-01","ST","","nygensess"
"nyoytermctnyc",,,"",,"","2023-10-03 01:23:54.097257+00","f","f","f","366.96101","","Oyer and Terminer, New York County","Oyer and Terminer, New York County","","1788-01-01","1895-12-31","ST","","nyoytermct"
"nyoyqueens",,,"",,"","2023-10-03 01:23:54.115591+00","f","f","f","366.96102","","Oyer and Terminer, Queens County","Oyer and Terminer, Queens County","","1788-01-01","1895-12-31","ST","","nyoytermct"
"nyoytermctwash",,,"",,"","2023-10-03 01:23:54.123407+00","f","f","f","366.96103","","Oyer and Terminer, Washington County","Oyer and Terminer, Washington County","","1788-01-01","1895-12-31","ST","","nyoytermct"
"nyoytermctren",,,"",,"","2023-10-03 01:23:54.13042+00","f","f","f","366.96104","","Oyer and Terminer, Rensselaer County","Oyer and Terminer, Rensselaer County","","1788-01-01","1895-12-31","ST","","nyoytermct"
"nyoytermctalb",,,"",,"","2023-10-03 01:23:54.136697+00","f","f","f","366.96105","","Oyer and Terminer, Albany County","Oyer and Terminer, Albany County","","1788-01-01","1895-12-31","ST","","nyoytermct"
"nychanctsara",,,"",,"","2023-10-03 01:23:54.142673+00","f","f","f","366.96201","","Saratoga Chancery Court","Saratoga Chancery Court","",,,"SS","","nychanct"
"nyciralbanycty",,,"",,"","2023-10-03 01:23:54.151509+00","f","f","f","366.962012","","New York Circuit Court, Albany County","New York Circuit Court, Albany County","","1821-01-01","1846-12-31","ST","","nycirct"
"nycircolcty",,,"",,"","2023-10-03 01:23:54.157312+00","f","f","f","366.962013","","New York Circuit Court, Columbia County","New York Circuit Court, Columbia County","","1821-01-01","1846-12-31","ST","","nycirct"
"nycirdelcty",,,"",,"","2023-10-03 01:23:54.167153+00","f","f","f","366.962014","","New York Circuit Court, Delaware County","New York Circuit Court, Delaware County","","1821-01-01","1846-12-31","ST","","nycirct"
"nycirdutchcty",,,"",,"","2023-10-03 01:23:54.177805+00","f","f","f","366.962015","","New York Circuit Court, Dutchess County","New York Circuit Court, Dutchess County","","1821-01-01","1846-12-31","ST","","nycirct"
"nycirkingscty",,,"",,"","2023-10-03 01:23:54.190282+00","f","f","f","366.962016","","New York Circuit Court, Kings County","New York Circuit Court, Kings County","","1821-01-01","1846-12-31","ST","","nycirct"
"nycirmonroecty",,,"",,"","2023-10-03 01:23:54.207157+00","f","f","f","366.962017","","New York Circuit Court, Monroe County","New York Circuit Court, Monroe County","","1821-01-01","1846-12-31","ST","","nycirct"
"nycironeidacty",,,"",,"","2023-10-03 01:23:54.216751+00","f","f","f","366.962018","","New York Circuit Court, Oneida County","New York Circuit Court, Oneida County","","1821-01-01","1846-12-31","ST","","nycirct"
"nyciroswegocty",,,"",,"","2023-10-03 01:23:54.227159+00","f","f","f","366.962019","","New York Circuit Court, Oswego County","New York Circuit Court, Oswego County","","1821-01-01","1846-12-31","ST","","nycirct"
"nysessctnyc",,,"",,"","2023-10-03 01:23:54.243143+00","f","f","f","366.96204","Ct. Sess. N.Y. Cty.","Court of Sessions, New York County","Court of Sessions, New York County","",,,"ST","","nysessct"
"nysessctalbany",,,"",,"","2023-10-03 01:23:54.249038+00","f","f","f","366.9621","","New York Court of Session, Albany County","New York Court of Session, Albany County","","1684-01-01","1688-12-31","ST","","nysessct"
"nysessctchauta",,,"",,"","2023-10-03 01:23:54.254995+00","f","f","f","366.9622","","New York Court of Session, Chautauqua County","New York Court of Session, Chautauqua County","","1684-01-01","1688-12-31","ST","","nysessct"
"nysessctgenesee",,,"",,"","2023-10-03 01:23:54.271345+00","f","f","f","366.9623","","New York Court of Sessions, Genesee County","New York Court of Sessions, Genesee County","","1684-01-01","1688-12-31","ST","","nysessct"
"nysessctlewis",,,"",,"","2023-10-03 01:23:54.287158+00","f","f","f","366.9624","","New York Court of Sessions, Lewis County","New York Court of Sessions, Lewis County","","1684-01-01","1688-12-31","ST","","nysessct"
"nysessctorange",,,"",,"","2023-10-03 01:23:54.298202+00","f","f","f","366.9625","","New York Court of Sessions, Orange County","New York Court of Sessions, Orange County","","1684-01-01","1688-12-31","ST","","nysessct"
"nysessctqueens",,,"",,"","2023-10-03 01:23:54.31514+00","f","f","f","366.9626","","New York Court of Sessions, Queens County","New York Court of Sessions, Queens County","","1684-01-01","1688-12-31","ST","","nysessct"
"nysessctren",,,"",,"","2023-10-03 01:23:54.33114+00","f","f","f","366.9627","","New York Court of Sessions, Rensselaer County","New York Court of Sessions, Rensselaer County","","1684-01-01","1688-12-31","ST","","nysessct"
"nysessctrock",,,"",,"","2023-10-03 01:23:54.347136+00","f","f","f","366.9628","","New York Court of Sessions, Rockland County","New York Court of Sessions, Rockland County","","1684-01-01","1688-12-31","ST","","nysessct"
"nysessctulster",,,"",,"","2023-10-03 01:23:54.363126+00","f","f","f","366.9629","","New York Court of Sessions, Ulster County","New York Court of Sessions, Ulster County","","1684-01-01","1688-12-31","ST","","nysessct"
"nyalbspecsess",,,"",,"","2023-10-03 01:23:54.379132+00","f","f","f","366.9632","","Albany Court of Special Sessions","Albany Court of Special Sessions","","1732-01-01","1962-08-31","ST","","nyspecsessct"
"nynycspecsess",,,"",,"","2023-10-03 01:23:54.39327+00","f","f","f","366.9633","","New York City Court of Special Sessions","New York City Court of Special Sessions","","1732-01-01","1962-08-31","ST","","nyspecsessct"
"nyspecsessyonk",,,"",,"","2023-10-03 01:23:54.407135+00","f","f","f","366.9634","","Yonkers Court of Special Sessions","Yonkers Court of Special Sessions","","1732-01-01","1962-08-31","SS","","nyspecsessct"
"nysupctalbany",,,"",,"","2023-10-03 01:23:54.416675+00","f","f","f","366.96521","N.Y. Sup. Albany","New York Supreme Court, Albany County","New York Supreme Court, Albany County","",,,"ST","","nysupct"
"nysupctalgny",,,"",,"","2023-10-03 01:23:54.427177+00","f","f","f","366.965211","N.Y. Sup. Ct., Allegany Cty.","New York Supreme Court, Allegany County","New York Supreme Court, Allegany County","",,,"ST","","nysupct"
"nysupctbrnx",,,"",,"","2023-10-03 01:23:54.434476+00","f","f","f","366.965212","N.Y. Sup. Ct., Bronx Cty.","New York Supreme Court, Bronx County","New York Supreme Court, Bronx County","",,,"ST","","nysupct"
"nysupctbrm",,,"",,"","2023-10-03 01:23:54.446879+00","f","f","f","366.965213","N.Y. Sup. Ct., Broome Cty.","New York Supreme Court, Broome County","New York Supreme Court, Broome County","",,,"ST","","nysupct"
"nysupctctrgs",,,"",,"","2023-10-03 01:23:54.459347+00","f","f","f","366.965214","N.Y. Sup. Ct., Cattaraugus Cty.","New York Supreme Court, Cattaraugus County","New York Supreme Court, Cattaraugus County","",,,"ST","","nysupct"
"nysupctcayuga",,,"",,"","2023-10-03 01:23:54.465971+00","f","f","f","366.96522","N.Y. Sup. Cayuga","New York Supreme Court, Cayuga County","New York Supreme Court, Cayuga County","",,,"ST","","nysupct"
"nysupctchtq",,,"",,"","2023-10-03 01:23:54.479149+00","f","f","f","366.965221","N.Y. Sup. Ct., Chautauqua Cty.","New York Supreme Court, Chautauqua County","New York Supreme Court, Chautauqua County","",,,"ST","","nysupct"
"nysupctchmng",,,"",,"","2023-10-03 01:23:54.49915+00","f","f","f","366.965222","N.Y. Sup. Ct., Chemung Cty.","New York Supreme Court, Chemung County","New York Supreme Court, Chemung County","",,,"ST","","nysupct"
"nysupctchenango",,,"",,"","2023-10-03 01:23:54.515139+00","f","f","f","366.96523","N.Y. Sup. Chenango","New York Supreme Court, Chenango County","New York Supreme Court, Chenango County","",,,"ST","","nysupct"
"nysupctclinton",,,"",,"","2023-10-03 01:23:54.531191+00","f","f","f","366.96524","N.Y. Sup. Clinton","New York Supreme Court, Clinton County","New York Supreme Court, Clinton County","",,,"ST","","nysupct"
"nysupctclmb",,,"",,"","2023-10-03 01:23:54.542127+00","f","f","f","366.965241","N.Y. Sup. Ct., Columbia Cty.","New York Supreme Court, Columbia County","New York Supreme Court, Columbia County","",,,"ST","","nysupct"
"nysupctcrtlnd",,,"",,"","2023-10-03 01:23:54.555228+00","f","f","f","366.9652412","N.Y. Sup. Ct., Cortland Cty.","New York Supreme Court, Cortland County","New York Supreme Court, Cortland County","",,,"ST","","nysupct"
"nysupctdlwr",,,"",,"","2023-10-03 01:23:54.563426+00","f","f","f","366.9652413","N.Y. Sup. Ct., Delaware Cty.","New York Supreme Court, Delaware County","New York Supreme Court, Delaware County","",,,"ST","","nysupct"
"nysupctdtchss",,,"",,"","2023-10-03 01:23:54.570493+00","f","f","f","366.9652414","N.Y. Sup. Ct., Dutchess Cty.","New York Supreme Court, Dutchess County","New York Supreme Court, Dutchess County","",,,"ST","","nysupct"
"nysupcterie",,,"",,"","2023-10-03 01:23:54.584833+00","f","f","f","366.9652415","N.Y. Sup. Ct., Erie Cty.","New York Supreme Court, Erie County","New York Supreme Court, Erie County","",,,"ST","","nysupct"
"nysupctessex",,,"",,"","2023-10-03 01:23:54.607178+00","f","f","f","366.9652416","N.Y. Sup. Ct., Essex Cty.","New York Supreme Court, Essex County","New York Supreme Court, Essex County","",,,"ST","","nysupct"
"nysupctfrnkln",,,"",,"","2023-10-03 01:23:54.617357+00","f","f","f","366.9652417","N.Y. Sup. Ct., Franklin Cty.","New York Supreme Court, Franklin County","New York Supreme Court, Franklin County","",,,"ST","","nysupct"
"nysupctfltn",,,"",,"","2023-10-03 01:23:54.623452+00","f","f","f","366.9652418","N.Y. Sup. Ct., Fulton Cty.","New York Supreme Court, Fulton County","New York Supreme Court, Fulton County","",,,"ST","","nysupct"
"nysupctgnss",,,"",,"","2023-10-03 01:23:54.635161+00","f","f","f","366.9652419","N.Y. Sup. Ct., Genesee Cty.","New York Supreme Court, Genesee County","New York Supreme Court, Genesee County","",,,"ST","","nysupct"
"nysupctgrn",,,"",,"","2023-10-03 01:23:54.651152+00","f","f","f","366.965242","N.Y. Sup. Ct., Greene Cty.","New York Supreme Court, Greene County","New York Supreme Court, Greene County","",,,"ST","","nysupct"
"nysupcthrkmr",,,"",,"","2023-10-03 01:23:54.667127+00","f","f","f","366.9652421","N.Y. Sup. Ct., Herkimer Cty.","New York Supreme Court, Herkimer County","New York Supreme Court, Herkimer County","",,,"ST","","nysupct"
"nysupctjffrsn",,,"",,"","2023-10-03 01:23:54.683163+00","f","f","f","366.9652422","N.Y. Sup. Ct., Jefferson Cty.","New York Supreme Court, Jefferson County","New York Supreme Court, Jefferson County","",,,"ST","","nysupct"
"nysupctkings",,,"",,"","2023-10-03 01:23:54.699142+00","f","f","f","366.96525","N.Y. Sup. Kings","New York Supreme Court, Kings County","New York Supreme Court, Kings County","",,,"ST","","nysupct"
"nysupctlewis",,,"",,"","2023-10-03 01:23:54.715289+00","f","f","f","366.965251","N.Y. Sup. Ct., Lewis Cty.","New York Supreme Court, Lewis County","New York Supreme Court, Lewis County","",,,"ST","","nysupct"
"nysupctlvngstn",,,"",,"","2023-10-03 01:23:54.727228+00","f","f","f","366.965252","N.Y. Sup. Ct., Livingston Cty.","New York Supreme Court, Livingston County","New York Supreme Court, Livingston County","",,,"ST","","nysupct"
"nysupctmdsn",,,"",,"","2023-10-03 01:23:54.739153+00","f","f","f","366.965253","N.Y. Sup. Ct., Madison Cty.","New York Supreme Court, Madison County","New York Supreme Court, Madison County","",,,"ST","","nysupct"
"nysupctmonroe",,,"",,"","2023-10-03 01:23:54.759236+00","f","f","f","366.96526","N.Y. Sup. Monroe","New York Supreme Court, Monroe County","New York Supreme Court, Monroe County","",,,"ST","","nysupct"
"nysupctmntgmry",,,"",,"","2023-10-03 01:23:54.779371+00","f","f","f","366.965261","N.Y. Sup. Ct., Montgomery Cty.","New York Supreme Court, Montgomery County","New York Supreme Court, Montgomery County","",,,"ST","","nysupct"
"nysupctnss",,,"",,"","2023-10-03 01:23:54.786295+00","f","f","f","366.965262","N.Y. Sup. Ct., Nassau Cty.","New York Supreme Court, Nassau County","New York Supreme Court, Nassau County","",,,"ST","","nysupct"
"nysupctnewyork",,,"",,"","2023-10-03 01:23:54.803296+00","f","f","f","366.965263","N.Y. Sup. Ct., New York Cty.","New York Supreme Court, New York County","New York Supreme Court, New York County","",,,"ST","","nysupct"
"nysupctniagra",,,"",,"","2023-10-03 01:23:54.816762+00","f","f","f","366.96527","N.Y. Sup. Niagra","New York Supreme Court, Niagara County","New York Supreme Court, Niagara County","",,,"ST","","nysupct"
"nysupctoneida",,,"",,"","2023-10-03 01:23:54.827773+00","f","f","f","366.965271","N.Y. Sup. Ct., Oneida Cty.","New York Supreme Court, Oneida County","New York Supreme Court, Oneida County","",,,"ST","","nysupct"
"nysupctnndg",,,"",,"","2023-10-03 01:23:54.842417+00","f","f","f","366.965272","N.Y. Sup. Ct., Onondaga Cty.","New York Supreme Court, Onondaga County","New York Supreme Court, Onondaga County","",,,"ST","","nysupct"
"nysupctntr",,,"",,"","2023-10-03 01:23:54.859586+00","f","f","f","366.965273","N.Y. Sup. Ct., Ontario Cty.","New York Supreme Court, Ontario County","New York Supreme Court, Ontario County","",,,"ST","","nysupct"
"nysupctorange",,,"",,"","2023-10-03 01:23:54.871189+00","f","f","f","366.965274","N.Y. Sup. Ct., Orange Cty.","New York Supreme Court, Orange County","New York Supreme Court, Orange County","",,,"ST","","nysupct"
"nysupctrlns",,,"",,"","2023-10-03 01:23:54.887204+00","f","f","f","366.965275","N.Y. Sup. Ct., Orleans Cty.","New York Supreme Court, Orleans County","New York Supreme Court, Orleans County","",,,"ST","","nysupct"
"nysupctswg",,,"",,"","2023-10-03 01:23:54.899216+00","f","f","f","366.965276","N.Y. Sup. Ct., Oswego Cty.","New York Supreme Court, Oswego County","New York Supreme Court, Oswego County","",,,"ST","","nysupct"
"nysupctostego",,,"",,"","2023-10-03 01:23:54.915174+00","f","f","f","366.96528","N.Y. Sup. Ostego","New York Supreme Court, Otsego County","New York Supreme Court, Otsego County","",,,"ST","","nysupct"
"nysupctptnm",,,"",,"","2023-10-03 01:23:54.939184+00","f","f","f","366.965281","N.Y. Sup. Ct., Putnam Cty.","New York Supreme Court, Putnam County","New York Supreme Court, Putnam County","",,,"ST","","nysupct"
"nysupctqueens",,,"",,"","2023-10-03 01:23:54.950497+00","f","f","f","366.96529","N.Y. Sup. Queens","New York Supreme Court, Queens County","New York Supreme Court, Queens County","",,,"ST","","nysupct"
"nysupctren",,,"",,"","2023-10-03 01:23:54.968809+00","f","f","f","366.965295","N.Y. Sup. Rensselaer","New York Supreme Court, Rensselaer County","New York Supreme Court, Rensselaer County","",,,"ST","","nysupct"
"nysupctrichmond",,,"",,"","2023-10-03 01:23:54.983202+00","f","f","f","366.96529511","N.Y. Sup. Ct., Richmond Cty.","New York Supreme Court, Richmond County","New York Supreme Court, Richmond County","",,,"ST","","nysupct"
"nysupctrcklnd",,,"",,"","2023-10-03 01:23:54.992213+00","f","f","f","366.96529512","N.Y. Sup. Ct., Rockland Cty.","New York Supreme Court, Rockland County","New York Supreme Court, Rockland County","",,,"ST","","nysupct"
"nysupctsrtg",,,"",,"","2023-10-03 01:23:55.012843+00","f","f","f","366.96529513","N.Y. Sup. Ct., Saratoga Cty.","New York Supreme Court, Saratoga County","New York Supreme Court, Saratoga County","",,,"ST","","nysupct"
"nysupctschnec",,,"",,"","2023-10-03 01:23:55.027283+00","f","f","f","366.96529514","N.Y. Sup. Ct., Schenectady Cty.","New York Supreme Court, Schenectady County","New York Supreme Court, Schenectady County","",,,"ST","","nysupct"
"nysupctscho",,,"",,"","2023-10-03 01:23:55.035632+00","f","f","f","366.96529515","N.Y. Sup. Ct., Schoharie Cty.","New York Supreme Court, Schoharie County","New York Supreme Court, Schoharie County","",,,"ST","","nysupct"
"nysupctschuy",,,"",,"","2023-10-03 01:23:55.045241+00","f","f","f","366.96529516","N.Y. Sup. Ct., Schuyler Cty.","New York Supreme Court, Schuyler County","New York Supreme Court, Schuyler County","",,,"ST","","nysupct"
"nysupctsnc",,,"",,"","2023-10-03 01:23:55.05155+00","f","f","f","366.96529517","N.Y. Sup. Ct., Seneca Cty.","New York Supreme Court, Seneca County","New York Supreme Court, Seneca County","",,,"ST","","nysupct"
"nysupctsntlw",,,"",,"","2023-10-03 01:23:55.059118+00","f","f","f","366.96529518","N.Y. Sup. Ct., St. Lawrence Cty.","New York Supreme Court, St. Lawrence County","New York Supreme Court, St. Lawrence County","",,,"ST","","nysupct"
"nysupctstbn",,,"",,"","2023-10-03 01:23:55.079227+00","f","f","f","366.96529519","N.Y. Sup. Ct., Steuben Cty.","New York Supreme Court, Steuben County","New York Supreme Court, Steuben County","",,,"ST","","nysupct"
"nysuprctfflk",,,"",,"","2023-10-03 01:23:55.089052+00","f","f","f","366.9652952","N.Y. Sup. Ct., Suffolk Cty.","New York Supreme Court, Suffolk County","New York Supreme Court, Suffolk County","",,,"ST","","nysupct"
"nysupctsllvn",,,"",,"","2023-10-03 01:23:55.098585+00","f","f","f","366.96529521","N.Y. Sup. Ct., Sullivan Cty.","New York Supreme Court, Sullivan County","New York Supreme Court, Sullivan County","",,,"ST","","nysupct"
"nysupcttioga",,,"",,"","2023-10-03 01:23:55.108821+00","f","f","f","366.96529522","N.Y. Sup. Ct., Tioga Cty.","New York Supreme Court, Tioga County","New York Supreme Court, Tioga County","",,,"ST","","nysupct"
"nysupcttmpkns",,,"",,"","2023-10-03 01:23:55.121602+00","f","f","f","366.96529523","N.Y. Sup. Ct., Tompkins Cty.","New York Supreme Court, Tompkins County","New York Supreme Court, Tompkins County","",,,"ST","","nysupct"
"nysupctulster",,,"",,"","2023-10-03 01:23:55.135487+00","f","f","f","366.96529524","N.Y. Sup. Ct., Ulster Cty.","New York Supreme Court, Ulster County","New York Supreme Court, Ulster County","",,,"ST","","nysupct"
"nysupctwarren",,,"",,"","2023-10-03 01:23:55.147199+00","f","f","f","366.96529525","N.Y. Sup. Ct., Warren Cty.","New York Supreme Court, Warren County","New York Supreme Court, Warren County","",,,"ST","","nysupct"
"nysupctwash",,,"",,"","2023-10-03 01:23:55.157041+00","f","f","f","366.96529526","N.Y. Sup. Ct., Washington Cty.","New York Supreme Court, Washington County","New York Supreme Court, Washington County","",,,"ST","","nysupct"
"nysupctwayne",,,"",,"","2023-10-03 01:23:55.170419+00","f","f","f","366.96529527","N.Y. Sup. Ct., Wayne Cty.","New York Supreme Court, Wayne County","New York Supreme Court, Wayne County","",,,"ST","","nysupct"
"nysupctwster",,,"",,"","2023-10-03 01:23:55.17916+00","f","f","f","366.96529528","N.Y. Sup. Ct., Westchester Cty.","New York Supreme Court, Westchester County","New York Supreme Court, Westchester County","",,,"ST","","nysupct"
"nysupctwyom",,,"",,"","2023-10-03 01:23:55.195236+00","f","f","f","366.96529529","N.Y. Sup. Ct., Wyoming Cty.","New York Supreme Court, Wyoming County","New York Supreme Court, Wyoming County","",,,"ST","","nysupct"
"nysupctyates",,,"",,"","2023-10-03 01:23:55.215196+00","f","f","f","366.9652953","N.Y. Sup. Ct., Yates Cty.","New York Supreme Court, Yates County","New York Supreme Court, Yates County","",,,"ST","","nysupct"
"nyalbanyctyct",,,"",,"","2023-10-03 01:23:55.233719+00","f","f","f","366.965301","","Albany County Court","New York County Court, Albany County","",,,"ST","","nycountyct"
"nyalleganyctyct",,,"",,"","2023-10-03 01:23:55.247236+00","f","f","f","366.9653015","Allegany Cty Ct.","Allegany County Court","New York County Court, Allegany County","",,,"ST","","nycountyct"
"nybronxctyct",,,"",,"","2023-10-03 01:23:55.259842+00","f","f","f","366.965302","","Bronx County Court","Bronx County Court","",,,"ST","","nycountyct"
"nybroomectyct",,,"",,"","2023-10-03 01:23:55.271144+00","f","f","f","366.965303","","Broome County Court","New York County Court, Broome County","",,,"ST","","nycountyct"
"nycattctyct",,,"",,"","2023-10-03 01:23:55.285339+00","f","f","f","366.965304","","Cattaraugus County Court","New York County Court, Cattaraugus County","",,,"ST","","nycountyct"
"nycayugactyct",,,"",,"","2023-10-03 01:23:55.295766+00","f","f","f","366.965305","","Cayuga County Court","New York County Court, Cayuga County ","",,,"ST","","nycountyct"
"nychautctyct",,,"",,"","2023-10-03 01:23:55.307165+00","f","f","f","366.965306","","Chautauqua County Court","New York County Court, Chautauqua County","",,,"ST","","nycountyct"
"nychemungctyct",,,"",,"","2023-10-03 01:23:55.323176+00","f","f","f","366.965307","","Chemung County Court","New York County Court, Chemung County","",,,"ST","","nycountyct"
"nychenangoctyct",,,"",,"","2023-10-03 01:23:55.339182+00","f","f","f","366.965308","","Chenango County Court","New York County Court, Chenango County","",,,"ST","","nycountyct"
"nyclintonctyct",,,"",,"","2023-10-03 01:23:55.359418+00","f","f","f","366.965309","","Clinton County Court","New York County Court, Clinton County","",,,"ST","","nycountyct"
"nycolumctyct",,,"",,"","2023-10-03 01:23:55.375502+00","f","f","f","366.9653091","N.Y. Cty. Ct., Columbia Cty.","New York County Court, Columbia County","New York County Court, Columbia County","",,,"ST","","nycountyct"
"nycortlandctyct",,,"",,"","2023-10-03 01:23:55.386735+00","f","f","f","366.96531","","Cortland County Court","New York County Court, Cortland County","",,,"ST","","nycountyct"
"nydelawarectyct",,,"",,"","2023-10-03 01:23:55.393495+00","f","f","f","366.965312","","Delaware County Court","New York County Court, Delaware County","",,,"ST","","nycountyct"
"nydutchessctyct",,,"",,"","2023-10-03 01:23:55.407171+00","f","f","f","366.9653125","Dutchess Cty Ct.","Dutchess County Court","New York County Court, Dutchess County","",,,"ST","","nycountyct"
"nyfrankctyct",,,"",,"","2023-10-03 01:23:55.44755+00","f","f","f","366.9653141","N.Y. Cty. Ct., Franklin Cty.","New York County Court, Franklin County","New York County Court, Franklin County","",,,"ST","","nycountyct"
"nyfultonctyct",,,"",,"","2023-10-03 01:23:55.463304+00","f","f","f","366.965315","","Fulton County Court","New York County Court, Fulton County","",,,"ST","","nycountyct"
"nygenessctyct",,,"",,"","2023-10-03 01:23:55.47267+00","f","f","f","366.9653155","N.Y. Cty. Ct., Genesee Cty.","New York County Court, Genesee County","New York County Court, Genesee County","",,,"ST","","nycountyct"
"nygreenectyct",,,"",,"","2023-10-03 01:23:55.483159+00","f","f","f","366.965316","","Greene County Court","New York County Court, Greene County","",,,"ST","","nycountyct"
"nyhamilctyct",,,"",,"","2023-10-03 01:23:55.50316+00","f","f","f","366.96531605","N.Y. Cty. Ct., Hamilton Cty.","New York County Court, Hamilton County","New York County Court, Hamilton County","",,,"ST","","nycountyct"
"nyherkimerctyct",,,"",,"","2023-10-03 01:23:55.51916+00","f","f","f","366.965317","","Herkimer County Court","New York County Court, Herkimer County","",,,"ST","","nycountyct"
"nyjeffctyct",,,"",,"","2023-10-03 01:23:55.529913+00","f","f","f","366.9653171","N.Y. Cty. Ct., Jefferson Cty.","New York County Court, Jefferson County","New York County Court, Jefferson County","",,,"ST","","nycountyct"
"nykingsctyct",,,"",,"","2023-10-03 01:23:55.536664+00","f","f","f","366.965318","","Kings County Court","New York County Court, Kings County","",,,"ST","","nycountyct"
"nylewisctyct",,,"",,"","2023-10-03 01:23:55.542713+00","f","f","f","366.965319","","Lewis County Court","New York County Court, Lewis County","",,,"ST","","nycountyct"
"nylivingstctyct",,,"",,"","2023-10-03 01:23:55.559163+00","f","f","f","366.9653195","Livingston Cty Ct.","Livingston County Court","New York County Court, Livingston County","",,,"ST","","nycountyct"
"nymontctyct",,,"",,"","2023-10-03 01:23:55.571221+00","f","f","f","366.96532","","Montgomery County Court","New York County Court, Montgomery County","",,,"ST","","nycountyct"
"nymadctyct",,,"",,"","2023-10-03 01:23:55.587418+00","f","f","f","366.96532213","N.Y. Cty. Ct., Madison Cty.","New York County Court, Madison County","New York County Court, Madison County","",,,"ST","","nycountyct"
"nymonroectyct",,,"",,"","2023-10-03 01:23:55.603388+00","f","f","f","366.96532214","","Monroe County Court","New York County Court, Monroe County","",,,"ST","","nycountyct"
"nynassctyct",,,"",,"","2023-10-03 01:23:55.618211+00","f","f","f","366.96532217","N.Y. Cty. Ct., Nassau Cty.","New York County Court, Nassau County","New York County Court, Nassau County","",,,"ST","","nycountyct"
"nyniagaractyct",,,"",,"","2023-10-03 01:23:55.635259+00","f","f","f","366.96532218","","Niagara County Court","New York County Court, Niagara County","",,,"ST","","nycountyct"
"nyoniedactyct",,,"",,"","2023-10-03 01:23:55.65153+00","f","f","f","366.965323","","New York County Court, Onieda County","New York County Court, Onieda County","",,,"ST","","nycountyct"
"nyorangectyct",,,"",,"","2023-10-03 01:23:55.667631+00","f","f","f","366.96532513","N.Y. Cty. Ct., Orange Cty.","New York County Court, Orange County","New York County Court, Orange County","",,,"ST","","nycountyct"
"nyoneidactyct",,,"",,"","2023-10-03 01:23:55.676741+00","f","f","f","366.965326","","Oneida County Court","Oneida County Court","",,,"ST","","nycountyct"
"nyonondagactyct",,,"",,"","2023-10-03 01:23:55.68846+00","f","f","f","366.965327","","Onondaga County Court","New York County Court, Onondaga County","",,,"ST","","nycountyct"
"nyontarioctyct",,,"",,"","2023-10-03 01:23:55.703238+00","f","f","f","366.965328","","Ontario County Court","New York County Court, Ontario County","",,,"ST","","nycountyct"
"nyorleansctyct",,,"",,"","2023-10-03 01:23:55.715009+00","f","f","f","366.965329","","Orleans County Court","New York County Court, Orleans County","",,,"ST","","nycountyct"
"nyoswegoctyct",,,"",,"","2023-10-03 01:23:55.731282+00","f","f","f","366.96533","","Oswego County Court","New York County Court, Oswego County","",,,"ST","","nycountyct"
"nyotsegoctyct",,,"",,"","2023-10-03 01:23:55.741416+00","f","f","f","366.965331","","Otsego County Court","New York County Court, Otsego County","",,,"ST","","nycountyct"
"nyputnamctyct",,,"",,"","2023-10-03 01:23:55.7553+00","f","f","f","366.9653315","","County Court of New York, Putnam County","New York County Court, Putnam County","",,,"ST","","nycountyct"
"nyqueensctyct",,,"",,"","2023-10-03 01:23:55.771305+00","f","f","f","366.965332","","Queens County Court","New York County Court, Queens County","",,,"ST","","nycountyct"
"nyrensctyct",,,"",,"","2023-10-03 01:23:55.787331+00","f","f","f","366.965333","","Rensselaer County Court","New York County Court, Rensselaer County","",,,"ST","","nycountyct"
"nyrichmondctyct",,,"",,"","2023-10-03 01:23:55.802188+00","f","f","f","366.9653331","N.Y. Cty. Ct., Richmond Cty.","New York County Court, Richmond County","New York County Court, Richmond County","",,,"ST","","nycountyct"
"nyrocklandctyct",,,"",,"","2023-10-03 01:23:55.811457+00","f","f","f","366.965334","","Rockland County Court","New York County Court, Rockland County","",,,"ST","","nycountyct"
"nysaratogactyct",,,"",,"","2023-10-03 01:23:55.831478+00","f","f","f","366.9653341","","New York Saratoga County Court","New York County Court, Saratoga County","",,,"ST","","nycountyct"
"nyschenctyct",,,"",,"","2023-10-03 01:23:55.847313+00","f","f","f","366.965336","","Schenectady County Court","New York County Court, Schenectady County","",,,"ST","","nycountyct"
"nyschoharctyct",,,"",,"","2023-10-03 01:23:55.863189+00","f","f","f","366.965337","","Schoharie County Court","New York County Court, Schoharie County","",,,"ST","","nycountyct"
"nyschuylerctyct",,,"",,"","2023-10-03 01:23:55.879333+00","f","f","f","366.9653375","Schuyler Cty Ct.","Schuyler County Court","New York County Court, Schuyler County","",,,"ST","","nycountyct"
"nysenctyct",,,"",,"","2023-10-03 01:23:55.892654+00","f","f","f","366.96533755","N.Y. Cty. Ct., Seneca Cty.","New York County Court, Seneca County","New York County Court, Seneca County","",,,"ST","","nycountyct"
"nystlawctyct",,,"",,"","2023-10-03 01:23:55.9072+00","f","f","f","366.965338","","St. Lawrence County Court","New York County Court, St. Lawrence County","",,,"ST","","nycountyct"
"nysteubenctyct",,,"",,"","2023-10-03 01:23:55.92756+00","f","f","f","366.965339","","Steuben County Court","New York County Court, Steuben County","",,,"ST","","nycountyct"
"nysuffolkctyct",,,"",,"","2023-10-03 01:23:55.938051+00","f","f","f","366.96534","","Suffolk County Court","New York County Court, Suffolk County","",,,"ST","","nycountyct"
"nysullivanctyct",,,"",,"","2023-10-03 01:23:55.9454+00","f","f","f","366.965341","","Sullivan County Court","New York County Court, Sullivan County","",,,"ST","","nycountyct"
"nytiogactyct",,,"",,"","2023-10-03 01:23:55.959108+00","f","f","f","366.965342","","Tioga County Court","New York County Court, Tioga County","",,,"ST","","nycountyct"
"nytompkinsctyct",,,"",,"","2023-10-03 01:23:55.970075+00","f","f","f","366.9653425","Tompkins Cty Ct.","Tompkins County Court","New York County Court, Tompkins County","",,,"ST","","nycountyct"
"nyulsterctyct",,,"",,"","2023-10-03 01:23:55.979292+00","f","f","f","366.96534251","","Ulster County Court","New York County Court, Ulster County","",,,"ST","","nycountyct"
"nywarrenctyct",,,"",,"","2023-10-03 01:23:55.99522+00","f","f","f","366.96534252","N.Y. Cty. Ct., Warren Cty.","New York County Court, Warren County","New York County Court, Warren County","",,,"ST","","nycountyct"
"nywashctyct",,,"",,"","2023-10-03 01:23:56.0037+00","f","f","f","366.96534253","N.Y. Cty. Ct., Washington Cty.","New York County Court, Washington County","New York County Court, Washington County","",,,"ST","","nycountyct"
"nywaynectyct",,,"",,"","2023-10-03 01:23:56.009478+00","f","f","f","366.965344","","Wayne County Court","New York County Court, Wayne County","",,,"ST","","nycountyct"
"nywestchcty",,,"",,"","2023-10-03 01:23:56.027338+00","f","f","f","366.965345","","Westchester County Court","New York County Court, Westchester County","",,,"ST","","nycountyct"
"nywyomingctyct",,,"",,"","2023-10-03 01:23:56.038319+00","f","f","f","366.9653455","Wyoming Cty Ct.","Wyoming County Court","New York County Court, Wyoming County","",,,"ST","","nycountyct"
"nyyatesctyct",,,"",,"","2023-10-03 01:23:56.047341+00","f","f","f","366.965346","","Yates County Court","New York County Court, Yates County","",,,"ST","","nycountyct"
"nydistctnassau",,,"",,"","2023-10-03 01:23:56.057206+00","f","f","f","366.965348","","Nassau County District Court","Nassau County District Court","","1937-01-01",,"ST","","nydistct"
"nydistctsuffolk",,,"",,"","2023-10-03 01:23:56.075322+00","f","f","f","366.965349","","Suffolk County District Court","Suffolk County District Court","","1937-01-01",,"ST","","nydistct"
"nyalbanyjustct",,,"",,"","2023-10-03 01:23:56.08747+00","f","f","f","366.965351","","Albany City Police Court","Albany City Police Court","",,,"ST","","nyjustct"
"nyamherstjustct",,,"",,"","2023-10-03 01:23:56.094339+00","f","f","f","366.965352","","Amherst Town Court","Amherst Town Court","",,,"ST","","nyjustct"
"nyjustctamsterd",,,"",,"","2023-10-03 01:23:56.107298+00","f","f","f","366.96535201","Amsterdam Police Ct.","Amsterdam Police Court","Amsterdam Police Court","",,,"ST","","nyjustct"
"nyjustctarcadia",,,"",,"","2023-10-03 01:23:56.123257+00","f","f","f","366.96535202","Arcadia Just. Ct.","Arcadia Justice Court","Arcadia Justice Court","",,,"ST","","nyjustct"
"nyjustctardsley",,,"",,"","2023-10-03 01:23:56.143175+00","f","f","f","366.96535203","Ardsley Just. Ct.","Ardsley Justice Court","Justice Court of Village of Ardsley","",,,"ST","","nyjustct"
"nyjustctaurora",,,"",,"","2023-10-03 01:23:56.159183+00","f","f","f","366.96535204","Aurora Just. Ct.","Aurora Justice Court","Aurora Justice Court","",,,"ST","","nyjustct"
"nyjustctblasdel",,,"",,"","2023-10-03 01:23:56.172681+00","f","f","f","366.96535205","Blasdell Just. Ct.","Blasdell Justice Court","Justice Court of Village of Blasdell","",,,"ST","","nyjustct"
"nyjustctbriarcl",,,"",,"","2023-10-03 01:23:56.183303+00","f","f","f","366.96535206","Briarcliff Manor Just. Ct.","Briarcliff Manor Justice Court","Justice Court of Village of Briarcliff Manor","",,,"ST","","nyjustct"
"nyjustctbrighto",,,"",,"","2023-10-03 01:23:56.199144+00","f","f","f","366.96535207","Brighton Just. Ct.","Brighton Justice Court","Justice Court of Town of Brighton","",,,"ST","","nyjustct"
"nyjustctbronxvi",,,"",,"","2023-10-03 01:23:56.21914+00","f","f","f","366.96535209","Bronxville Just. Ct.","Bronxville Justice Court","Justice Court of Village of Bronxville","",,,"ST","","nyjustct"
"nyjustctcamillu",,,"",,"","2023-10-03 01:23:56.235313+00","f","f","f","366.9653521","Camillus Just. Ct.","Camillus Justice Court","Camillus Justice Court","",,,"ST","","nyjustct"
"nyjustctcanaan",,,"",,"","2023-10-03 01:23:56.248946+00","f","f","f","366.96535211","Canaan Just. Ct.","Canaan Justice Court","Canaan Justice Court","",,,"ST","","nyjustct"
"nyjustctcanton",,,"",,"","2023-10-03 01:23:56.269632+00","f","f","f","366.96535212","Canton Just. Ct.","Canton Justice Court","Canton Justice Court","",,,"ST","","nyjustct"
"nyjustctcarmel",,,"",,"","2023-10-03 01:23:56.287727+00","f","f","f","366.96535213","Carmel Just. Ct.","Carmel Justice Court","Justice Court of Town of Carmel","",,,"ST","","nyjustct"
"nyjustctcayugah",,,"",,"","2023-10-03 01:23:56.301814+00","f","f","f","366.96535214","Cayuga Heights Just. Ct.","Cayuga Heights Justice Court","Justice Court of Village of Cayuga Heights","",,,"ST","","nyjustct"
"nyjustctchatam",,,"",,"","2023-10-03 01:23:56.317474+00","f","f","f","366.96535215","Chatam Just. Ct.","Chatam Justice Court","Justice Court of Town of Chatam","",,,"ST","","nyjustct"
"nyjustctclifton",,,"",,"","2023-10-03 01:23:56.384057+00","f","f","f","366.9653522","Clifton Park Just. Ct.","Clifton Park Justice Court","Clifton Park Justice Court","",,,"ST","","nyjustct"
"nyjustctcohoes",,,"",,"","2023-10-03 01:23:56.396128+00","f","f","f","366.96535221","Cohoes Police Ct.","Cohoes Police Court","Cohoes Police Court","",,,"ST","","nyjustct"
"nycoloniejustct",,,"",,"","2023-10-03 01:23:56.404846+00","f","f","f","366.965353","","Colonie Justice Court","Colonie Justice Court","",,,"ST","","nyjustct"
"nyjustctcornwal",,,"",,"","2023-10-03 01:23:56.414882+00","f","f","f","366.96535301","Cornwall Just. Ct.","Cornwall Justice Court","Cornwall Justice Court","",,,"ST","","nyjustct"
"nyjustctcortlan",,,"",,"","2023-10-03 01:23:56.43534+00","f","f","f","366.96535302","Cortlandt Town Ct.","Cortlandt Town Court","Cortlandt Town Court","",,,"ST","","nyjustct"
"nyjustctdepew",,,"",,"","2023-10-03 01:23:56.451313+00","f","f","f","366.96535303","Depew Just. Ct.","Depew Justice Court","Depew Justice Court","",,,"ST","","nyjustct"
"nyjustctdewitt",,,"",,"","2023-10-03 01:23:56.458537+00","f","f","f","366.96535304","DeWitt Just. Ct.","DeWitt Justice Court","DeWitt Justice Court","",,,"ST","","nyjustct"
"nyjustctdickins",,,"",,"","2023-10-03 01:23:56.471127+00","f","f","f","366.96535305","Dickinson Just. Ct.","Dickinson Justice Court","Dickinson Justice Court","",,,"ST","","nyjustct"
"nyjustctdix",,,"",,"","2023-10-03 01:23:56.482902+00","f","f","f","366.96535306","Dix Town Ct.","Dix Town Court","Dix Town Court","",,,"ST","","nyjustct"
"nyjustctdobbsfe",,,"",,"","2023-10-03 01:23:56.499095+00","f","f","f","366.96535307","Dobbs Ferry Just. Ct.","Dobbs Ferry Justice Court","Dobbs Ferry Justice Court","",,,"ST","","nyjustct"
"nyjustcteastroc",,,"",,"","2023-10-03 01:23:56.507251+00","f","f","f","366.96535308","East Rochester Just. Ct.","East Rochester Justice Court","East Rochester Justice Court","",,,"ST","","nyjustct"
"nyjustcteastche",,,"",,"","2023-10-03 01:23:56.520901+00","f","f","f","366.96535309","Eastchester Just. Ct.","Eastchester Justice Court","Eastchester Justice Court","",,,"ST","","nyjustct"
"nyjustctelma",,,"",,"","2023-10-03 01:23:56.531267+00","f","f","f","366.9653531","Elma Just. Ct.","Elma Justice Court","Elma Justice Court","",,,"ST","","nyjustct"
"nyjustctelmsfor",,,"",,"","2023-10-03 01:23:56.55325+00","f","f","f","366.96535311","Elmsford Just. Ct.","Elmsford Justice Court","Justice Court of Village of Elmsford","",,,"ST","","nyjustct"
"nyjustctfairpor",,,"",,"","2023-10-03 01:23:56.567511+00","f","f","f","366.96535312","Fairport Just. Ct.","Fairport Justice Court","Justice Court of Village of Fairport","",,,"ST","","nyjustct"
"nyjustctfishkil",,,"",,"","2023-10-03 01:23:56.576698+00","f","f","f","366.96535313","Fishkill Just. Ct.","Fishkill Justice Court","Justice Court of Town of Fishkill","",,,"ST","","nyjustct"
"nyjustctfleisch",,,"",,"","2023-10-03 01:23:56.591779+00","f","f","f","366.96535314","Fleischmanns Just. Ct.","Fleischmanns Justice Court","Justice Court of Village of Fleischmanns","",,,"ST","","nyjustct"
"nyjustctfrankfo",,,"",,"","2023-10-03 01:23:56.611243+00","f","f","f","366.96535315","Frankfort Just. Ct.","Frankfort Justice Court","Frankfort Justice Court","",,,"ST","","nyjustct"
"nygardjust",,,"",,"","2023-10-03 01:23:56.629533+00","f","f","f","366.965354","","Garden City Police Court","Garden City Police Court","",,,"ST","","nyjustct"
"nyjustctgates",,,"",,"","2023-10-03 01:23:56.644774+00","f","f","f","366.9653542","Gates Town Ct.","Gates Town Court","Gates Town Court","",,,"ST","","nyjustct"
"nyjustctgeneseo",,,"",,"","2023-10-03 01:23:56.657211+00","f","f","f","366.9653543","Geneseo Just. Ct.","Geneseo Justice Court","Geneseo Justice Court","",,,"ST","","nyjustct"
"nygtnkpljustct",,,"",,"","2023-10-03 01:23:56.671342+00","f","f","f","366.965355","","Great Neck Plaza Village Court","Great Neck Plaza Village Court","",,,"ST","","nyjustct"
"nyjustctgreece",,,"",,"","2023-10-03 01:23:56.683336+00","f","f","f","366.9653551","Greece Just. Ct.","Greece Justice Court","Greece Justice Court","",,,"ST","","nyjustct"
"nyjustctgreenpo",,,"",,"","2023-10-03 01:23:56.702421+00","f","f","f","366.9653553","Greenport Just. Ct.","Greenport Justice Court","Town of Greenport Justice Court","",,,"ST","","nyjustct"
"nyjustctharriso",,,"",,"","2023-10-03 01:23:56.711283+00","f","f","f","366.9653554","Harrison Town Ct.","Harrison Town Court","Harrison Town Court","",,,"ST","","nyjustct"
"nyjustcthasting",,,"",,"","2023-10-03 01:23:56.718426+00","f","f","f","366.9653555","Hastings-on-Hudson Just. Ct.","Hastings-on-Hudson Justice Court","Justice Court of Village of Hastings-on-Hudson","",,,"ST","","nyjustct"
"nyjustcthaverst",,,"",,"","2023-10-03 01:23:56.727403+00","f","f","f","366.9653556","Haverstraw Just. Ct.","Haverstraw Justice Court","Haverstraw Justice Court","",,,"ST","","nyjustct"
"nyhempjustct",,,"",,"","2023-10-03 01:23:56.738175+00","f","f","f","366.965356","","Hempstead Justice Court","Hempstead Justice Court","",,,"ST","","nyjustct"
"nyjustcthenriet",,,"",,"","2023-10-03 01:23:56.746414+00","f","f","f","366.9653561","Henrietta Just. Ct.","Henrietta Justice Court","Henrietta Justice Court","",,,"ST","","nyjustct"
"nyjustctherkime",,,"",,"","2023-10-03 01:23:56.757334+00","f","f","f","366.9653562","Herkimer Just. Ct.","Herkimer Justice Court","Herkimer Justice Court","",,,"ST","","nyjustct"
"nyjustcthighlan",,,"",,"","2023-10-03 01:23:56.775257+00","f","f","f","366.9653563","Highlands Just. Ct.","Highlands Justice Court","Highlands Justice Court","",,,"ST","","nyjustct"
"nyjustcthorsehe",,,"",,"","2023-10-03 01:23:56.795431+00","f","f","f","366.9653564","Horseheads Just. Ct.","Horseheads Justice Court","Horseheads Justice Court","",,,"ST","","nyjustct"
"nyhunterjustct",,,"",,"","2023-10-03 01:23:56.807493+00","f","f","f","366.965357","","Hunter Justice Court","Hunter Justice Court","",,,"ST","","nyjustct"
"nykingstcityct",,,"",,"","2023-10-03 01:23:58.07362+00","f","f","f","366.9655112","Kingston City Ct.","Kingston City Court","Kingston City Court","",,,"ST","","nycityct"
"nyjustcthunting",,,"",,"","2023-10-03 01:23:56.823345+00","f","f","f","366.9653572","Huntington Bay Just. Ct.","Huntington Bay Justice Court","Justice Court of Village of Huntington Bay","",,,"ST","","nyjustct"
"nyhydepkjustct",,,"",,"","2023-10-03 01:23:56.839253+00","f","f","f","366.965358","","Hyde Park Justice Court","Hyde Park Justice Court","",,,"ST","","nyjustct"
"nyjustctirondeq",,,"",,"","2023-10-03 01:23:56.855275+00","f","f","f","366.9653585","Irondequoit Just. Ct.","Irondequoit Justice Court","Justice Court of Town of Irondequoit","",,,"ST","","nyjustct"
"nybedfordjustct",,,"",,"","2023-10-03 01:23:56.871451+00","f","f","f","366.965359","","Justice Court of Town of Bedford","Justice Court of Town of Bedford","",,,"ST","","nyjustct"
"nygreenbjustct",,,"",,"","2023-10-03 01:23:56.883196+00","f","f","f","366.96536","","Justice Court of Town of Greenburgh","Justice Court of Town of Greenburgh","",,,"ST","","nyjustct"
"nykensjustct",,,"",,"","2023-10-03 01:23:56.894245+00","f","f","f","366.965361","","Kensington Village Court","Kensington Village Court","",,,"ST","","nyjustct"
"nykinderjustct",,,"",,"","2023-10-03 01:23:56.90075+00","f","f","f","366.965362","","Kinderhook Justice Court","Kinderhook Justice Court","",,,"ST","","nyjustct"
"nyjustctkingspo",,,"",,"","2023-10-03 01:23:56.907393+00","f","f","f","366.9653622","Kings Point Just. Ct.","Kings Point Justice Court","Justice Court of Village of Kings Point","",,,"ST","","nyjustct"
"nyjustctkingsbu",,,"",,"","2023-10-03 01:23:56.919364+00","f","f","f","366.9653624","Kingsbury Just. Ct.","Kingsbury Justice Court","Kingsbury Justice Court","",,,"ST","","nyjustct"
"nylagrjustct",,,"",,"","2023-10-03 01:23:56.935214+00","f","f","f","366.965363","","LaGrange Justice Court","LaGrange Justice Court","",,,"ST","","nyjustct"
"nyjustctlarchmo",,,"",,"","2023-10-03 01:23:56.945146+00","f","f","f","366.9653631","Larchmont Just. Ct.","Larchmont Justice Court","Justice Court of Village of Larchmont","",,,"ST","","nyjustct"
"nyjustctlatting",,,"",,"","2023-10-03 01:23:56.954562+00","f","f","f","366.9653632","Lattingtown Village Ct.","Lattingtown Village Court","Lattingtown Village Court","",,,"ST","","nyjustct"
"nyjustctlindenh",,,"",,"","2023-10-03 01:23:56.968051+00","f","f","f","366.9653633","Lindenhurst Just. Ct.","Lindenhurst Justice Court","Justice Court of Village of Lindenhurst","",,,"ST","","nyjustct"
"nyjustctlloydha",,,"",,"","2023-10-03 01:23:56.98178+00","f","f","f","366.9653634","Lloyd Harbor Village Police Ct.","Lloyd Harbor Village Police Court","Lloyd Harbor Village Police Court","",,,"ST","","nyjustct"
"nyjustctlockpor",,,"",,"","2023-10-03 01:23:56.999568+00","f","f","f","366.9653635","Lockport Just. Ct.","Lockport Justice Court","Justice Court of Town of Lockport","",,,"ST","","nyjustct"
"nyjustctlowvill",,,"",,"","2023-10-03 01:23:57.015576+00","f","f","f","366.9653636","Lowville Just. Ct.","Lowville Justice Court","Lowville Justice Court","",,,"ST","","nyjustct"
"nyjustctlynbroo",,,"",,"","2023-10-03 01:23:57.028714+00","f","f","f","366.9653637","Lynbrook Just. Ct.","Lynbrook Justice Court","Village Justice Court of Village of Lynbrook","",,,"ST","","nyjustct"
"nyjustctmamaron",,,"",,"","2023-10-03 01:23:57.039184+00","f","f","f","366.9653638","Mamaroneck Just. Ct.","Mamaroneck Justice Court","Mamaroneck Justice Court","",,,"ST","","nyjustct"
"nyjustctmassape",,,"",,"","2023-10-03 01:23:57.050356+00","f","f","f","366.9653639","Massapequa Just. Ct.","Massapequa Justice Court","Justice Court of Village of Massapequa","",,,"ST","","nyjustct"
"nymassapkjustct",,,"",,"","2023-10-03 01:23:57.057132+00","f","f","f","366.965364","","Massapequa Park Justice Court","Massapequa Park Justice Court","",,,"ST","","nyjustct"
"nyjustctmassena",,,"",,"","2023-10-03 01:23:57.064005+00","f","f","f","366.96536401","Massena City Police Ct.","Massena City Police Court","Massena City Police Court","",,,"ST","","nyjustct"
"nyjustctmaybroo",,,"",,"","2023-10-03 01:23:57.077747+00","f","f","f","366.96536402","Maybrook Police Ct.","Maybrook Police Court","Maybrook Police Court","",,,"ST","","nyjustct"
"nyjustctmendon",,,"",,"","2023-10-03 01:23:57.088699+00","f","f","f","366.96536403","Mendon Just. Ct.","Mendon Justice Court","Mendon Justice Court","",,,"ST","","nyjustct"
"nyjustctmillert",,,"",,"","2023-10-03 01:23:57.103209+00","f","f","f","366.96536404","Millerton Village Ct.","Millerton Village Court","Millerton Village Court","",,,"ST","","nyjustct"
"nyjustctmonroe",,,"",,"","2023-10-03 01:23:57.119289+00","f","f","f","366.96536405","Monroe Just. Ct.","Monroe Justice Court","Monroe Justice Court","",,,"ST","","nyjustct"
"nyjustctmontice",,,"",,"","2023-10-03 01:23:57.125848+00","f","f","f","366.96536406","Monticello Just. Ct.","Monticello Justice Court","Justice Court of Village of Monticello","",,,"ST","","nyjustct"
"nyjustctmountki",,,"",,"","2023-10-03 01:23:57.134823+00","f","f","f","366.96536407","Mount Kisco Police Ct.","Mount Kisco Police Court","Mount Kisco Police Court","",,,"ST","","nyjustct"
"nyjustctmutton",,,"",,"","2023-10-03 01:23:57.141228+00","f","f","f","366.96536408","Muttontown Just. Ct.","Muttontown Justice Court","Justice Court of Village of Muttontown","",,,"ST","","nyjustct"
"nyjustctnewpalt",,,"",,"","2023-10-03 01:23:57.155183+00","f","f","f","366.96536409","New Paltz Just. Ct.","New Paltz Justice Court","New Paltz Justice Court","",,,"ST","","nyjustct"
"nyjustctnewwind",,,"",,"","2023-10-03 01:23:57.165414+00","f","f","f","366.9653641","New Windsor Just. Ct.","New Windsor Justice Court","New Windsor Justice Court","",,,"ST","","nyjustct"
"nyjustctmills",,,"",,"","2023-10-03 01:23:57.172739+00","f","f","f","366.96536411","New York Mills Village Ct.","New York Mills Village Court","New York Mills Village Court","",,,"ST","","nyjustct"
"nyjustctnewark",,,"",,"","2023-10-03 01:23:57.19411+00","f","f","f","366.96536412","Newark Just. Ct.","Newark Justice Court","Justice Court of Village of Newark","",,,"ST","","nyjustct"
"nyjustctnewburg",,,"",,"","2023-10-03 01:23:57.204743+00","f","f","f","366.96536414","Newburgh Just. Ct.","Newburgh Justice Court","Justice Court of Town of Newburgh","",,,"ST","","nyjustct"
"nyjustctnorthca",,,"",,"","2023-10-03 01:23:57.220136+00","f","f","f","366.96536415","North Castle Just. Ct.","North Castle Justice Court","North Castle Justice Court","",,,"ST","","nyjustct"
"nyjustctnorthgr",,,"",,"","2023-10-03 01:23:57.232665+00","f","f","f","366.96536416","North Greenbush Just. Ct.","North Greenbush Justice Court","North Greenbush Justice Court","",,,"ST","","nyjustct"
"nyjustctnorthhi",,,"",,"","2023-10-03 01:23:57.247169+00","f","f","f","366.96536417","North Hills Just. Ct.","North Hills Justice Court","Justice Court of Village of North Hills","",,,"ST","","nyjustct"
"nyjustctthenyac",,,"",,"","2023-10-03 01:23:57.259357+00","f","f","f","366.96536418","Nyack Just. Ct.","Nyack Justice Court","Justice Court of the Village of Nyack","",,,"ST","","nyjustct"
"nyjustctoakfiel",,,"",,"","2023-10-03 01:23:57.279161+00","f","f","f","366.96536419","Oakfield Just. Ct.","Oakfield Justice Court","Oakfield Justice Court","",,,"ST","","nyjustct"
"nyjustctoceanbe",,,"",,"","2023-10-03 01:23:57.285544+00","f","f","f","366.9653642","Ocean Beach Just. Ct.","Ocean Beach Justice Court","Justice Court of Village of Ocean Beach","",,,"ST","","nyjustct"
"nyjustctogden",,,"",,"","2023-10-03 01:23:57.293154+00","f","f","f","366.96536421","Ogden Just. Ct.","Ogden Justice Court","Ogden Justice Court","",,,"ST","","nyjustct"
"nyjustctonondag",,,"",,"","2023-10-03 01:23:57.303159+00","f","f","f","366.96536422","Onondaga Town Ct.","Onondaga Town Court","Onondaga Town Court","",,,"ST","","nyjustct"
"nyjustctorange",,,"",,"","2023-10-03 01:23:57.309846+00","f","f","f","366.96536423","Orangetown Just. Ct.","Orangetown Justice Court","Orangetown Justice Court","",,,"ST","","nyjustct"
"nyjustctorchard",,,"",,"","2023-10-03 01:23:57.33156+00","f","f","f","366.96536424","Orchard Park Just. Ct.","Orchard Park Justice Court","Justice Court of Village of Orchard Park","",,,"ST","","nyjustct"
"nyjustctossinin",,,"",,"","2023-10-03 01:23:57.342236+00","f","f","f","366.96536425","Ossining Just. Ct.","Ossining Justice Court","Justice Court of Town of Ossining","",,,"ST","","nyjustct"
"nyjustctowego",,,"",,"","2023-10-03 01:23:57.359187+00","f","f","f","366.96536426","Owego Just. Ct.","Owego Justice Court","Owego Justice Court","",,,"ST","","nyjustct"
"nyjustctpenfiel",,,"",,"","2023-10-03 01:23:57.366667+00","f","f","f","366.96536427","Penfield Just. Ct.","Penfield Justice Court","Penfield Justice Court","",,,"ST","","nyjustct"
"nyjustctperinto",,,"",,"","2023-10-03 01:23:57.378256+00","f","f","f","366.96536428","Perinton Just. Ct.","Perinton Justice Court","Justice Court of Town of Perinton","",,,"ST","","nyjustct"
"nyjustctpleasan",,,"",,"","2023-10-03 01:23:57.391171+00","f","f","f","366.96536429","Pleasant Valley Just. Ct.","Pleasant Valley Justice Court","Pleasant Valley Justice Court","",,,"ST","","nyjustct"
"nyjustctportche",,,"",,"","2023-10-03 01:23:57.407115+00","f","f","f","366.96536431","Port Chester Just. Ct.","Port Chester Justice Court","Justice Court of Village of Port Chester","",,,"ST","","nyjustct"
"nyjustctpoughke",,,"",,"","2023-10-03 01:23:57.420853+00","f","f","f","366.96536432","Poughkeepsie Just. Ct.","Poughkeepsie Justice Court","Poughkeepsie Justice Court","",,,"ST","","nyjustct"
"nyjustctpoundri",,,"",,"","2023-10-03 01:23:57.439774+00","f","f","f","366.96536433","Pound Ridge Just. Ct.","Pound Ridge Justice Court","Justice Court of Village of Pound Ridge","",,,"ST","","nyjustct"
"nyjustctramapo",,,"",,"","2023-10-03 01:23:57.447413+00","f","f","f","366.96536434","Ramapo Just. Ct.","Ramapo Justice Court","Justice Court of Town of Ramapo","",,,"ST","","nyjustct"
"nyjustctredhook",,,"",,"","2023-10-03 01:23:57.456972+00","f","f","f","366.96536435","Red Hook Just. Ct.","Red Hook Justice Court","Justice Court of Village of Red Hook","",,,"ST","","nyjustct"
"nyjustctrhinebe",,,"",,"","2023-10-03 01:23:57.47119+00","f","f","f","366.96536436","Rhinebeck Just. Ct.","Rhinebeck Justice Court","Justice Court of Town of Rhinebeck","",,,"ST","","nyjustct"
"nyjustctrockvil",,,"",,"","2023-10-03 01:23:57.485521+00","f","f","f","366.96536437","Rockville Centre Village Ct.","Rockville Centre Village Court","Rockville Centre Village Court","",,,"ST","","nyjustct"
"nyjustctroslynh",,,"",,"","2023-10-03 01:23:57.495193+00","f","f","f","366.96536438","Roslyn Harbor Just. Ct.","Roslyn Harbor Justice Court","Justice Court of Village of Roslyn Harbor","",,,"ST","","nyjustct"
"nyjustctsandlak",,,"",,"","2023-10-03 01:23:57.502788+00","f","f","f","366.9653644","Sand Lake Just. Ct.","Sand Lake Justice Court","Sand Lake Justice Court","",,,"ST","","nyjustct"
"nyjustctscarsda",,,"",,"","2023-10-03 01:23:57.516899+00","f","f","f","366.96536441","Scarsdale Just. Ct.","Scarsdale Justice Court","Justice Court of Scarsdale","",,,"ST","","nyjustct"
"nyjustctschuyle",,,"",,"","2023-10-03 01:23:57.53122+00","f","f","f","366.96536442","Schuyler Just. Ct.","Schuyler Justice Court","Schuyler Justice Court","",,,"ST","","nyjustct"
"nyjustctseaclif",,,"",,"","2023-10-03 01:23:57.547707+00","f","f","f","366.96536443","Sea Cliff Just. Ct.","Sea Cliff Justice Court","Sea Cliff Justice Court","",,,"ST","","nyjustct"
"nyjustctsleepyh",,,"",,"","2023-10-03 01:23:57.562169+00","f","f","f","366.96536444","Sleepy Hollow Just. Ct.","Sleepy Hollow Justice Court","Justice Court of Village of Sleepy Hollow","",,,"ST","","nyjustct"
"nyjustctsouthny",,,"",,"","2023-10-03 01:23:57.580027+00","f","f","f","366.96536445","South Nyack Just. Ct.","South Nyack Justice Court","Justice Court of Village of South Nyack","",,,"ST","","nyjustct"
"nyjustctspringc",,,"",,"","2023-10-03 01:23:57.595336+00","f","f","f","366.96536446","Spring City Police Ct.","Spring City Police Court","Spring City Police Court","",,,"ST","","nyjustct"
"nyjustctspringv",,,"",,"","2023-10-03 01:23:57.611193+00","f","f","f","366.96536447","Spring Valley Just. Ct.","Spring Valley Justice Court","Justice Court of Village of Spring Valley","",,,"ST","","nyjustct"
"nyjustctstarkey",,,"",,"","2023-10-03 01:23:57.625104+00","f","f","f","366.96536448","Starkey Town Ct.","Starkey Town Court","Starkey Town Court","",,,"ST","","nyjustct"
"nyjustctsuffern",,,"",,"","2023-10-03 01:23:57.637572+00","f","f","f","366.96536449","Suffern Just. Ct.","Suffern Justice Court","Justice Court of Village of Suffern","",,,"ST","","nyjustct"
"nytaghjustct",,,"",,"","2023-10-03 01:23:57.647599+00","f","f","f","366.965365","","Taghkanic Justice Court","Taghkanic Justice Court","",,,"ST","","nyjustct"
"nyjustcttonawan",,,"",,"","2023-10-03 01:23:57.65925+00","f","f","f","366.9653655","Tonawanda Just. Ct.","Tonawanda Justice Court","Justice Court of Tonawanda","",,,"ST","","nyjustct"
"nytroyjustct",,,"",,"","2023-10-03 01:23:57.671251+00","f","f","f","366.965366","","Troy City Police Court","Troy City Police Court","",,,"ST","","nyjustct"
"nyjustcttuckaho",,,"",,"","2023-10-03 01:23:57.683113+00","f","f","f","366.9653662","Tuckahoe Just. Ct.","Tuckahoe Justice Court","Justice Court of Village of Tuckahoe","",,,"ST","","nyjustct"
"nyjustctulster",,,"",,"","2023-10-03 01:23:57.699132+00","f","f","f","366.9653664","Ulster Just. Ct.","Ulster Justice Court","Ulster Justice Court","",,,"ST","","nyjustct"
"nyvalstrjustct",,,"",,"","2023-10-03 01:23:57.711239+00","f","f","f","366.965367","","Valley Stream Justice Court","Valley Stream Justice Court","",,,"ST","","nyjustct"
"nyjustctwapping",,,"",,"","2023-10-03 01:23:57.720775+00","f","f","f","366.965368","Wappinger Just. Ct.","Wappinger Justice Court","Wappinger Justice Court","",,,"ST","","nyjustct"
"nywebsterjustct",,,"",,"","2023-10-03 01:23:57.726496+00","f","f","f","366.965369","","Webster Justice Court","Webster Justice of the Peace Court","",,,"ST","","nyjustct"
"nyjustctwestbur",,,"",,"","2023-10-03 01:23:57.73913+00","f","f","f","366.96537","Westbury Just. Ct.","Westbury Justice Court","Justice Court of Village of Westbury","",,,"ST","","nyjustct"
"nyjustctwoodbur",,,"",,"","2023-10-03 01:23:57.755215+00","f","f","f","366.965371","Woodbury Just. Ct.","Woodbury Justice Court","Woodbury Justice Court","",,,"ST","","nyjustct"
"nyjustctwoodsto",,,"",,"","2023-10-03 01:23:57.762025+00","f","f","f","366.965372","Woodstock Just. Ct.","Woodstock Justice Court","Justice Court of Village of Woodstock","",,,"ST","","nyjustct"
"nyjustctyonkers",,,"",,"","2023-10-03 01:23:57.771389+00","f","f","f","366.965373","Yonkers Just. Ct.","Yonkers Justice Court","Yonkers Justice Court","",,,"ST","","nyjustct"
"nyjustctyork",,,"",,"","2023-10-03 01:23:57.787308+00","f","f","f","366.965374","Yorktown Just. Ct.","Yorktown Justice Court","Justice Court of Town of Yorktown","",,,"ST","","nyjustct"
"nynyccityct",,,"",,"","2023-10-03 01:23:57.799215+00","f","f","f","366.965501","","City of New York Municipal Court","City of New York Municipal Court","","1846-01-01",,"ST","","nycityct"
"nyalbanycityct",,,"",,"","2023-10-03 01:23:57.815278+00","f","f","f","366.965502","","Albany City Court","Albany City Court","",,,"ST","","nycityct"
"nyamsterdcityct",,,"",,"","2023-10-03 01:23:57.83121+00","f","f","f","366.9655022","Amsterdam City Ct.","Amsterdam City Court","Amsterdam City Court","",,,"ST","","nycityct"
"nyauburncityct",,,"",,"","2023-10-03 01:23:57.847285+00","f","f","f","366.9655024","Auburn City Ct.","Auburn City Court","Auburn City Court","",,,"ST","","nycityct"
"nybataviacityct",,,"",,"","2023-10-03 01:23:57.853597+00","f","f","f","366.9655026","Batavia City Ct.","Batavia City Court","Batavia City Court","",,,"ST","","nycityct"
"nybingcityct",,,"",,"","2023-10-03 01:23:57.871106+00","f","f","f","366.965503","","Binghamton City Court","Binghamton City Court","",,,"ST","","nycityct"
"nybuffalocityct",,,"",,"","2023-10-03 01:23:57.883139+00","f","f","f","366.965504","","Buffalo City Court","Buffalo City Court","",,,"ST","","nycityct"
"nycanandcityct",,,"",,"","2023-10-03 01:23:57.895162+00","f","f","f","366.965506","","Canandaigua City Court","Canandaigua City Court","",,,"ST","","nycityct"
"nycohoescityct",,,"",,"","2023-10-03 01:23:57.911234+00","f","f","f","366.965507","","Cohoes City Court","Cohoes City Court","",,,"ST","","nycityct"
"nycortlcityct",,,"",,"","2023-10-03 01:23:57.922179+00","f","f","f","366.9655071","Cortland City Ct.","Cortland City Court","Cortland City Court","",,,"ST","","nycityct"
"nydunkirkcityct",,,"",,"","2023-10-03 01:23:57.943225+00","f","f","f","366.9655073","Dunkirk City Ct.","Dunkirk City Court","Dunkirk City Court","",,,"ST","","nycityct"
"nyelmiracityct",,,"",,"","2023-10-03 01:23:57.95399+00","f","f","f","366.9655075","Elmira City Ct.","Elmira City Court","Elmira City Court","",,,"ST","","nycityct"
"nyfultoncityct",,,"",,"","2023-10-03 01:23:57.97031+00","f","f","f","366.9655077","Fulton City Ct.","Fulton City Court","Fulton City Court","",,,"ST","","nycityct"
"nygenevacityct",,,"",,"","2023-10-03 01:23:57.987207+00","f","f","f","366.9655078","Geneva City Ct.","Geneva City Court","Geneva City Court","",,,"ST","","nycityct"
"nyglensfcityct",,,"",,"","2023-10-03 01:23:58.003239+00","f","f","f","366.9655079","Glens Falls City Ct.","Glens Falls City Court","Glens Falls City Court","",,,"ST","","nycityct"
"nygloverscityct",,,"",,"","2023-10-03 01:23:58.019133+00","f","f","f","366.965508","","Gloversville City Court","Gloversville City Court","",,,"ST","","nycityct"
"nyhornellcityct",,,"",,"","2023-10-03 01:23:58.028631+00","f","f","f","366.965509","","Hornell City Court","Hornell City Court","",,,"ST","","nycityct"
"nyhudsoncityct",,,"",,"","2023-10-03 01:23:58.042366+00","f","f","f","366.9655095","Hudson City Ct.","Hudson City Court","Hudson City Court","",,,"ST","","nycityct"
"nyithacacityct",,,"",,"","2023-10-03 01:23:58.058269+00","f","f","f","366.96551","","Ithaca City Court","Ithaca City Court","",,,"ST","","nycityct"
"nyjamescityct",,,"",,"","2023-10-03 01:23:58.067423+00","f","f","f","366.965511","","Jamestown City Court","Jamestown City Court","",,,"ST","","nycityct"
"nylackawcityct",,,"",,"","2023-10-03 01:23:58.083247+00","f","f","f","366.9655114","Lackawanna City Ct.","Lackawanna City Court","Lackawanna City Court","",,,"ST","","nycityct"
"nylbccityct",,,"",,"","2023-10-03 01:23:58.098705+00","f","f","f","366.965512","","Long Beach City Court","Long Beach City Court","",,,"ST","","nycityct"
"nymiddletcityct",,,"",,"","2023-10-03 01:23:58.111298+00","f","f","f","366.965513","","Middletown City Court","Middletown City Court","",,,"ST","","nycityct"
"nymtverncityct",,,"",,"","2023-10-03 01:23:58.131156+00","f","f","f","366.965514","","Mount Vernon City Court","Mount Vernon City Court","",,,"ST","","nycityct"
"nynassaucityct",,,"",,"","2023-10-03 01:23:58.14904+00","f","f","f","366.9655145","Nassau City Ct.","Nassau City Court","Nassau City Court","",,,"ST","","nycityct"
"nynewroccityct",,,"",,"","2023-10-03 01:23:58.171261+00","f","f","f","366.965515","","New Rochelle City Court","New Rochelle City Court","",,,"ST","","nycityct"
"nynewburcityct",,,"",,"","2023-10-03 01:23:58.177803+00","f","f","f","366.9655151","Newburgh City Ct.","Newburgh City Court","Newburgh City Court","",,,"ST","","nycityct"
"nyniagaracityct",,,"",,"","2023-10-03 01:23:58.195241+00","f","f","f","366.96551515","","Niagara Falls City Court","Niagara Falls City Court","",,,"ST","","nycityct"
"nyoneidacityct",,,"",,"","2023-10-03 01:23:58.211226+00","f","f","f","366.9655152","Oneida City Ct.","Oneida City Court","Oneida City Court","",,,"ST","","nycityct"
"nyoswegocityct",,,"",,"","2023-10-03 01:23:58.227234+00","f","f","f","366.9655153","Oswego City Ct.","Oswego City Court","Oswego City Court","",,,"ST","","nycityct"
"nypeekskcityct",,,"",,"","2023-10-03 01:23:58.240844+00","f","f","f","366.9655154","Peekskill City Ct.","Peekskill City Court","Peekskill City Court","",,,"ST","","nycityct"
"nyplattscityct",,,"",,"","2023-10-03 01:23:58.247696+00","f","f","f","366.9655155","Plattsburgh City Ct.","Plattsburgh City Court","Plattsburgh City Court","",,,"ST","","nycityct"
"nyportjercityct",,,"",,"","2023-10-03 01:23:58.259302+00","f","f","f","366.96552","","Port Jervis City Court","Port Jervis City Court","",,,"ST","","nycityct"
"nypoughcityct",,,"",,"","2023-10-03 01:23:58.265605+00","f","f","f","366.9655205","Poughkeepsie City Ct.","Poughkeepsie City Court","Poughkeepsie City Court","",,,"ST","","nycityct"
"nyroccityct",,,"",,"","2023-10-03 01:23:58.283095+00","f","f","f","366.965521","","Rochester City Court","Rochester City Court","",,,"ST","","nycityct"
"nyromecityct",,,"",,"","2023-10-03 01:23:58.298996+00","f","f","f","366.9655212","Rome City Ct.","Rome City Court","Rome City Court","",,,"ST","","nycityct"
"nyryecityct",,,"",,"","2023-10-03 01:23:58.311227+00","f","f","f","366.9655214","Rye City Ct.","Rye City Court","Rye City Court","",,,"ST","","nycityct"
"nysaratocityct",,,"",,"","2023-10-03 01:23:58.323173+00","f","f","f","366.9655216","Saratoga Springs City Ct.","Saratoga Springs City Court","Saratoga Springs City Court","",,,"ST","","nycityct"
"nyschencityct",,,"",,"","2023-10-03 01:23:58.329744+00","f","f","f","366.965522","","Schenectady City Court","Schenectady City Court","",,,"ST","","nycityct"
"nysyrcityct",,,"",,"","2023-10-03 01:23:58.350039+00","f","f","f","366.965523","","Syracuse City Court","Syracuse City Court","",,,"ST","","nycityct"
"nytonacityct",,,"",,"","2023-10-03 01:23:58.363211+00","f","f","f","366.965525","","Tonawanda City Court","Tonawanda City Court","",,,"ST","","nycityct"
"nytroycityct",,,"",,"","2023-10-03 01:23:58.381455+00","f","f","f","366.965526","","Troy City Court","Troy City Court","",,,"ST","","nycityct"
"nyuticacityct",,,"",,"","2023-10-03 01:23:58.395777+00","f","f","f","366.965527","","Utica City Court","Utica City Court","",,,"ST","","nycityct"
"nywatertcityct",,,"",,"","2023-10-03 01:23:58.411199+00","f","f","f","366.9655275","Watertown City Ct.","Watertown City Court","Watertown City Court","",,,"ST","","nycityct"
"nywhplncityct",,,"",,"","2023-10-03 01:23:58.427151+00","f","f","f","366.965528","","White Plains City Court","White Plains City Court","",,,"ST","","nycityct"
"nywestchcityct",,,"",,"","2023-10-03 01:23:58.439151+00","f","f","f","366.9655285","City Ct. of Westchester","City Court of Westchester","City Court of Westchester","",,,"ST","","nycityct"
"nyyonkerscityct",,,"",,"","2023-10-03 01:23:58.452798+00","f","f","f","366.965529","","Yonkers City Court","Yonkers City Court","",,,"ST","","nycityct"
"nycfamct",,,"",,"","2023-10-03 01:23:58.463231+00","f","f","f","366.96605","N.Y.C. Fam. Ct.","NYC Family Court","New York City Family Court","",,,"ST","","nyfamct"
"nyfamctdel",,,"",,"","2023-10-03 01:23:58.479137+00","f","f","f","366.9661","Delaware Children's Ct.","Delaware Children's Court","Delaware Children's Court","",,,"ST","","nyfamct"
"nyfamctsull",,,"",,"","2023-10-03 01:23:58.495422+00","f","f","f","366.9662","Sullivan Cty Children's Ct.","Sullivan County Children's Court","Sullivan County Children's Court","",,,"ST","","nyfamct"
"nyfamctwestch",,,"",,"","2023-10-03 01:23:58.515156+00","f","f","f","366.9663","Westchester Cty Children's Ct.","Westchester County Children's Court","Westchester County Children's Court","",,,"ST","","nyfamct"
"nycrimctbronx",,,"",,"","2023-10-03 01:23:58.531433+00","f","f","f","366.967512","Bronx Criminal Ct.","Bronx Criminal Court","The Criminal Court of the City of New York, Bronx","",,,"ST","","nycrimct"
"nycrimctkings",,,"",,"","2023-10-03 01:23:58.544751+00","f","f","f","366.967514","Kings Criminal Ct.","Kings Criminal Court","The Criminal Court of the City of New York, Kings","",,,"ST","","nycrimct"
"nycrimctqueens",,,"",,"","2023-10-03 01:23:58.559188+00","f","f","f","366.967516","Queens Criminal Ct.","Queens Criminal Court","The Criminal Court of the City of New York, Queens","",,,"ST","","nycrimct"
"nycrimctnyc",,,"",,"","2023-10-03 01:23:58.576899+00","f","f","f","366.967518","N.Y. Crim. Ct.","New York Criminal Court","The Criminal Court of the City of New York, New York","",,,"ST","","nycrimct"
"nynycmagct",,,"",,"","2023-10-03 01:23:58.592765+00","f","f","f","366.967611","","New York City Magistrates' Court","New York City Magistrates' Court","",,"1962-09-01","ST","","nymagct"
"nysuperctbuf",,,"",,"","2023-10-03 01:23:58.61157+00","f","f","f","366.967621","","Superior Court of Buffalo","Superior Court of Buffalo","",,,"ST","","superctny"
"nysuperctnyc",,,"",,"","2023-10-03 01:23:58.62237+00","f","f","f","366.967622","","The Superior Court of New York City","The Superior Court of New York City","",,,"ST","","superctny"
"ohctapp1hamilto",,,"",,"","2023-10-03 01:23:58.636999+00","f","f","f","366.9960011","Oh. Ct. App. 1st Dist. Hamilton","Court of Appeals of Ohio, First District, Hamilton County","Court of Appeals of Ohio, First District, Hamilton County","",,,"ST","Created as part of import of Case.Law data.","ohctapp1"
"ohctapp2",,,"",,"","2023-10-03 01:23:58.646055+00","f","f","f","366.996002","","Court of Appeals of Ohio, Second District","Court of Appeals of Ohio, Second District","",,,"ST","Created as part of import of Case.Law data.","ohioctapp"
"ohctapp2champai",,,"",,"","2023-10-03 01:23:58.655323+00","f","f","f","366.996003","Oh. Ct. App. 2nd Dist. Champaign","Court of Appeals of Ohio, Second District, Champaign County","Court of Appeals of Ohio, Second District, Champaign County","",,,"ST","Created as part of import of Case.Law data.","ohctapp2"
"ohctapp2clark",,,"",,"","2023-10-03 01:23:58.666418+00","f","f","f","366.996004","Oh. Ct. App. 2nd Dist. Clark","Court of Appeals of Ohio, Second District, Clark County","Court of Appeals of Ohio, Second District, Clark County","",,,"ST","Created as part of import of Case.Law data.","ohctapp2"
"ohctapp2darke",,,"",,"","2023-10-03 01:23:58.673245+00","f","f","f","366.996005","Oh. Ct. App. 2nd Dist. Darke","Court of Appeals of Ohio, Second District, Darke County","Court of Appeals of Ohio, Second District, Darke County","",,,"ST","Created as part of import of Case.Law data.","ohctapp2"
"ohctapp2greene",,,"",,"","2023-10-03 01:23:58.688716+00","f","f","f","366.996006","Oh. Ct. App. 2nd Dist. Greene","Court of Appeals of Ohio, Second District, Greene County","Court of Appeals of Ohio, Second District, Greene County","",,,"ST","Created as part of import of Case.Law data.","ohctapp2"
"ohctapp2miami",,,"",,"","2023-10-03 01:23:58.703335+00","f","f","f","366.996007","Oh. Ct. App. 2nd Dist. Miami","Court of Appeals of Ohio, Second District, Miami County","Court of Appeals of Ohio, Second District, Miami County","",,,"ST","Created as part of import of Case.Law data.","ohctapp2"
"ohctapp2montgom",,,"",,"","2023-10-03 01:23:58.71288+00","f","f","f","366.996008","Oh. Ct. App. 2nd Dist. Montgomery","Court of Appeals of Ohio, Second District, Montgomery County","Court of Appeals of Ohio, Second District, Montgomery County","",,,"ST","Created as part of import of Case.Law data.","ohctapp2"
"ohctapp3",,,"",,"","2023-10-03 01:23:58.731193+00","f","f","f","366.996009","","Court of Appeals of Ohio, Third District","Court of Appeals of Ohio, Third District","",,,"ST","Created as part of import of Case.Law data.","ohioctapp"
"ohctapp3allen",,,"",,"","2023-10-03 01:23:58.747161+00","f","f","f","366.99601","Oh. Ct. App. 3rd Dist. Allen","Court of Appeals of Ohio, Third District, Allen County","Court of Appeals of Ohio, Third District, Allen County","",,,"ST","Created as part of import of Case.Law data.","ohctapp3"
"ohctapp3auglaiz",,,"",,"","2023-10-03 01:23:58.75944+00","f","f","f","366.996011","Oh. Ct. App. 3rd Dist. Auglaize","Court of Appeals of Ohio, Third District, Auglaize County","Court of Appeals of Ohio, Third District, Auglaize County","",,,"ST","Created as part of import of Case.Law data.","ohctapp3"
"ohctapp3crawfor",,,"",,"","2023-10-03 01:23:58.772827+00","f","f","f","366.996012","Oh. Ct. App. 3rd Dist. Crawford","Court of Appeals of Ohio, Third District, Crawford County","Court of Appeals of Ohio, Third District, Crawford County","",,,"ST","Created as part of import of Case.Law data.","ohctapp3"
"ohctapp3defianc",,,"",,"","2023-10-03 01:23:58.779101+00","f","f","f","366.996013","Oh. Ct. App. 3rd Dist. Defiance","Court of Appeals of Ohio, Third District, Defiance County","Court of Appeals of Ohio, Third District, Defiance County","",,,"ST","Created as part of import of Case.Law data.","ohctapp3"
"ohctapp3hancock",,,"",,"","2023-10-03 01:23:58.791217+00","f","f","f","366.996014","Oh. Ct. App. 3rd Dist. Hancock","Court of Appeals of Ohio, Third District, Hancock County","Court of Appeals of Ohio, Third District, Hancock County","",,,"ST","Created as part of import of Case.Law data.","ohctapp3"
"ohctapp3hardin",,,"",,"","2023-10-03 01:23:58.804774+00","f","f","f","366.996015","Oh. Ct. App. 3rd Dist. Hardin","Court of Appeals of Ohio, Third District, Hardin County","Court of Appeals of Ohio, Third District, Hardin County","",,,"ST","Created as part of import of Case.Law data.","ohctapp3"
"ohctapp3henry",,,"",,"","2023-10-03 01:23:58.81515+00","f","f","f","366.996016","Oh. Ct. App. 3rd Dist. Henry","Court of Appeals of Ohio, Third District, Henry County","Court of Appeals of Ohio, Third District, Henry County","",,,"ST","Created as part of import of Case.Law data.","ohctapp3"
"ohctapp3logan",,,"",,"","2023-10-03 01:23:58.829799+00","f","f","f","366.996017","Oh. Ct. App. 3rd Dist. Logan","Court of Appeals of Ohio, Third District, Logan County","Court of Appeals of Ohio, Third District, Logan County","",,,"ST","Created as part of import of Case.Law data.","ohctapp3"
"ohctapp3marion",,,"",,"","2023-10-03 01:23:58.844828+00","f","f","f","366.996018","Oh. Ct. App. 3rd Dist. Marion","Court of Appeals of Ohio, Third District, Marion County","Court of Appeals of Ohio, Third District, Marion County","",,,"ST","Created as part of import of Case.Law data.","ohctapp3"
"ohctapp3mercer",,,"",,"","2023-10-03 01:23:58.859313+00","f","f","f","366.996019","Oh. Ct. App. 3rd Dist. Mercer","Court of Appeals of Ohio, Third District, Mercer County","Court of Appeals of Ohio, Third District, Mercer County","",,,"ST","Created as part of import of Case.Law data.","ohctapp3"
"ohctapp3pauldin",,,"",,"","2023-10-03 01:23:58.871298+00","f","f","f","366.99602","Oh. Ct. App. 3rd Dist. Paulding","Court of Appeals of Ohio, Third District, Paulding County","Court of Appeals of Ohio, Third District, Paulding County","",,,"ST","Created as part of import of Case.Law data.","ohctapp3"
"ohctapp3putnam",,,"",,"","2023-10-03 01:23:58.883183+00","f","f","f","366.996021","Oh. Ct. App. 3rd Dist. Putnam","Court of Appeals of Ohio, Third District, Putnam County","Court of Appeals of Ohio, Third District, Putnam County","",,,"ST","Created as part of import of Case.Law data.","ohctapp3"
"ohctapp3seneca",,,"",,"","2023-10-03 01:23:58.900044+00","f","f","f","366.996022","Oh. Ct. App. 3rd Dist. Seneca","Court of Appeals of Ohio, Third District, Seneca County","Court of Appeals of Ohio, Third District, Seneca County","",,,"ST","Created as part of import of Case.Law data.","ohctapp3"
"ohctapp3shelby",,,"",,"","2023-10-03 01:23:58.911502+00","f","f","f","366.996023","Oh. Ct. App. 3rd Dist. Shelby","Court of Appeals of Ohio, Third District, Shelby County","Court of Appeals of Ohio, Third District, Shelby County","",,,"ST","Created as part of import of Case.Law data.","ohctapp3"
"ohctapp3union",,,"",,"","2023-10-03 01:23:58.927172+00","f","f","f","366.996024","Oh. Ct. App. 3rd Dist. Union","Court of Appeals of Ohio, Third District, Union County","Court of Appeals of Ohio, Third District, Union County","",,,"ST","Created as part of import of Case.Law data.","ohctapp3"
"ohctapp3vanwert",,,"",,"","2023-10-03 01:23:58.943081+00","f","f","f","366.996025","Oh. Ct. App. 3rd Dist. Van Wert","Court of Appeals of Ohio, Third District, Van Wert County","Court of Appeals of Ohio, Third District, Van Wert County","",,,"ST","Created as part of import of Case.Law data.","ohctapp3"
"ohctapp3wyandot",,,"",,"","2023-10-03 01:23:58.949186+00","f","f","f","366.996026","Oh. Ct. App. 3rd Dist. Wyandot","Court of Appeals of Ohio, Third District, Wyandot County","Court of Appeals of Ohio, Third District, Wyandot County","",,,"ST","Created as part of import of Case.Law data.","ohctapp3"
"ohctapp4",,,"",,"","2023-10-03 01:23:58.963217+00","f","f","f","366.996027","","Court of Appeals of Ohio, Fourth District","Court of Appeals of Ohio, Fourth District","",,,"ST","Created as part of import of Case.Law data.","ohioctapp"
"ohctapp5",,,"",,"","2023-10-03 01:23:58.972659+00","f","f","f","366.996042","","Court of Appeals of Ohio, Fifth District","Court of Appeals of Ohio, Fifth District","",,,"ST","Created as part of import of Case.Law data.","ohioctapp"
"ohctapp4adams",,,"",,"","2023-10-03 01:23:58.983283+00","f","f","f","366.996028","Oh. Ct. App. 4th Dist. Adams","Court of Appeals of Ohio, Fourth District, Adams County","Court of Appeals of Ohio, Fourth District, Adams County","",,,"ST","Created as part of import of Case.Law data.","ohctapp4"
"ohctapp4athens",,,"",,"","2023-10-03 01:23:58.999595+00","f","f","f","366.996029","Oh. Ct. App. 4th Dist. Athens","Court of Appeals of Ohio, Fourth District, Athens County","Court of Appeals of Ohio, Fourth District, Athens County","",,,"ST","Created as part of import of Case.Law data.","ohctapp4"
"ohctapp4gallia",,,"",,"","2023-10-03 01:23:59.011208+00","f","f","f","366.99603","Oh. Ct. App. 4th Dist. Gallia","Court of Appeals of Ohio, Fourth District, Gallia County","Court of Appeals of Ohio, Fourth District, Gallia County","",,,"ST","Created as part of import of Case.Law data.","ohctapp4"
"ohctapp4highlan",,,"",,"","2023-10-03 01:23:59.020795+00","f","f","f","366.996031","Oh. Ct. App. 4th Dist. Highland","Court of Appeals of Ohio, Fourth District, Highland County","Court of Appeals of Ohio, Fourth District, Highland County","",,,"ST","Created as part of import of Case.Law data.","ohctapp4"
"ohctapp4hocking",,,"",,"","2023-10-03 01:23:59.027439+00","f","f","f","366.996032","Oh. Ct. App. 4th Dist. Hocking","Court of Appeals of Ohio, Fourth District, Hocking County","Court of Appeals of Ohio, Fourth District, Hocking County","",,,"ST","Created as part of import of Case.Law data.","ohctapp4"
"ohctapp4jackson",,,"",,"","2023-10-03 01:23:59.05079+00","f","f","f","366.996033","Oh. Ct. App. 4th Dist. Jackson","Court of Appeals of Ohio, Fourth District, Jackson County","Court of Appeals of Ohio, Fourth District, Jackson County","",,,"ST","Created as part of import of Case.Law data.","ohctapp4"
"ohctapp4lawrenc",,,"",,"","2023-10-03 01:23:59.064981+00","f","f","f","366.996034","Oh. Ct. App. 4th Dist. Lawrence","Court of Appeals of Ohio, Fourth District, Lawrence County","Court of Appeals of Ohio, Fourth District, Lawrence County","",,,"ST","Created as part of import of Case.Law data.","ohctapp4"
"ohctapp4meigs",,,"",,"","2023-10-03 01:23:59.072375+00","f","f","f","366.996035","Oh. Ct. App. 4th Dist. Meigs","Court of Appeals of Ohio, Fourth District, Meigs County","Court of Appeals of Ohio, Fourth District, Meigs County","",,,"ST","Created as part of import of Case.Law data.","ohctapp4"
"ohctapp4pickawa",,,"",,"","2023-10-03 01:23:59.091698+00","f","f","f","366.996036","Oh. Ct. App. 4th Dist. Pickaway","Court of Appeals of Ohio, Fourth District, Pickaway County","Court of Appeals of Ohio, Fourth District, Pickaway County","",,,"ST","Created as part of import of Case.Law data.","ohctapp4"
"ohctapp4pike",,,"",,"","2023-10-03 01:23:59.111512+00","f","f","f","366.996037","Oh. Ct. App. 4th Dist. Pike","Court of Appeals of Ohio, Fourth District, Pike County","Court of Appeals of Ohio, Fourth District, Pike County","",,,"ST","Created as part of import of Case.Law data.","ohctapp4"
"ohctapp4ross",,,"",,"","2023-10-03 01:23:59.132675+00","f","f","f","366.996038","Oh. Ct. App. 4th Dist. Ross","Court of Appeals of Ohio, Fourth District, Ross County","Court of Appeals of Ohio, Fourth District, Ross County","",,,"ST","Created as part of import of Case.Law data.","ohctapp4"
"ohctapp4scioto",,,"",,"","2023-10-03 01:23:59.155317+00","f","f","f","366.996039","Oh. Ct. App. 4th Dist. Scioto","Court of Appeals of Ohio, Fourth District, Scioto County","Court of Appeals of Ohio, Fourth District, Scioto County","",,,"ST","Created as part of import of Case.Law data.","ohctapp4"
"ohctapp4vinton",,,"",,"","2023-10-03 01:23:59.169116+00","f","f","f","366.99604","Oh. Ct. App. 4th Dist. Vinton","Court of Appeals of Ohio, Fourth District, Vinton County","Court of Appeals of Ohio, Fourth District, Vinton County","",,,"ST","Created as part of import of Case.Law data.","ohctapp4"
"ohctapp4washing",,,"",,"","2023-10-03 01:23:59.180963+00","f","f","f","366.996041","Oh. Ct. App. 4th Dist. Washington","Court of Appeals of Ohio, Fourth District, Washington County","Court of Appeals of Ohio, Fourth District, Washington County","",,,"ST","Created as part of import of Case.Law data.","ohctapp4"
"ohctapp5ashland",,,"",,"","2023-10-03 01:23:59.195282+00","f","f","f","366.996043","Oh. Ct. App. 5th Dist. Ashland","Court of Appeals of Ohio, Fifth District, Ashland County","Court of Appeals of Ohio, Fifth District, Ashland County","",,,"ST","Created as part of import of Case.Law data.","ohctapp5"
"ohctapp5coshoct",,,"",,"","2023-10-03 01:23:59.211249+00","f","f","f","366.996044","Oh. Ct. App. 5th Dist. Coshocton","Court of Appeals of Ohio, Fifth District, Coshocton County","Court of Appeals of Ohio, Fifth District, Coshocton County","",,,"ST","Created as part of import of Case.Law data.","ohctapp5"
"ohctapp5delawar",,,"",,"","2023-10-03 01:23:59.229114+00","f","f","f","366.996045","Oh. Ct. App. 5th Dist. Delaware","Court of Appeals of Ohio, Fifth District, Delaware County","Court of Appeals of Ohio, Fifth District, Delaware County","",,,"ST","Created as part of import of Case.Law data.","ohctapp5"
"ohctapp5fairfie",,,"",,"","2023-10-03 01:23:59.247155+00","f","f","f","366.996046","Oh. Ct. App. 5th Dist. Fairfield","Court of Appeals of Ohio, Fifth District, Fairfield County","Court of Appeals of Ohio, Fifth District, Fairfield County","",,,"ST","Created as part of import of Case.Law data.","ohctapp5"
"ohctapp5guernse",,,"",,"","2023-10-03 01:23:59.261099+00","f","f","f","366.996047","Oh. Ct. App. 5th Dist. Guernsey","Court of Appeals of Ohio, Fifth District, Guernsey County","Court of Appeals of Ohio, Fifth District, Guernsey County","",,,"ST","Created as part of import of Case.Law data.","ohctapp5"
"ohctapp5holmes",,,"",,"","2023-10-03 01:23:59.275249+00","f","f","f","366.996048","Oh. Ct. App. 5th Dist. Holmes","Court of Appeals of Ohio, Fifth District, Holmes County","Court of Appeals of Ohio, Fifth District, Holmes County","",,,"ST","Created as part of import of Case.Law data.","ohctapp5"
"ohctapp5knox",,,"",,"","2023-10-03 01:23:59.285158+00","f","f","f","366.996049","Oh. Ct. App. 5th Dist. Knox","Court of Appeals of Ohio, Fifth District, Knox County","Court of Appeals of Ohio, Fifth District, Knox County","",,,"ST","Created as part of import of Case.Law data.","ohctapp5"
"ohctapp5licking",,,"",,"","2023-10-03 01:23:59.295231+00","f","f","f","366.99605","Oh. Ct. App. 5th Dist. Licking","Court of Appeals of Ohio, Fifth District, Licking County","Court of Appeals of Ohio, Fifth District, Licking County","",,,"ST","Created as part of import of Case.Law data.","ohctapp5"
"ohctapp5morgan",,,"",,"","2023-10-03 01:23:59.305902+00","f","f","f","366.996051","Oh. Ct. App. 5th Dist. Morgan","Court of Appeals of Ohio, Fifth District, Morgan County","Court of Appeals of Ohio, Fifth District, Morgan County","",,,"ST","Created as part of import of Case.Law data.","ohctapp5"
"ohctapp5morrow",,,"",,"","2023-10-03 01:23:59.315243+00","f","f","f","366.996052","Oh. Ct. App. 5th Dist. Morrow","Court of Appeals of Ohio, Fifth District, Morrow County","Court of Appeals of Ohio, Fifth District, Morrow County","",,,"ST","Created as part of import of Case.Law data.","ohctapp5"
"ohctapp5musking",,,"",,"","2023-10-03 01:23:59.331269+00","f","f","f","366.996053","Oh. Ct. App. 5th Dist. Muskingum","Court of Appeals of Ohio, Fifth District, Muskingum County","Court of Appeals of Ohio, Fifth District, Muskingum County","",,,"ST","Created as part of import of Case.Law data.","ohctapp5"
"ohctapp5richlan",,,"",,"","2023-10-03 01:23:59.345098+00","f","f","f","366.996054","Oh. Ct. App. 5th Dist. Richland","Court of Appeals of Ohio, Fifth District, Richland County","Court of Appeals of Ohio, Fifth District, Richland County","",,,"ST","Created as part of import of Case.Law data.","ohctapp5"
"ohctapp5stark",,,"",,"","2023-10-03 01:23:59.351521+00","f","f","f","366.996055","Oh. Ct. App. 5th Dist. Stark","Court of Appeals of Ohio, Fifth District, Stark County","Court of Appeals of Ohio, Fifth District, Stark County","",,,"ST","Created as part of import of Case.Law data.","ohctapp5"
"ohctapp5tuscara",,,"",,"","2023-10-03 01:23:59.357918+00","f","f","f","366.996056","Oh. Ct. App. 5th Dist. Tuscarawas","Court of Appeals of Ohio, Fifth District, Tuscarawas County","Court of Appeals of Ohio, Fifth District, Tuscarawas County","",,,"ST","Created as part of import of Case.Law data.","ohctapp5"
"ohctapp6",,,"",,"","2023-10-03 01:23:59.375268+00","f","f","f","366.996057","","Court of Appeals of Ohio, Sixth District","Court of Appeals of Ohio, Sixth District","",,,"ST","Created as part of import of Case.Law data.","ohioctapp"
"ohctapp6erie",,,"",,"","2023-10-03 01:23:59.391241+00","f","f","f","366.996058","Oh. Ct. App. 6th Dist. Erie","Court of Appeals of Ohio, Sixth District, Erie County","Court of Appeals of Ohio, Sixth District, Erie County","",,,"ST","Created as part of import of Case.Law data.","ohctapp6"
"ohctapp6fulton",,,"",,"","2023-10-03 01:23:59.399937+00","f","f","f","366.996059","Oh. Ct. App. 6th Dist. Fulton","Court of Appeals of Ohio, Sixth District, Fulton County","Court of Appeals of Ohio, Sixth District, Fulton County","",,,"ST","Created as part of import of Case.Law data.","ohctapp6"
"ohctapp6huron",,,"",,"","2023-10-03 01:23:59.415247+00","f","f","f","366.99606","Oh. Ct. App. 6th Dist. Huron","Court of Appeals of Ohio, Sixth District, Huron County","Court of Appeals of Ohio, Sixth District, Huron County","",,,"ST","Created as part of import of Case.Law data.","ohctapp6"
"ohctapp6lucas",,,"",,"","2023-10-03 01:23:59.431124+00","f","f","f","366.996061","Oh. Ct. App. 6th Dist. Lucas","Court of Appeals of Ohio, Sixth District, Lucas County","Court of Appeals of Ohio, Sixth District, Lucas County","",,,"ST","Created as part of import of Case.Law data.","ohctapp6"
"ohctapp6ottawa",,,"",,"","2023-10-03 01:23:59.440742+00","f","f","f","366.996062","Oh. Ct. App. 6th Dist. Ottawa","Court of Appeals of Ohio, Sixth District, Ottawa County","Court of Appeals of Ohio, Sixth District, Ottawa County","",,,"ST","Created as part of import of Case.Law data.","ohctapp6"
"ohctapp6sandusk",,,"",,"","2023-10-03 01:23:59.457044+00","f","f","f","366.996063","Oh. Ct. App. 6th Dist. Sandusky","Court of Appeals of Ohio, Sixth District, Sandusky County","Court of Appeals of Ohio, Sixth District, Sandusky County","",,,"ST","Created as part of import of Case.Law data.","ohctapp6"
"ohctapp6william",,,"",,"","2023-10-03 01:23:59.475205+00","f","f","f","366.996064","Oh. Ct. App. 6th Dist. Williams","Court of Appeals of Ohio, Sixth District, Williams County","Court of Appeals of Ohio, Sixth District, Williams County","",,,"ST","Created as part of import of Case.Law data.","ohctapp6"
"ohctapp6wood",,,"",,"","2023-10-03 01:23:59.490243+00","f","f","f","366.996065","Oh. Ct. App. 6th Dist. Wood","Court of Appeals of Ohio, Sixth District, Wood County","Court of Appeals of Ohio, Sixth District, Wood County","",,,"ST","Created as part of import of Case.Law data.","ohctapp6"
"ohctapp7",,,"",,"","2023-10-03 01:23:59.511157+00","f","f","f","366.996066","","Court of Appeals of Ohio, Seventh District","Court of Appeals of Ohio, Seventh District","",,,"ST","Created as part of import of Case.Law data.","ohioctapp"
"ohctapp7belmont",,,"",,"","2023-10-03 01:23:59.527182+00","f","f","f","366.996067","Oh. Ct. App. 7th Dist. Belmont","Court of Appeals of Ohio, Seventh District, Belmont County","Court of Appeals of Ohio, Seventh District, Belmont County","",,,"ST","Created as part of import of Case.Law data.","ohctapp7"
"ohctapp7carroll",,,"",,"","2023-10-03 01:23:59.539157+00","f","f","f","366.996068","Oh. Ct. App. 7th Dist. Carroll","Court of Appeals of Ohio, Seventh District, Carroll County","Court of Appeals of Ohio, Seventh District, Carroll County","",,,"ST","Created as part of import of Case.Law data.","ohctapp7"
"ohctapp7columbi",,,"",,"","2023-10-03 01:23:59.552777+00","f","f","f","366.996069","Oh. Ct. App. 7th Dist. Columbiana","Court of Appeals of Ohio, Seventh District, Columbiana County","Court of Appeals of Ohio, Seventh District, Columbiana County","",,,"ST","Created as part of import of Case.Law data.","ohctapp7"
"ohctapp7harriso",,,"",,"","2023-10-03 01:23:59.560587+00","f","f","f","366.99607","Oh. Ct. App. 7th Dist. Harrison","Court of Appeals of Ohio, Seventh District, Harrison County","Court of Appeals of Ohio, Seventh District, Harrison County","",,,"ST","Created as part of import of Case.Law data.","ohctapp7"
"ohctapp7jeffers",,,"",,"","2023-10-03 01:23:59.575134+00","f","f","f","366.996071","Oh. Ct. App. 7th Dist. Jefferson","Court of Appeals of Ohio, Seventh District, Jefferson County","Court of Appeals of Ohio, Seventh District, Jefferson County","",,,"ST","Created as part of import of Case.Law data.","ohctapp7"
"ohctapp7mahonin",,,"",,"","2023-10-03 01:23:59.589003+00","f","f","f","366.996072","Oh. Ct. App. 7th Dist. Mahoning","Court of Appeals of Ohio, Seventh District, Mahoning County","Court of Appeals of Ohio, Seventh District, Mahoning County","",,,"ST","Created as part of import of Case.Law data.","ohctapp7"
"ohctapp7monroe",,,"",,"","2023-10-03 01:23:59.602709+00","f","f","f","366.996073","Oh. Ct. App. 7th Dist. Monroe","Court of Appeals of Ohio, Seventh District, Monroe County","Court of Appeals of Ohio, Seventh District, Monroe County","",,,"ST","Created as part of import of Case.Law data.","ohctapp7"
"ohctapp7noble",,,"",,"","2023-10-03 01:23:59.609952+00","f","f","f","366.996074","Oh. Ct. App. 7th Dist. Noble","Court of Appeals of Ohio, Seventh District, Noble County","Court of Appeals of Ohio, Seventh District, Noble County","",,,"ST","Created as part of import of Case.Law data.","ohctapp7"
"ohctapp8",,,"",,"","2023-10-03 01:23:59.619256+00","f","f","f","366.996075","","Court of Appeals of Ohio, Eighth District","Court of Appeals of Ohio, Eighth District","",,,"ST","Created as part of import of Case.Law data.","ohioctapp"
"ohctapp8cuyahog",,,"",,"","2023-10-03 01:23:59.639231+00","f","f","f","366.996076","Oh. Ct. App. 8th Dist. Cuyahoga","Court of Appeals of Ohio, Eighth District, Cuyahoga County","Court of Appeals of Ohio, Eighth District, Cuyahoga County","",,,"ST","Created as part of import of Case.Law data.","ohctapp8"
"ohctapp9",,,"",,"","2023-10-03 01:23:59.65525+00","f","f","f","366.996077","","Court of Appeals of Ohio, Ninth District","Court of Appeals of Ohio, Ninth District","",,,"ST","Created as part of import of Case.Law data.","ohioctapp"
"ohctapp9lorain",,,"",,"","2023-10-03 01:23:59.664088+00","f","f","f","366.996078","Oh. Ct. App. 9th Dist. Lorain","Court of Appeals of Ohio, Ninth District, Lorain County","Court of Appeals of Ohio, Ninth District, Lorain County","",,,"ST","Created as part of import of Case.Law data.","ohctapp9"
"ohctapp9medina",,,"",,"","2023-10-03 01:23:59.671129+00","f","f","f","366.996079","Oh. Ct. App. 9th Dist. Medina","Court of Appeals of Ohio, Ninth District, Medina County","Court of Appeals of Ohio, Ninth District, Medina County","",,,"ST","Created as part of import of Case.Law data.","ohctapp9"
"ohctapp9summit",,,"",,"","2023-10-03 01:23:59.677249+00","f","f","f","366.99608","Oh. Ct. App. 9th Dist. Summit","Court of Appeals of Ohio, Ninth District, Summit County","Court of Appeals of Ohio, Ninth District, Summit County","",,,"ST","Created as part of import of Case.Law data.","ohctapp9"
"ohctapp9wayne",,,"",,"","2023-10-03 01:23:59.683559+00","f","f","f","366.996081","Oh. Ct. App. 9th Dist. Wayne","Court of Appeals of Ohio, Ninth District, Wayne County","Court of Appeals of Ohio, Ninth District, Wayne County","",,,"ST","Created as part of import of Case.Law data.","ohctapp9"
"ohctapp10",,,"",,"","2023-10-03 01:23:59.69113+00","f","f","f","366.996082","","Court of Appeals of Ohio, Tenth District","Court of Appeals of Ohio, Tenth District","",,,"ST","Created as part of import of Case.Law data.","ohioctapp"
"ohctapp10frankl",,,"",,"","2023-10-03 01:23:59.707367+00","f","f","f","366.996083","Oh. Ct. App. 10th Dist. Franklin","Court of Appeals of Ohio, Tenth District, Franklin County","Court of Appeals of Ohio, Tenth District, Franklin County","",,,"ST","Created as part of import of Case.Law data.","ohctapp10"
"ohctapp11",,,"",,"","2023-10-03 01:23:59.715522+00","f","f","f","366.996084","","Court of Appeals of Ohio, Eleventh District","Court of Appeals of Ohio, Eleventh District","",,,"ST","Created as part of import of Case.Law data.","ohioctapp"
"ohctapp11ashtab",,,"",,"","2023-10-03 01:23:59.722132+00","f","f","f","366.996085","Oh. Ct. App. 11th Dist. Ashtabula","Court of Appeals of Ohio, Eleventh District, Ashtabula County","Court of Appeals of Ohio, Eleventh District, Ashtabula County","",,,"ST","Created as part of import of Case.Law data.","ohctapp11"
"ohctapp11geauga",,,"",,"","2023-10-03 01:23:59.734527+00","f","f","f","366.996086","Oh. Ct. App. 11th Dist. Geauga","Court of Appeals of Ohio, Eleventh District, Geauga County","Court of Appeals of Ohio, Eleventh District, Geauga County","",,,"ST","Created as part of import of Case.Law data.","ohctapp11"
"ohctapp11lake",,,"",,"","2023-10-03 01:23:59.745677+00","f","f","f","366.996087","Oh. Ct. App. 11th Dist. Lake","Court of Appeals of Ohio, Eleventh District, Lake County","Court of Appeals of Ohio, Eleventh District, Lake County","",,,"ST","Created as part of import of Case.Law data.","ohctapp11"
"ohctapp11portag",,,"",,"","2023-10-03 01:23:59.757118+00","f","f","f","366.996088","Oh. Ct. App. 11th Dist. Portage","Court of Appeals of Ohio, Eleventh District, Portage County","Court of Appeals of Ohio, Eleventh District, Portage County","",,,"ST","Created as part of import of Case.Law data.","ohctapp11"
"ohctapp11trumbu",,,"",,"","2023-10-03 01:23:59.764043+00","f","f","f","366.996089","Oh. Ct. App. 11th Dist. Trumbull","Court of Appeals of Ohio, Eleventh District, Trumbull County","Court of Appeals of Ohio, Eleventh District, Trumbull County","",,,"ST","Created as part of import of Case.Law data.","ohctapp11"
"ohctapp12",,,"",,"","2023-10-03 01:23:59.770825+00","f","f","f","366.99609","","Court of Appeals of Ohio, Twelfth District","Court of Appeals of Ohio, Twelfth District","",,,"ST","Created as part of import of Case.Law data.","ohioctapp"
"ohctapp12brown",,,"",,"","2023-10-03 01:23:59.779847+00","f","f","f","366.996091","Oh. Ct. App. 12th Dist. Brown","Court of Appeals of Ohio, Twelfth District, Brown County","Court of Appeals of Ohio, Twelfth District, Brown County","",,,"ST","Created as part of import of Case.Law data.","ohctapp12"
"ohctapp12butler",,,"",,"","2023-10-03 01:23:59.790772+00","f","f","f","366.996092","Oh. Ct. App. 12th Dist. Butler","Court of Appeals of Ohio, Twelfth District, Butler County","Court of Appeals of Ohio, Twelfth District, Butler County","",,,"ST","Created as part of import of Case.Law data.","ohctapp12"
"ohctapp12clermo",,,"",,"","2023-10-03 01:23:59.799933+00","f","f","f","366.996093","Oh. Ct. App. 12th Dist. Clermont","Court of Appeals of Ohio, Twelfth District, Clermont County","Court of Appeals of Ohio, Twelfth District, Clermont County","",,,"ST","Created as part of import of Case.Law data.","ohctapp12"
"ohctapp12clinto",,,"",,"","2023-10-03 01:23:59.815251+00","f","f","f","366.996094","Oh. Ct. App. 12th Dist. Clinton","Court of Appeals of Ohio, Twelfth District, Clinton County","Court of Appeals of Ohio, Twelfth District, Clinton County","",,,"ST","Created as part of import of Case.Law data.","ohctapp12"
"ohctapp12fayett",,,"",,"","2023-10-03 01:23:59.835286+00","f","f","f","366.996095","Oh. Ct. App. 12th Dist. Fayette","Court of Appeals of Ohio, Twelfth District, Fayette County","Court of Appeals of Ohio, Twelfth District, Fayette County","",,,"ST","Created as part of import of Case.Law data.","ohctapp12"
"ohctapp12madiso",,,"",,"","2023-10-03 01:23:59.85482+00","f","f","f","366.996096","Oh. Ct. App. 12th Dist. Madison","Court of Appeals of Ohio, Twelfth District, Madison County","Court of Appeals of Ohio, Twelfth District, Madison County","",,,"ST","Created as part of import of Case.Law data.","ohctapp12"
"ohctapp12preble",,,"",,"","2023-10-03 01:23:59.869204+00","f","f","f","366.996097","Oh. Ct. App. 12th Dist. Preble","Court of Appeals of Ohio, Twelfth District, Preble County","Court of Appeals of Ohio, Twelfth District, Preble County","",,,"ST","Created as part of import of Case.Law data.","ohctapp12"
"ohctapp12warren",,,"",,"","2023-10-03 01:23:59.879287+00","f","f","f","366.996098","Oh. Ct. App. 12th Dist. Warren","Court of Appeals of Ohio, Twelfth District, Warren County","Court of Appeals of Ohio, Twelfth District, Warren County","",,,"ST","Created as part of import of Case.Law data.","ohctapp12"
"ohcirctadams",,,"",,"","2023-10-03 01:23:59.89515+00","f","f","f","366.9961","Oh. Circ. Ct., Adams","Adams Circuit Court","Adams Circuit Court","",,,"ST","Created as part of import of Case.Law data.","ohiocirct"
"ohcirctallen",,,"",,"","2023-10-03 01:23:59.909038+00","f","f","f","366.996101","Oh. Circ. Ct., Allen","Allen Circuit Court","Allen Circuit Court","",,,"ST","Created as part of import of Case.Law data.","ohiocirct"
"ohcirctashland",,,"",,"","2023-10-03 01:23:59.927255+00","f","f","f","366.996102","Oh. Circ. Ct., Ashland","Ashland Circuit Court","Ashland Circuit Court","",,,"ST","Created as part of import of Case.Law data.","ohiocirct"
"ohcirctashtabul",,,"",,"","2023-10-03 01:23:59.943161+00","f","f","f","366.996103","Oh. Circ. Ct., Ashtabula","Ashtabula Circuit Court","Ashtabula Circuit Court","",,,"ST","Created as part of import of Case.Law data.","ohiocirct"
"ohcirctathens",,,"",,"","2023-10-03 01:23:59.959172+00","f","f","f","366.996104","Oh. Circ. Ct., Athens","Athens Circuit Court","Athens Circuit Court","",,,"ST","Created as part of import of Case.Law data.","ohiocirct"
"ohcirctauglaize",,,"",,"","2023-10-03 01:23:59.975291+00","f","f","f","366.996105","Oh. Circ. Ct., Auglaize","Auglaize County Circuit Court","Auglaize County Circuit Court","",,,"ST","Created as part of import of Case.Law data.","ohiocirct"
"ohcirctbelmont",,,"",,"","2023-10-03 01:23:59.991322+00","f","f","f","366.996106","Oh. Circ. Ct., Belmont","Belmont Circuit Court","Belmont Circuit Court","",,,"ST","Created as part of import of Case.Law data.","ohiocirct"
"ohcirctbrown",,,"",,"","2023-10-03 01:24:00.000074+00","f","f","f","366.996107","Oh. Circ. Ct., Brown","Brown Circuit Court","Brown Circuit Court","",,,"ST","Created as part of import of Case.Law data.","ohiocirct"
"ohcirctbutler",,,"",,"","2023-10-03 01:24:00.027223+00","f","f","f","366.996108","Oh. Circ. Ct., Butler","Butler Circuit Court","Butler Circuit Court","",,,"ST","Created as part of import of Case.Law data.","ohiocirct"
"ohcirctcarroll",,,"",,"","2023-10-03 01:24:00.047321+00","f","f","f","366.9961085","Oh. Circ. Ct., Carroll","Carroll Circuit Court","Carroll Circuit Court","",,,"ST","","ohiocirct"
"ohcirctchampaig",,,"",,"","2023-10-03 01:24:00.063288+00","f","f","f","366.996109","Oh. Circ. Ct., Champaign","Champaign Circuit Court","Champaign Circuit Court","",,,"ST","Created as part of import of Case.Law data.","ohiocirct"
"ohcirctclark",,,"",,"","2023-10-03 01:24:00.074627+00","f","f","f","366.99611","Oh. Circ. Ct., Clark","Clark Circuit Court","Clark Circuit Court","",,,"ST","Created as part of import of Case.Law data.","ohiocirct"
"ohcirctclermont",,,"",,"","2023-10-03 01:24:00.085604+00","f","f","f","366.996111","Oh. Circ. Ct., Clermont","Clermont Circuit Court","Clermont Circuit Court","",,,"ST","Created as part of import of Case.Law data.","ohiocirct"
"ohcirctclinton",,,"",,"","2023-10-03 01:24:00.092646+00","f","f","f","366.996112","Oh. Circ. Ct., Clinton","Clinton Circuit Court","Clinton Circuit Court","",,,"ST","Created as part of import of Case.Law data.","ohiocirct"
"ohcirctcolumbia",,,"",,"","2023-10-03 01:24:00.101458+00","f","f","f","366.996113","Oh. Circ. Ct., Columbiana","Columbiana Circuit Court","Columbiana Circuit Court","",,,"ST","Created as part of import of Case.Law data.","ohiocirct"
"ohcirctcoshocto",,,"",,"","2023-10-03 01:24:00.109275+00","f","f","f","366.996114","Oh. Circ. Ct., Coshocton","Coshocton Circuit Court","Coshocton Circuit Court","",,,"ST","Created as part of import of Case.Law data.","ohiocirct"
"ohcirctcrawford",,,"",,"","2023-10-03 01:24:00.119189+00","f","f","f","366.996115","Oh. Circ. Ct., Crawford","Crawford Circuit Court","Crawford Circuit Court","",,,"ST","Created as part of import of Case.Law data.","ohiocirct"
"ohcirctcuyahoga",,,"",,"","2023-10-03 01:24:00.131361+00","f","f","f","366.996116","Oh. Circ. Ct., Cuyahoga","Cuyahoga Circuit Court","Cuyahoga Circuit Court","",,,"ST","Created as part of import of Case.Law data.","ohiocirct"
"ohcirctdarke",,,"",,"","2023-10-03 01:24:00.145299+00","f","f","f","366.996117","Oh. Circ. Ct., Darke","Darke Circuit Court","Darke Circuit Court","",,,"ST","Created as part of import of Case.Law data.","ohiocirct"
"ohcirctdefiance",,,"",,"","2023-10-03 01:24:00.159325+00","f","f","f","366.996118","Oh. Circ. Ct., Defiance","Defiance Circuit Court","Defiance Circuit Court","",,,"ST","Created as part of import of Case.Law data.","ohiocirct"
"ohcirctdelaware",,,"",,"","2023-10-03 01:24:00.181354+00","f","f","f","366.996119","Oh. Circ. Ct., Delaware","Delaware Circuit Court","Delaware Circuit Court","",,,"ST","Created as part of import of Case.Law data.","ohiocirct"
"ohcircterie",,,"",,"","2023-10-03 01:24:00.201001+00","f","f","f","366.99612","Oh. Circ. Ct., Erie","Erie Circuit Court","Erie Circuit Court","",,,"ST","Created as part of import of Case.Law data.","ohiocirct"
"ohcirctfairfiel",,,"",,"","2023-10-03 01:24:00.215297+00","f","f","f","366.996121","Oh. Circ. Ct., Fairfield","Fairfield Circuit Court","Fairfield Circuit Court","",,,"ST","Created as part of import of Case.Law data.","ohiocirct"
"ohcirctfayette",,,"",,"","2023-10-03 01:24:00.225582+00","f","f","f","366.996122","Oh. Circ. Ct., Fayette","Fayette Circuit Court","Fayette Circuit Court","",,,"ST","Created as part of import of Case.Law data.","ohiocirct"
"ohcirctfranklin",,,"",,"","2023-10-03 01:24:00.232693+00","f","f","f","366.9961225","Oh. Circ. Ct., Franklin","Franklin Circuit Court","Franklin Circuit Court","",,,"ST","","ohiocirct"
"ohcirctfulton",,,"",,"","2023-10-03 01:24:00.238813+00","f","f","f","366.996123","Oh. Circ. Ct., Fulton","Fulton Circuit Court","Fulton Circuit Court","",,,"ST","Created as part of import of Case.Law data.","ohiocirct"
"ohcirctgeauga",,,"",,"","2023-10-03 01:24:00.245432+00","f","f","f","366.996124","Oh. Circ. Ct., Geauga","Geauga Circuit Court","Geauga Circuit Court","",,,"ST","Created as part of import of Case.Law data.","ohiocirct"
"ohcirctgreene",,,"",,"","2023-10-03 01:24:00.259114+00","f","f","f","366.9961245","Oh. Circ. Ct., Greene","Greene Circuit Court","Greene Circuit Court","",,,"ST","","ohiocirct"
"ohcirctguernsey",,,"",,"","2023-10-03 01:24:00.266422+00","f","f","f","366.996125","Oh. Circ. Ct., Guernsey","Guernsey Circuit Court","Guernsey Circuit Court","",,,"ST","Created as part of import of Case.Law data.","ohiocirct"
"ohcircthamilton",,,"",,"","2023-10-03 01:24:00.273681+00","f","f","f","366.996126","Oh. Circ. Ct., Hamilton","Hamilton Circuit Court","Hamilton Circuit Court","",,,"ST","Created as part of import of Case.Law data.","ohiocirct"
"ohcircthancock",,,"",,"","2023-10-03 01:24:00.288953+00","f","f","f","366.996127","Oh. Circ. Ct., Hancock","Hancock Circuit Court","Hancock Circuit Court","",,,"ST","Created as part of import of Case.Law data.","ohiocirct"
"ohcircthancook",,,"",,"","2023-10-03 01:24:00.302604+00","f","f","f","366.996128","Oh. Circ. Ct., Hancook","Hancook Circuit Court","Hancook Circuit Court","",,,"ST","Created as part of import of Case.Law data.","ohiocirct"
"ohcircthardin",,,"",,"","2023-10-03 01:24:00.310451+00","f","f","f","366.996129","Oh. Circ. Ct., Hardin","Hardin Circuit Court","Hardin Circuit Court","",,,"ST","Created as part of import of Case.Law data.","ohiocirct"
"ohcirctharrison",,,"",,"","2023-10-03 01:24:00.32729+00","f","f","f","366.99613","Oh. Circ. Ct., Harrison","Harrison Circuit Court","Harrison Circuit Court","",,,"ST","Created as part of import of Case.Law data.","ohiocirct"
"ohcircthenry",,,"",,"","2023-10-03 01:24:00.339394+00","f","f","f","366.996131","Oh. Circ. Ct., Henry","Henry Circuit Court","Henry Circuit Court","",,,"ST","Created as part of import of Case.Law data.","ohiocirct"
"ohcirctholmes",,,"",,"","2023-10-03 01:24:00.349153+00","f","f","f","366.996132","Oh. Circ. Ct., Holmes","Holmes Circuit Court","Holmes Circuit Court","",,,"ST","Created as part of import of Case.Law data.","ohiocirct"
"ohcircthighland",,,"",,"","2023-10-03 01:24:00.363191+00","f","f","f","366.9961325","Oh. Circ. Ct., Highland","Highland Circuit Court","Highland Circuit Court","",,,"ST","","ohiocirct"
"ohcircthuron",,,"",,"","2023-10-03 01:24:00.381018+00","f","f","f","366.996133","Oh. Circ. Ct., Huron","Huron Circuit Court","Huron Circuit Court","",,,"ST","Created as part of import of Case.Law data.","ohiocirct"
"ohcirctjackson",,,"",,"","2023-10-03 01:24:00.403805+00","f","f","f","366.9961335","Oh. Circ. Ct., Jackson","Jackson Circuit Court","Jackson Circuit Court","",,,"ST","","ohiocirct"
"ohcirctjefferso",,,"",,"","2023-10-03 01:24:00.419338+00","f","f","f","366.9961336","Oh. Circ. Ct., Jefferson","Jefferson Circuit Court","Jefferson Circuit Court","",,,"ST","","ohiocirct"
"ohcirctknox",,,"",,"","2023-10-03 01:24:00.435273+00","f","f","f","366.996134","Oh. Circ. Ct., Knox","Knox County Circuit Court","Knox County Circuit Court","",,,"ST","Created as part of import of Case.Law data.","ohiocirct"
"ohcirctlake",,,"",,"","2023-10-03 01:24:00.45116+00","f","f","f","366.9961345","Oh. Circ. Ct., Lake","Lake County Circuit Court","Lake County Circuit Court","",,,"ST","","ohiocirct"
"ohcirctlawrence",,,"",,"","2023-10-03 01:24:00.471295+00","f","f","f","366.996135","Oh. Circ. Ct., Lawrence","Lawrence Circuit Court","Lawrence Circuit Court","",,,"ST","Created as part of import of Case.Law data.","ohiocirct"
"ohcirctlicking",,,"",,"","2023-10-03 01:24:00.487256+00","f","f","f","366.996136","Oh. Circ. Ct., Licking","Licking Circuit Court","Licking Circuit Court","",,,"ST","Created as part of import of Case.Law data.","ohiocirct"
"ohcirctlogan",,,"",,"","2023-10-03 01:24:00.497016+00","f","f","f","366.996137","Oh. Circ. Ct., Logan","Logan Circuit Court","Logan Circuit Court","",,,"ST","Created as part of import of Case.Law data.","ohiocirct"
"ohcirctlorain",,,"",,"","2023-10-03 01:24:00.503478+00","f","f","f","366.996138","Oh. Circ. Ct., Lorain","Lorain Circuit Court","Lorain Circuit Court","",,,"ST","Created as part of import of Case.Law data.","ohiocirct"
"ohcirctlucas",,,"",,"","2023-10-03 01:24:00.509392+00","f","f","f","366.996139","Oh. Circ. Ct., Lucas","Lucas Circuit Court","Lucas Circuit Court","",,,"ST","Created as part of import of Case.Law data.","ohiocirct"
"ohcirctmadison",,,"",,"","2023-10-03 01:24:00.523364+00","f","f","f","366.9961394","Oh. Circ. Ct., Madison","Madison Circuit Court","Madison Circuit Court","",,,"ST","","ohiocirct"
"ohcirctmahoning",,,"",,"","2023-10-03 01:24:00.542306+00","f","f","f","366.99614","Oh. Circ. Ct., Mahoning","Mahoning Circuit Court","Mahoning Circuit Court","",,,"ST","Created as part of import of Case.Law data.","ohiocirct"
"ohcirctmarion",,,"",,"","2023-10-03 01:24:00.556759+00","f","f","f","366.9961401","Oh. Circ. Ct., Marion","Marion Circuit Court","Marion Circuit Court","",,,"ST","","ohiocirct"
"ohcirctmedina",,,"",,"","2023-10-03 01:24:00.569277+00","f","f","f","366.996141","Oh. Circ. Ct., Medina","Medina Circuit Court","Medina Circuit Court","",,,"ST","Created as part of import of Case.Law data.","ohiocirct"
"ohcirctmeigs",,,"",,"","2023-10-03 01:24:00.583432+00","f","f","f","366.996142","Oh. Circ. Ct., Meigs","Meigs Circuit Court","Meigs Circuit Court","",,,"ST","Created as part of import of Case.Law data.","ohiocirct"
"ohcirctmercer",,,"",,"","2023-10-03 01:24:00.603459+00","f","f","f","366.9961424","Oh. Circ. Ct., Mercer","Mercer Circuit Court","Mercer Circuit Court","",,,"ST","","ohiocirct"
"ohcirctmiami",,,"",,"","2023-10-03 01:24:00.619161+00","f","f","f","366.996143","Oh. Circ. Ct., Miami","Miami Circuit Court","Miami Circuit Court","",,,"ST","Created as part of import of Case.Law data.","ohiocirct"
"ohcirctmonroe",,,"",,"","2023-10-03 01:24:00.635328+00","f","f","f","366.9961434","Oh. Circ. Ct., Monroe","Monroe Circuit Court","Monroe Circuit Court","",,,"ST","","ohiocirct"
"ohcirctmontgome",,,"",,"","2023-10-03 01:24:00.651338+00","f","f","f","366.9961436","Oh. Circ. Ct., Montgomery","Montgomery Circuit Court","Montgomery Circuit Court","",,,"ST","","ohiocirct"
"ohcirctmorgan",,,"",,"","2023-10-03 01:24:00.664841+00","f","f","f","366.996144","Oh. Circ. Ct., Morgan","Morgan Circuit Court","Morgan Circuit Court","",,,"ST","Created as part of import of Case.Law data.","ohiocirct"
"ohcirctmorrow",,,"",,"","2023-10-03 01:24:00.67553+00","f","f","f","366.996145","Oh. Circ. Ct., Morrow","Morrow Circuit Court","Morrow Circuit Court","",,,"ST","Created as part of import of Case.Law data.","ohiocirct"
"ohcirctmuskingu",,,"",,"","2023-10-03 01:24:00.691466+00","f","f","f","366.996146","Oh. Circ. Ct., Muskingum","Muskingum Circuit Court","Muskingum Circuit Court","",,,"ST","Created as part of import of Case.Law data.","ohiocirct"
"ohcirctnoble",,,"",,"","2023-10-03 01:24:00.709076+00","f","f","f","366.996147","Oh. Circ. Ct., Noble","Noble Circuit Court","Noble Circuit Court","",,,"ST","Created as part of import of Case.Law data.","ohiocirct"
"ohcirctottawa",,,"",,"","2023-10-03 01:24:00.723236+00","f","f","f","366.996148","Oh. Circ. Ct., Ottawa","Ottawa Circuit Court","Ottawa Circuit Court","",,,"ST","Created as part of import of Case.Law data.","ohiocirct"
"ohcirctpaulding",,,"",,"","2023-10-03 01:24:00.737037+00","f","f","f","366.996149","Oh. Circ. Ct., Paulding","Paulding Circuit Court","Paulding Circuit Court","",,,"ST","Created as part of import of Case.Law data.","ohiocirct"
"ohcirctperry",,,"",,"","2023-10-03 01:24:00.747121+00","f","f","f","366.99615","Oh. Circ. Ct., Perry","Perry Circuit Court","Perry Circuit Court","",,,"ST","Created as part of import of Case.Law data.","ohiocirct"
"ohcirctpickaway",,,"",,"","2023-10-03 01:24:00.761966+00","f","f","f","366.996151","Oh. Circ. Ct., Pickaway","Pickaway Circuit Court","Pickaway Circuit Court","",,,"ST","Created as part of import of Case.Law data.","ohiocirct"
"ohcirctpike",,,"",,"","2023-10-03 01:24:00.777951+00","f","f","f","366.996152","Oh. Circ. Ct., Pike","Pike Circuit Court","Pike Circuit Court","",,,"ST","Created as part of import of Case.Law data.","ohiocirct"
"ohcirctportage",,,"",,"","2023-10-03 01:24:00.792504+00","f","f","f","366.996153","Oh. Circ. Ct., Portage","Portage Circuit Court","Portage Circuit Court","",,,"ST","Created as part of import of Case.Law data.","ohiocirct"
"ohcirctpreble",,,"",,"","2023-10-03 01:24:00.807097+00","f","f","f","366.996154","Oh. Circ. Ct., Preble","Preble Circuit Court","Preble Circuit Court","",,,"ST","Created as part of import of Case.Law data.","ohiocirct"
"ohcirctputnam",,,"",,"","2023-10-03 01:24:00.827244+00","f","f","f","366.996155","Oh. Circ. Ct., Putnam","Putnam Circuit Court","Putnam Circuit Court","",,,"ST","Created as part of import of Case.Law data.","ohiocirct"
"ohcirctrichland",,,"",,"","2023-10-03 01:24:00.83934+00","f","f","f","366.996156","Oh. Circ. Ct., Richland","Richland Circuit Court","Richland Circuit Court","",,,"ST","Created as part of import of Case.Law data.","ohiocirct"
"ohcirctross",,,"",,"","2023-10-03 01:24:00.846015+00","f","f","f","366.996157","Oh. Circ. Ct., Ross","Ross Circuit Court","Ross Circuit Court","",,,"ST","Created as part of import of Case.Law data.","ohiocirct"
"ohcirctsandusky",,,"",,"","2023-10-03 01:24:00.859311+00","f","f","f","366.996158","Oh. Circ. Ct., Sandusky","Sandusky Circuit Court","Sandusky Circuit Court","",,,"ST","Created as part of import of Case.Law data.","ohiocirct"
"ohcirctscioto",,,"",,"","2023-10-03 01:24:00.879261+00","f","f","f","366.996159","Oh. Circ. Ct., Scioto","Scioto Circuit Court","Scioto Circuit Court","",,,"ST","Created as part of import of Case.Law data.","ohiocirct"
"ohcirctseneca",,,"",,"","2023-10-03 01:24:00.89343+00","f","f","f","366.99616","Oh. Circ. Ct., Seneca","Seneca Circuit Court","Seneca Circuit Court","",,,"ST","Created as part of import of Case.Law data.","ohiocirct"
"ohcirctshelby",,,"",,"","2023-10-03 01:24:00.915264+00","f","f","f","366.996161","Oh. Circ. Ct., Shelby","Shelby Circuit Court","Shelby Circuit Court","",,,"ST","Created as part of import of Case.Law data.","ohiocirct"
"ohcirctstark",,,"",,"","2023-10-03 01:24:00.924937+00","f","f","f","366.996162","Oh. Circ. Ct., Stark","Stark Circuit Court","Stark Circuit Court","",,,"ST","Created as part of import of Case.Law data.","ohiocirct"
"ohcirctsummit",,,"",,"","2023-10-03 01:24:00.935245+00","f","f","f","366.996163","Oh. Circ. Ct., Summit","Summit Circuit Court","Summit Circuit Court","",,,"ST","Created as part of import of Case.Law data.","ohiocirct"
"ohcircttaggart",,,"",,"","2023-10-03 01:24:00.949016+00","f","f","f","366.996164","Oh. Circ. Ct., Taggart","Taggart Circuit Court","Taggart Circuit Court","",,,"ST","Created as part of import of Case.Law data.","ohiocirct"
"ohcircttrumbull",,,"",,"","2023-10-03 01:24:00.960448+00","f","f","f","366.996165","Oh. Circ. Ct., Trumbull","Trumbull Circuit Court","Trumbull Circuit Court","",,,"ST","Created as part of import of Case.Law data.","ohiocirct"
"ohcircttuscaraw",,,"",,"","2023-10-03 01:24:00.971373+00","f","f","f","366.996166","Oh. Circ. Ct., Tuscarawas","Tuscarawas Circuit Court","Tuscarawas Circuit Court","",,,"ST","Created as part of import of Case.Law data.","ohiocirct"
"ohcirctunion",,,"",,"","2023-10-03 01:24:00.982938+00","f","f","f","366.9961664","Oh. Circ. Ct., Union","Union County Circuit Court","Union County Circuit Court","",,,"ST","","ohiocirct"
"ohcirctvanwert",,,"",,"","2023-10-03 01:24:00.992997+00","f","f","f","366.996167","Oh. Circ. Ct., Van Wert","Van Wert Circuit Court","Van Wert Circuit Court","",,,"ST","Created as part of import of Case.Law data.","ohiocirct"
"ohcirctvinton",,,"",,"","2023-10-03 01:24:01.007615+00","f","f","f","366.996168","Oh. Circ. Ct., Vinton","Vinton County Circuit Court","Vinton County Circuit Court","",,,"ST","Created as part of import of Case.Law data.","ohiocirct"
"ohcirctwarren",,,"",,"","2023-10-03 01:24:01.027155+00","f","f","f","366.9961685","Oh. Circ. Ct., Warren","Warren Circuit Court","Warren Circuit Court","",,,"ST","","ohiocirct"
"ohcirctwayne",,,"",,"","2023-10-03 01:24:01.040321+00","f","f","f","366.996169","Oh. Circ. Ct., Wayne","Wayne Circuit Court","Wayne Circuit Court","",,,"ST","Created as part of import of Case.Law data.","ohiocirct"
"ohcirctwilliams",,,"",,"","2023-10-03 01:24:01.055298+00","f","f","f","366.99617","Oh. Circ. Ct., Williams","Williams Circuit Court","Williams Circuit Court","",,,"ST","Created as part of import of Case.Law data.","ohiocirct"
"ohcirctwood",,,"",,"","2023-10-03 01:24:01.071433+00","f","f","f","366.996171","Oh. Circ. Ct., Wood","Wood Circuit Court","Wood Circuit Court","",,,"ST","Created as part of import of Case.Law data.","ohiocirct"
"ohcirctwyandot",,,"",,"","2023-10-03 01:24:01.083718+00","f","f","f","366.996172","Oh. Circ. Ct., Wyandot","Wyandot Circuit Court","Wyandot Circuit Court","",,,"ST","Created as part of import of Case.Law data.","ohiocirct"
"ohcirctwyandott",,,"",,"","2023-10-03 01:24:01.095053+00","f","f","f","366.996173","Oh. Circ. Ct., Wyandotte","Wyandotte County Circuit Court","Wyandotte County Circuit Court","",,,"ST","Created as part of import of Case.Law data.","ohiocirct"
"ohioctyctashtab",,,"",,"","2023-10-03 01:24:01.112467+00","f","f","f","366.9961745","","Ashtabula County Courts, Ohio","Ashtabula County Courts, Ohio","",,,"ST","","ohiocountyct"
"ohioctyctbelmon",,,"",,"","2023-10-03 01:24:01.127459+00","f","f","f","366.9961747","","Belmont County Courts, Ohio","Belmont County Courts, Ohio","",,,"ST","","ohiocountyct"
"ohioctyctbrown",,,"",,"","2023-10-03 01:24:01.13941+00","f","f","f","366.996175","","Brown County Courts, Ohio","Brown County Courts, Ohio","",,,"ST","Created as part of import of Case.Law data.","ohiocountyct"
"ohioctyctbutler",,,"",,"","2023-10-03 01:24:01.151311+00","f","f","f","366.996176","","Butler County Courts, Ohio","Butler County Courts, Ohio","",,,"ST","Created as part of import of Case.Law data.","ohiocountyct"
"ohioctyctclark",,,"",,"","2023-10-03 01:24:01.167789+00","f","f","f","366.996177","","Clark County Court, Ohio","Clark County Court, Ohio","",,,"ST","Created as part of import of Case.Law data.","ohiocountyct"
"ohioctyctcolum",,,"",,"","2023-10-03 01:24:01.17931+00","f","f","f","366.996178","","Columbiana County Courts, Ohio","Columbiana County Courts, Ohio","",,,"ST","Created as part of import of Case.Law data.","ohiocountyct"
"ohioctyctcosh",,,"",,"","2023-10-03 01:24:01.187534+00","f","f","f","366.996179","","Coshocton County Court, Ohio","Coshocton County Court, Ohio","",,,"ST","Created as part of import of Case.Law data.","ohiocountyct"
"ohioctyctfrank",,,"",,"","2023-10-03 01:24:01.199294+00","f","f","f","366.99618","","Franklin County Courts, Ohio","Franklin County Courts, Ohio","",,,"ST","Created as part of import of Case.Law data.","ohiocountyct"
"ohioctyctharris",,,"",,"","2023-10-03 01:24:01.219248+00","f","f","f","366.996181","","Harrison County Court, Ohio","Harrison County Court, Ohio","",,,"ST","Created as part of import of Case.Law data.","ohiocountyct"
"ohioctycthighla",,,"",,"","2023-10-03 01:24:01.237205+00","f","f","f","366.9961815","","Highland County Court, Ohio","Highland County Court, Ohio","",,,"ST","","ohiocountyct"
"ohioctyctmahoni",,,"",,"","2023-10-03 01:24:01.256313+00","f","f","f","366.9961817","","Mahoning County Courts, Ohio","Mahoning County Courts, Ohio","",,,"ST","","ohiocountyct"
"ohioctyctmuskin",,,"",,"","2023-10-03 01:24:01.275309+00","f","f","f","366.9961819","","Muskingum County Court, Ohio","Muskingum County Court, Ohio","",,,"ST","","ohiocountyct"
"ohioctyctmonroe",,,"",,"","2023-10-03 01:24:01.291266+00","f","f","f","366.996182","","Monroe County Court, Ohio","Monroe County Court, Ohio","",,,"ST","Created as part of import of Case.Law data.","ohiocountyct"
"ohioctyctpauldi",,,"",,"","2023-10-03 01:24:01.305543+00","f","f","f","366.996183","","Paulding County Court, Ohio","Paulding County Court, Ohio","",,,"ST","Created as part of import of Case.Law data.","ohiocountyct"
"ohioctyctperry",,,"",,"","2023-10-03 01:24:01.323151+00","f","f","f","366.9961834","","Perry County Court, Ohio","Perry County Court, Ohio","",,,"ST","","ohiocountyct"
"ohioctyctpike",,,"",,"","2023-10-03 01:24:01.339302+00","f","f","f","366.9961836","","Pike County Court, Ohio","Pike County Court, Ohio","",,,"ST","","ohiocountyct"
"ohioctyctstark",,,"",,"","2023-10-03 01:24:01.355306+00","f","f","f","366.996184","","Stark County Courts, Ohio","Stark County Courts, Ohio","",,,"ST","Created as part of import of Case.Law data.","ohiocountyct"
"ohioctycttrumbu",,,"",,"","2023-10-03 01:24:01.371671+00","f","f","f","366.9961842","","Trumbull County Courts, Ohio","Trumbull County Courts, Ohio","",,,"ST","","ohiocountyct"
"ohctcompladams",,,"",,"","2023-10-03 01:24:01.387315+00","f","f","f","366.99618505","Oh. Ct. Com. Pl., Adams","Adams County Court of Common Pleas","Adams County Court of Common Pleas","",,,"ST","","ohioctcompl"
"ohctcomplallen",,,"",,"","2023-10-03 01:24:01.401772+00","f","f","f","366.9961851","Oh. Ct. Com. Pl., Allen","Allen County Court of Common Pleas","Allen County Court of Common Pleas","",,,"ST","Created as part of import of Case.Law data.","ohioctcompl"
"ohctcomplashlan",,,"",,"","2023-10-03 01:24:01.407869+00","f","f","f","366.9961852","Oh. Ct. Com. Pl., Ashland","Ashland County Court of Common Pleas","Ashland County Court of Common Pleas","",,,"ST","Created as part of import of Case.Law data.","ohioctcompl"
"ohctcomplashtab",,,"",,"","2023-10-03 01:24:01.414253+00","f","f","f","366.996186","Oh. Ct. Com. Pl., Ashtabula","Ashtabula County Court of Common Pleas","Ashtabula County Court of Common Pleas","",,,"ST","Created as part of import of Case.Law data.","ohioctcompl"
"ohctcomplathens",,,"",,"","2023-10-03 01:24:01.420737+00","f","f","f","366.996187","Oh. Ct. Com. Pl., Athens","Athens County Court of Common Pleas","Athens County Court of Common Pleas","",,,"ST","Created as part of import of Case.Law data.","ohioctcompl"
"ohctcomplauglai",,,"",,"","2023-10-03 01:24:01.42773+00","f","f","f","366.996188","Oh. Ct. Com. Pl., Auglaize","Auglaize County Court of Common Pleas","Auglaize County Court of Common Pleas","",,,"ST","Created as part of import of Case.Law data.","ohioctcompl"
"ohctcomplbelmon",,,"",,"","2023-10-03 01:24:01.443148+00","f","f","f","366.996189","Oh. Ct. Com. Pl., Belmont","Belmont County Court of Common Pleas","Belmont County Court of Common Pleas","",,,"ST","Created as part of import of Case.Law data.","ohioctcompl"
"ohctcomplboss",,,"",,"","2023-10-03 01:24:01.456827+00","f","f","f","366.99619","Oh. Ct. Com. Pl., Boss","Boss County Court of Common Pleas","Boss County Court of Common Pleas","",,,"ST","Created as part of import of Case.Law data.","ohioctcompl"
"ohctcomplbrown",,,"",,"","2023-10-03 01:24:01.462851+00","f","f","f","366.996191","Oh. Ct. Com. Pl., Brown","Brown County Court of Common Pleas","Brown County Court of Common Pleas","",,,"ST","Created as part of import of Case.Law data.","ohioctcompl"
"ohctcomplbutler",,,"",,"","2023-10-03 01:24:01.469602+00","f","f","f","366.9961915","Oh. Ct. Com. Pl., Butler","Butler County Court of Common Pleas","Butler County Court of Common Pleas","",,,"ST","","ohioctcompl"
"ohctcomplcarrol",,,"",,"","2023-10-03 01:24:01.479338+00","f","f","f","366.996192","Oh. Ct. Com. Pl., Carroll","Carroll County Court of Common Pleas","Carroll County Court of Common Pleas","",,,"ST","Created as part of import of Case.Law data.","ohioctcompl"
"ohctcomplchampa",,,"",,"","2023-10-03 01:24:01.492952+00","f","f","f","366.996193","Oh. Ct. Com. Pl., Champaign","Champaign County Court of Common Pleas","Champaign County Court of Common Pleas","",,,"ST","Created as part of import of Case.Law data.","ohioctcompl"
"ohctcomplclark",,,"",,"","2023-10-03 01:24:01.500905+00","f","f","f","366.996194","Oh. Ct. Com. Pl., Clark","Clark County Court of Common Pleas","Clark County Court of Common Pleas","",,,"ST","Created as part of import of Case.Law data.","ohioctcompl"
"ohctcomplclarke",,,"",,"","2023-10-03 01:24:01.515507+00","f","f","f","366.996195","Oh. Ct. Com. Pl., Clarke","Clarke County Court of Common Pleas","Clarke County Court of Common Pleas","",,,"ST","Created as part of import of Case.Law data.","ohioctcompl"
"ohctcomplclermo",,,"",,"","2023-10-03 01:24:01.53153+00","f","f","f","366.996196","Oh. Ct. Com. Pl., Clermont","Clermont County Court of Common Pleas","Clermont County Court of Common Pleas","",,,"ST","Created as part of import of Case.Law data.","ohioctcompl"
"ohctcomplclinto",,,"",,"","2023-10-03 01:24:01.547248+00","f","f","f","366.9961965","Oh. Ct. Com. Pl., Clinton","Clinton County Court of Common Pleas","Clinton County Court of Common Pleas","",,,"ST","","ohioctcompl"
"ohctcomplcolumb",,,"",,"","2023-10-03 01:24:01.567586+00","f","f","f","366.996197","Oh. Ct. Com. Pl., Columbiana","Columbiana County Court of Common Pleas","Columbiana County Court of Common Pleas","",,,"ST","Created as part of import of Case.Law data.","ohioctcompl"
"ohctcomplcoshoc",,,"",,"","2023-10-03 01:24:01.577068+00","f","f","f","366.996198","Oh. Ct. Com. Pl., Coshocton","Coshocton County Court of Common Pleas","Coshocton County Court of Common Pleas","",,,"ST","Created as part of import of Case.Law data.","ohioctcompl"
"ohctcomplcrawfo",,,"",,"","2023-10-03 01:24:01.587174+00","f","f","f","366.9961985","Oh. Ct. Com. Pl., Crawford","Crawford County Court of Common Pleas","Crawford County Court of Common Pleas","",,,"ST","","ohioctcompl"
"ohctcomplcuyaho",,,"",,"","2023-10-03 01:24:01.598099+00","f","f","f","366.996199","Oh. Ct. Com. Pl., Cuyahoga","Cuyahoga County Common Pleas Court","Cuyahoga County Common Pleas Court","",,,"ST","Created as part of import of Case.Law data.","ohioctcompl"
"ohctcompldarke",,,"",,"","2023-10-03 01:24:01.604459+00","f","f","f","366.9962","Oh. Ct. Com. Pl., Darke","Darke County Court of Common Pleas","Darke County Court of Common Pleas","",,,"ST","Created as part of import of Case.Law data.","ohioctcompl"
"ohctcompldefian",,,"",,"","2023-10-03 01:24:01.614873+00","f","f","f","366.996201","Oh. Ct. Com. Pl., Defiance","Defiance County Court of Common Pleas","Defiance County Court of Common Pleas","",,,"ST","Created as part of import of Case.Law data.","ohioctcompl"
"ohctcompldelawa",,,"",,"","2023-10-03 01:24:01.62769+00","f","f","f","366.9962015","Oh. Ct. Com. Pl., Delaware","Delaware County Court of Common Pleas","Delaware County Court of Common Pleas","",,,"ST","","ohioctcompl"
"ohctcomplerie",,,"",,"","2023-10-03 01:24:01.64276+00","f","f","f","366.9962016","Oh. Ct. Com. Pl., Erie","Erie County Court of Common Pleas","Erie County Court of Common Pleas","",,,"ST","","ohioctcompl"
"ohctcomplfairfi",,,"",,"","2023-10-03 01:24:01.649664+00","f","f","f","366.996202","Oh. Ct. Com. Pl., Fairfield","Fairfield County Court of Common Pleas","Fairfield County Court of Common Pleas","",,,"ST","Created as part of import of Case.Law data.","ohioctcompl"
"ohctcomplfayett",,,"",,"","2023-10-03 01:24:01.667283+00","f","f","f","366.9962025","Oh. Ct. Com. Pl., Fayette","Fayette County Court of Common Pleas","Fayette County Court of Common Pleas","",,,"ST","","ohioctcompl"
"ohctcomplfulton",,,"",,"","2023-10-03 01:24:01.679215+00","f","f","f","366.9962026","Oh. Ct. Com. Pl., Fulton","Fulton County Court of Common Pleas","Fulton County Court of Common Pleas","",,,"ST","","ohioctcompl"
"ohctcomplfrankl",,,"",,"","2023-10-03 01:24:01.691216+00","f","f","f","366.996203","Oh. Ct. Com. Pl., Franklin  Civil Division","Court of Common Pleas of Ohio, Franklin County, Civil Division","Court of Common Pleas of Ohio, Franklin County, Civil Division","",,,"ST","Created as part of import of Case.Law data.","ohioctcompl"
"ohctcomplgalia",,,"",,"","2023-10-03 01:24:01.707249+00","f","f","f","366.996204","Oh. Ct. Com. Pl., Galia","Galia County Court of Common Pleas","Galia County Court of Common Pleas","",,,"ST","Created as part of import of Case.Law data.","ohioctcompl"
"ohctcomplgallia",,,"",,"","2023-10-03 01:24:01.731157+00","f","f","f","366.996205","Oh. Ct. Com. Pl., Gallia","Gallia County Court of Common Pleas","Gallia County Court of Common Pleas","",,,"ST","Created as part of import of Case.Law data.","ohioctcompl"
"ohctcomplgeauga",,,"",,"","2023-10-03 01:24:01.737753+00","f","f","f","366.996206","Oh. Ct. Com. Pl., Geauga","Geauga County Court of Common Pleas","Geauga County Court of Common Pleas","",,,"ST","Created as part of import of Case.Law data.","ohioctcompl"
"ohctcomplgreen",,,"",,"","2023-10-03 01:24:01.755255+00","f","f","f","366.9962065","Oh. Ct. Com. Pl., Green","Green County Court of Common Pleas","Green County Court of Common Pleas","",,,"ST","","ohioctcompl"
"ohctcomplgreene",,,"",,"","2023-10-03 01:24:01.771149+00","f","f","f","366.9962066","Oh. Ct. Com. Pl., Greene","Greene County Court of Common Pleas","Greene County Court of Common Pleas","",,,"ST","","ohioctcompl"
"ohctcomplguerns",,,"",,"","2023-10-03 01:24:01.787163+00","f","f","f","366.996207","Oh. Ct. Com. Pl., Guernsey","Guernsey County Court of Common Pleas","Guernsey County Court of Common Pleas","",,,"ST","Created as part of import of Case.Law data.","ohioctcompl"
"ohctcomplhamilt",,,"",,"","2023-10-03 01:24:01.793677+00","f","f","f","366.996208","Oh. Ct. Com. Pl., Hamilton","Court of Common Pleas of Ohio, Hamilton County","Court of Common Pleas of Ohio, Hamilton County","",,,"ST","Created as part of import of Case.Law data.","ohioctcompl"
"ohctcomplhancoc",,,"",,"","2023-10-03 01:24:01.807137+00","f","f","f","366.996209","Oh. Ct. Com. Pl., Hancock","Hancock County Court of Common Pleas","Hancock County Court of Common Pleas","",,,"ST","Created as part of import of Case.Law data.","ohioctcompl"
"ohctcomplhardin",,,"",,"","2023-10-03 01:24:01.823208+00","f","f","f","366.99621","Oh. Ct. Com. Pl., Hardin","Hardin County Court of Common Pleas","Hardin County Court of Common Pleas","",,,"ST","Created as part of import of Case.Law data.","ohioctcompl"
"ohctcomplharris",,,"",,"","2023-10-03 01:24:01.834152+00","f","f","f","366.996211","Oh. Ct. Com. Pl., Harrison","Harrison County Court of Common Pleas","Harrison County Court of Common Pleas","",,,"ST","Created as part of import of Case.Law data.","ohioctcompl"
"ohctcomplhenry",,,"",,"","2023-10-03 01:24:01.843688+00","f","f","f","366.996212","Oh. Ct. Com. Pl., Henry","Henry County Court of Common Pleas","Henry County Court of Common Pleas","",,,"ST","Created as part of import of Case.Law data.","ohioctcompl"
"ohctcomplhighla",,,"",,"","2023-10-03 01:24:01.850291+00","f","f","f","366.996213","Oh. Ct. Com. Pl., Highland","Highland County Court of Common Pleas","Highland County Court of Common Pleas","",,,"ST","Created as part of import of Case.Law data.","ohioctcompl"
"ohctcomplhockin",,,"",,"","2023-10-03 01:24:01.863259+00","f","f","f","366.996214","Oh. Ct. Com. Pl., Hocking","Hocking County Court of Common Pleas","Hocking County Court of Common Pleas","",,,"ST","Created as part of import of Case.Law data.","ohioctcompl"
"ohctcomplholmes",,,"",,"","2023-10-03 01:24:01.870257+00","f","f","f","366.996215","Oh. Ct. Com. Pl., Holmes","Holmes County Court of Common Pleas","Holmes County Court of Common Pleas","",,,"ST","Created as part of import of Case.Law data.","ohioctcompl"
"ohctcomplhuron",,,"",,"","2023-10-03 01:24:01.88096+00","f","f","f","366.996216","Oh. Ct. Com. Pl., Huron","Huron County Court of Common Pleas","Huron County Court of Common Pleas","",,,"ST","Created as part of import of Case.Law data.","ohioctcompl"
"ohctcompljackso",,,"",,"","2023-10-03 01:24:01.88875+00","f","f","f","366.996217","Oh. Ct. Com. Pl., Jackson","Jackson County Court of Common Pleas","Jackson County Court of Common Pleas","",,,"ST","Created as part of import of Case.Law data.","ohioctcompl"
"ohctcompljeffer",,,"",,"","2023-10-03 01:24:01.907244+00","f","f","f","366.9962175","Oh. Ct. Com. Pl., Jefferson","Jefferson County Court of Common Pleas","Jefferson County Court of Common Pleas","",,,"ST","","ohioctcompl"
"ohctcomplknox",,,"",,"","2023-10-03 01:24:01.921257+00","f","f","f","366.996218","Oh. Ct. Com. Pl., Knox","Knox County Court of Common Pleas","Knox County Court of Common Pleas","",,,"ST","Created as part of import of Case.Law data.","ohioctcompl"
"ohctcompllake",,,"",,"","2023-10-03 01:24:01.934696+00","f","f","f","366.996219","Oh. Ct. Com. Pl., Lake","Lake County Court of Common Pleas","Lake County Court of Common Pleas","",,,"ST","Created as part of import of Case.Law data.","ohioctcompl"
"ohctcompllawren",,,"",,"","2023-10-03 01:24:01.947233+00","f","f","f","366.99622","Oh. Ct. Com. Pl., Lawrence","Lawrence County Common Pleas Court","Lawrence County Common Pleas Court","",,,"ST","Created as part of import of Case.Law data.","ohioctcompl"
"ohctcompllickin",,,"",,"","2023-10-03 01:24:01.963229+00","f","f","f","366.996221","Oh. Ct. Com. Pl., Licking","Licking County Court of Common Pleas","Licking County Court of Common Pleas","",,,"ST","Created as part of import of Case.Law data.","ohioctcompl"
"ohctcompllogan",,,"",,"","2023-10-03 01:24:01.979272+00","f","f","f","366.996222","Oh. Ct. Com. Pl., Logan","Logan County Court of Common Pleas","Logan County Court of Common Pleas","",,,"ST","Created as part of import of Case.Law data.","ohioctcompl"
"ohctcompllorain",,,"",,"","2023-10-03 01:24:01.999224+00","f","f","f","366.996223","Oh. Ct. Com. Pl., Lorain","Lorain County Court of Common Pleas","Lorain County Court of Common Pleas","",,,"ST","Created as part of import of Case.Law data.","ohioctcompl"
"ohctcompllucas",,,"",,"","2023-10-03 01:24:02.00824+00","f","f","f","366.996224","Oh. Ct. Com. Pl., Lucas","Lucas County Court of Common Pleas","Lucas County Court of Common Pleas","",,,"ST","Created as part of import of Case.Law data.","ohioctcompl"
"ohctcomplmadiso",,,"",,"","2023-10-03 01:24:02.014814+00","f","f","f","366.996225","Oh. Ct. Com. Pl., Madison","Madison County Court of Common Pleas","Madison County Court of Common Pleas","",,,"ST","Created as part of import of Case.Law data.","ohioctcompl"
"ohctcomplmahoni",,,"",,"","2023-10-03 01:24:02.039388+00","f","f","f","366.996226","Oh. Ct. Com. Pl., Mahoning","Mahoning County Court of Common Pleas","Mahoning County Court of Common Pleas","",,,"ST","Created as part of import of Case.Law data.","ohioctcompl"
"ohctcomplmarion",,,"",,"","2023-10-03 01:24:02.05121+00","f","f","f","366.996227","Oh. Ct. Com. Pl., Marion","Marion County Court of Common Pleas","Marion County Court of Common Pleas","",,,"ST","Created as part of import of Case.Law data.","ohioctcompl"
"ohctcomplmedina",,,"",,"","2023-10-03 01:24:02.069161+00","f","f","f","366.996228","Oh. Ct. Com. Pl., Medina","Medina County Court of Common Pleas","Medina County Court of Common Pleas","",,,"ST","Created as part of import of Case.Law data.","ohioctcompl"
"ohctcomplmeigs",,,"",,"","2023-10-03 01:24:02.083103+00","f","f","f","366.996229","Oh. Ct. Com. Pl., Meigs","Meigs County Court of Common Pleas","Meigs County Court of Common Pleas","",,,"ST","Created as part of import of Case.Law data.","ohioctcompl"
"ohctcomplmercer",,,"",,"","2023-10-03 01:24:02.095263+00","f","f","f","366.9962295","Oh. Ct. Com. Pl., Mercer","Mercer County Court of Common Pleas","Mercer County Court of Common Pleas","",,,"ST","","ohioctcompl"
"ohctcomplmiami",,,"",,"","2023-10-03 01:24:02.111203+00","f","f","f","366.99623","Oh. Ct. Com. Pl., Miami","Miami County Court of Common Pleas","Miami County Court of Common Pleas","",,,"ST","Created as part of import of Case.Law data.","ohioctcompl"
"ohctcomplmonroe",,,"",,"","2023-10-03 01:24:02.124715+00","f","f","f","366.9962301","Oh. Ct. Com. Pl., Monroe","Monroe County Court of Common Pleas","Monroe County Court of Common Pleas","",,,"ST","","ohioctcompl"
"ohctcomplmontgo",,,"",,"","2023-10-03 01:24:02.135273+00","f","f","f","366.9962302","Oh. Ct. Com. Pl., Montgomery","Montgomery County Court of Common Pleas","Montgomery County Court of Common Pleas","",,,"ST","","ohioctcompl"
"ohctcomplmorgan",,,"",,"","2023-10-03 01:24:02.15482+00","f","f","f","366.996231","Oh. Ct. Com. Pl., Morgan","Morgan County Court of Common Pleas","Morgan County Court of Common Pleas","",,,"ST","Created as part of import of Case.Law data.","ohioctcompl"
"ohctcomplmorrow",,,"",,"","2023-10-03 01:24:02.167047+00","f","f","f","366.996232","Oh. Ct. Com. Pl., Morrow","Morrow County Court of Common Pleas","Morrow County Court of Common Pleas","",,,"ST","Created as part of import of Case.Law data.","ohioctcompl"
"ohctcomplmuskin",,,"",,"","2023-10-03 01:24:02.178471+00","f","f","f","366.996233","Oh. Ct. Com. Pl., Muskingum","Muskingum County Court of Common Pleas","Muskingum County Court of Common Pleas","",,,"ST","Created as part of import of Case.Law data.","ohioctcompl"
"ohctcomplnoble",,,"",,"","2023-10-03 01:24:02.195223+00","f","f","f","366.996234","Oh. Ct. Com. Pl., Noble","Noble County Court of Common Pleas","Noble County Court of Common Pleas","",,,"ST","Created as part of import of Case.Law data.","ohioctcompl"
"ohctcomplottawa",,,"",,"","2023-10-03 01:24:02.215239+00","f","f","f","366.996235","Oh. Ct. Com. Pl., Ottawa","Ottawa County Court of Common Pleas","Ottawa County Court of Common Pleas","",,,"ST","Created as part of import of Case.Law data.","ohioctcompl"
"ohctcomplpauldi",,,"",,"","2023-10-03 01:24:02.227012+00","f","f","f","366.996236","Oh. Ct. Com. Pl., Paulding","Paulding County Court of Common Pleas","Paulding County Court of Common Pleas","",,,"ST","Created as part of import of Case.Law data.","ohioctcompl"
"ohctcomplpickaw",,,"",,"","2023-10-03 01:24:02.24242+00","f","f","f","366.996237","Oh. Ct. Com. Pl., Pickaway","Pickaway County Court of Common Pleas","Pickaway County Court of Common Pleas","",,,"ST","Created as part of import of Case.Law data.","ohioctcompl"
"ohctcomplpike",,,"",,"","2023-10-03 01:24:02.248914+00","f","f","f","366.9962375","Oh. Ct. Com. Pl., Pike","Pike County Court of Common Pleas","Pike County Court of Common Pleas","",,,"ST","","ohioctcompl"
"ohctcomplportag",,,"",,"","2023-10-03 01:24:02.263425+00","f","f","f","366.996238","Oh. Ct. Com. Pl., Portage","Portage County Court of Common Pleas","Portage County Court of Common Pleas","",,,"ST","Created as part of import of Case.Law data.","ohioctcompl"
"ohctcomplpreble",,,"",,"","2023-10-03 01:24:02.279177+00","f","f","f","366.996239","Oh. Ct. Com. Pl., Preble","Preble County Court of Common Pleas","Preble County Court of Common Pleas","",,,"ST","Created as part of import of Case.Law data.","ohioctcompl"
"ohctcomplputnam",,,"",,"","2023-10-03 01:24:02.291205+00","f","f","f","366.99624","Oh. Ct. Com. Pl., Putnam","Putnam County Court of Common Pleas","Putnam County Court of Common Pleas","",,,"ST","Created as part of import of Case.Law data.","ohioctcompl"
"ohctcomplrichla",,,"",,"","2023-10-03 01:24:02.302186+00","f","f","f","366.996241","Oh. Ct. Com. Pl., Richland","Richland County Court of Common Pleas","Richland County Court of Common Pleas","",,,"ST","Created as part of import of Case.Law data.","ohioctcompl"
"ohctcomplross",,,"",,"","2023-10-03 01:24:02.319356+00","f","f","f","366.996242","Oh. Ct. Com. Pl., Ross","Ross County Court of Common Pleas","Ross County Court of Common Pleas","",,,"ST","Created as part of import of Case.Law data.","ohioctcompl"
"ohctcomplsandus",,,"",,"","2023-10-03 01:24:02.335412+00","f","f","f","366.996243","Oh. Ct. Com. Pl., Sandusky","Sandusky County Court of Common Pleas","Sandusky County Court of Common Pleas","",,,"ST","Created as part of import of Case.Law data.","ohioctcompl"
"ohctcomplscioto",,,"",,"","2023-10-03 01:24:02.351139+00","f","f","f","366.996244","Oh. Ct. Com. Pl., Scioto","Scioto County Court of Common Pleas","Scioto County Court of Common Pleas","",,,"ST","Created as part of import of Case.Law data.","ohioctcompl"
"ohctcomplseneca",,,"",,"","2023-10-03 01:24:02.359588+00","f","f","f","366.996245","Oh. Ct. Com. Pl., Seneca","Seneca County Court of Common Pleas","Seneca County Court of Common Pleas","",,,"ST","Created as part of import of Case.Law data.","ohioctcompl"
"ohctcomplshelby",,,"",,"","2023-10-03 01:24:02.371442+00","f","f","f","366.996246","Oh. Ct. Com. Pl., Shelby","Shelby County Court of Common Pleas","Shelby County Court of Common Pleas","",,,"ST","Created as part of import of Case.Law data.","ohioctcompl"
"ohctcomplstark",,,"",,"","2023-10-03 01:24:02.383232+00","f","f","f","366.996247","Oh. Ct. Com. Pl., Stark","Stark County Court of Common Pleas","Stark County Court of Common Pleas","",,,"ST","Created as part of import of Case.Law data.","ohioctcompl"
"ohmunictavonlak",,,"",,"","2023-10-03 01:24:02.841573+00","f","f","f","366.996283","Oh. Muni. Ct., Avon Lake","Avon Lake Municipal Court","Avon Lake Municipal Court","",,,"ST","Created as part of import of Case.Law data.","ohmunict"
"ohctcomplsummit",,,"",,"","2023-10-03 01:24:02.393074+00","f","f","f","366.996248","Oh. Ct. Com. Pl., Summit","Summit County Court of Common Pleas","Summit County Court of Common Pleas","",,,"ST","Created as part of import of Case.Law data.","ohioctcompl"
"ohctcompltascar",,,"",,"","2023-10-03 01:24:02.399002+00","f","f","f","366.996249","Oh. Ct. Com. Pl., Tascarawas","Tascarawas County Court of Common Pleas","Tascarawas County Court of Common Pleas","",,,"ST","Created as part of import of Case.Law data.","ohioctcompl"
"ohctcompltrumbu",,,"",,"","2023-10-03 01:24:02.415334+00","f","f","f","366.99625","Oh. Ct. Com. Pl., Trumbull","Trumbull County Court of Common Pleas","Trumbull County Court of Common Pleas","",,,"ST","Created as part of import of Case.Law data.","ohioctcompl"
"ohctcompltuscar",,,"",,"","2023-10-03 01:24:02.4236+00","f","f","f","366.996251","Oh. Ct. Com. Pl., Tuscarawas","Tuscarawas County Court of Common Pleas","Tuscarawas County Court of Common Pleas","",,,"ST","Created as part of import of Case.Law data.","ohioctcompl"
"ohctcomplunion",,,"",,"","2023-10-03 01:24:02.439221+00","f","f","f","366.9962515","Oh. Ct. Com. Pl., Union","Union County Court of Common Pleas","Union County Court of Common Pleas","",,,"ST","","ohioctcompl"
"ohctcomplvanwe",,,"",,"","2023-10-03 01:24:02.449309+00","f","f","f","366.996252","Oh. Ct. Com. Pl., Van Wert","Van Wert County Court of Common Pleas","Van Wert County Court of Common Pleas","",,,"ST","Created as part of import of Case.Law data.","ohioctcompl"
"ohctcomplvinton",,,"",,"","2023-10-03 01:24:02.463355+00","f","f","f","366.996253","Oh. Ct. Com. Pl., Vinton","Vinton County Court of Common Pleas","Vinton County Court of Common Pleas","",,,"ST","Created as part of import of Case.Law data.","ohioctcompl"
"ohctcomplwarren",,,"",,"","2023-10-03 01:24:02.474977+00","f","f","f","366.9962535","Oh. Ct. Com. Pl., Warren","Warren County Court of Common Pleas","Warren County Court of Common Pleas","",,,"ST","","ohioctcompl"
"ohctcomplwashin",,,"",,"","2023-10-03 01:24:02.495204+00","f","f","f","366.9962536","Oh. Ct. Com. Pl., Washington","Washington County Court of Common Pleas","Washington County Court of Common Pleas","",,,"ST","","ohioctcompl"
"ohctcomplwayne",,,"",,"","2023-10-03 01:24:02.511469+00","f","f","f","366.9962537","Oh. Ct. Com. Pl., Wayne","Wayne County Court of Common Pleas","Wayne County Court of Common Pleas","",,,"ST","","ohioctcompl"
"ohctcomplwillia",,,"",,"","2023-10-03 01:24:02.527554+00","f","f","f","366.996254","Oh. Ct. Com. Pl., Williams","Williams County Court of Common Pleas","Williams County Court of Common Pleas","",,,"ST","Created as part of import of Case.Law data.","ohioctcompl"
"ohctcomplwood",,,"",,"","2023-10-03 01:24:02.534173+00","f","f","f","366.996255","Oh. Ct. Com. Pl., Wood","Wood County Court of Common Pleas","Wood County Court of Common Pleas","",,,"ST","Created as part of import of Case.Law data.","ohioctcompl"
"ohctcomplwyando",,,"",,"","2023-10-03 01:24:02.543778+00","f","f","f","366.996256","Oh. Ct. Com. Pl., Wyandot","Wyandot County Court of Common Pleas","Wyandot County Court of Common Pleas","",,,"ST","Created as part of import of Case.Law data.","ohioctcompl"
"ohjuvctallen",,,"",,"","2023-10-03 01:24:02.556854+00","f","f","f","366.996258","Oh. Juv. Ct., Allen","Allen County Juvenile Court","Allen County Juvenile Court","",,,"ST","Created as part of import of Case.Law data.","ohjuvct"
"ohjuvctcolumbia",,,"",,"","2023-10-03 01:24:02.569261+00","f","f","f","366.996259","Oh. Juv. Ct., Columbiana","Columbiana County Juvenile Court","Columbiana County Juvenile Court","",,,"ST","Created as part of import of Case.Law data.","ohjuvct"
"ohjuvctcuyahoga",,,"",,"","2023-10-03 01:24:02.578619+00","f","f","f","366.99626","Oh. Juv. Ct., Cuyahoga","Cuyahoga County Juvenile Court","Cuyahoga County Juvenile Court","",,,"ST","Created as part of import of Case.Law data.","ohjuvct"
"ohjuvctgreene",,,"",,"","2023-10-03 01:24:02.599238+00","f","f","f","366.996261","Oh. Juv. Ct., Greene","Greene County Juvenile Court","Greene County Juvenile Court","",,,"ST","Created as part of import of Case.Law data.","ohjuvct"
"ohjuvcthamilton",,,"",,"","2023-10-03 01:24:02.612572+00","f","f","f","366.996262","Oh. Juv. Ct., Hamilton","Hamilton County Juvenile Court","Hamilton County Juvenile Court","",,,"ST","Created as part of import of Case.Law data.","ohjuvct"
"ohjuvcthuron",,,"",,"","2023-10-03 01:24:02.618459+00","f","f","f","366.996263","Oh. Juv. Ct., Huron","Huron County Juvenile Court","Huron County Juvenile Court","",,,"ST","Created as part of import of Case.Law data.","ohjuvct"
"ohjuvctlicking",,,"",,"","2023-10-03 01:24:02.627491+00","f","f","f","366.996264","Oh. Juv. Ct., Licking","Licking County Juvenile Court","Licking County Juvenile Court","",,,"ST","Created as part of import of Case.Law data.","ohjuvct"
"ohjuvctlucas",,,"",,"","2023-10-03 01:24:02.634924+00","f","f","f","366.996265","Oh. Juv. Ct., Lucas","Lucas County Juvenile Court","Lucas County Juvenile Court","",,,"ST","Created as part of import of Case.Law data.","ohjuvct"
"ohjuvctmarion",,,"",,"","2023-10-03 01:24:02.655265+00","f","f","f","366.996266","Oh. Juv. Ct., Marion","Marion County Juvenile Court","Marion County Juvenile Court","",,,"ST","Created as part of import of Case.Law data.","ohjuvct"
"ohjuvctmuskingu",,,"",,"","2023-10-03 01:24:02.676589+00","f","f","f","366.996267","Oh. Juv. Ct., Muskingum","Muskingum County Juvenile Court","Muskingum County Juvenile Court","",,,"ST","Created as part of import of Case.Law data.","ohjuvct"
"ohjuvctnoble",,,"",,"","2023-10-03 01:24:02.685796+00","f","f","f","366.996268","Oh. Juv. Ct., Noble","Noble County Juvenile Court","Noble County Juvenile Court","",,,"ST","Created as part of import of Case.Law data.","ohjuvct"
"ohjuvctpreble",,,"",,"","2023-10-03 01:24:02.692276+00","f","f","f","366.996269","Oh. Juv. Ct., Preble","Preble County Juvenile Court","Preble County Juvenile Court","",,,"ST","Created as part of import of Case.Law data.","ohjuvct"
"ohjuvcttuscaraw",,,"",,"","2023-10-03 01:24:02.703922+00","f","f","f","366.99627","Oh. Juv. Ct., Tuscarawas","Tuscarawas County Juvenile Court","Tuscarawas County Juvenile Court","",,,"ST","Created as part of import of Case.Law data.","ohjuvct"
"ohjuvctwarren",,,"",,"","2023-10-03 01:24:02.718325+00","f","f","f","366.996271","Oh. Juv. Ct., Warren","Warren County Juvenile Court","Warren County Juvenile Court","",,,"ST","Created as part of import of Case.Law data.","ohjuvct"
"ohjuvctwayne",,,"",,"","2023-10-03 01:24:02.735181+00","f","f","f","366.996272","Oh. Juv. Ct., Wayne","Wayne County Juvenile Court","Wayne County Juvenile Court","",,,"ST","Created as part of import of Case.Law data.","ohjuvct"
"ohmayorctcinci",,,"",,"","2023-10-03 01:24:02.747295+00","f","f","f","366.996274","Oh. Mayor Ct., Cincinnati","Cincinnati Police Court","Cincinnati Police Court","",,,"ST","Created as part of import of Case.Law data.","ohmayorct"
"ohmayorctclev",,,"",,"","2023-10-03 01:24:02.761961+00","f","f","f","366.996275","Oh. Mayor Ct., Cleveland","Cleveland Police Court","Cleveland Police Court","",,,"ST","Created as part of import of Case.Law data.","ohmayorct"
"ohmayorctcolum",,,"",,"","2023-10-03 01:24:02.775188+00","f","f","f","366.996276","Oh. Mayor Ct., Columbus","Columbus Police Court","Columbus Police Court","",,,"ST","Created as part of import of Case.Law data.","ohmayorct"
"ohmunictakron",,,"",,"","2023-10-03 01:24:02.791165+00","f","f","f","366.996278","Oh. Muni. Ct., Akron","Akron Municipal Court","Akron Municipal Court","",,,"ST","Created as part of import of Case.Law data.","ohmunict"
"ohmunictashland",,,"",,"","2023-10-03 01:24:02.813502+00","f","f","f","366.996279","Oh. Muni. Ct., Ashland","Ashland Municipal Court","Ashland Municipal Court","",,,"ST","Created as part of import of Case.Law data.","ohmunict"
"ohmunictashtabu",,,"",,"","2023-10-03 01:24:02.820718+00","f","f","f","366.99628","Oh. Muni. Ct., Ashtabula","Ashtabula Municipal Court","Ashtabula Municipal Court","",,,"ST","Created as part of import of Case.Law data.","ohmunict"
"ohmunictathens",,,"",,"","2023-10-03 01:24:02.827083+00","f","f","f","366.996281","Oh. Muni. Ct., Athens","Athens County Municipal Court","Athens County Municipal Court","",,,"ST","Created as part of import of Case.Law data.","ohmunict"
"ohmunictauglaiz",,,"",,"","2023-10-03 01:24:02.835486+00","f","f","f","366.996282","Oh. Muni. Ct., Auglaize","Auglaize County Municipal Court","Auglaize County Municipal Court","",,,"ST","Created as part of import of Case.Law data.","ohmunict"
"pactcomplcambri",,,"",,"","2023-10-03 01:24:05.287219+00","f","f","f","367.271011","","Cambria County Court of Common Pleas","Pennsylvania Court of Common Pleas, Cambria County","",,,"ST","","pactcompl"
"ohmunictbarbert",,,"",,"","2023-10-03 01:24:02.851248+00","f","f","f","366.996284","Oh. Muni. Ct., Barberton","Barberton Municipal Court","Barberton Municipal Court","",,,"ST","Created as part of import of Case.Law data.","ohmunict"
"ohmunictbedford",,,"",,"","2023-10-03 01:24:02.867235+00","f","f","f","366.996285","Oh. Muni. Ct., Bedford","Bedford Municipal Court","Bedford Municipal Court","",,,"ST","Created as part of import of Case.Law data.","ohmunict"
"ohmunictbellefo",,,"",,"","2023-10-03 01:24:02.880653+00","f","f","f","366.996286","Oh. Muni. Ct., Bellefontaine","Bellefontaine Municipal Court","Bellefontaine Municipal Court","",,,"ST","Created as part of import of Case.Law data.","ohmunict"
"ohmunictberea",,,"",,"","2023-10-03 01:24:02.895133+00","f","f","f","366.996287","Oh. Muni. Ct., Berea","Berea Municipal Court","Berea Municipal Court","",,,"ST","Created as part of import of Case.Law data.","ohmunict"
"ohmunictbowling",,,"",,"","2023-10-03 01:24:02.911142+00","f","f","f","366.996288","Oh. Muni. Ct., Bowling Green","Bowling Green County Municipal Court","Bowling Green County Municipal Court","",,,"ST","Created as part of import of Case.Law data.","ohmunict"
"ohmunictcanton",,,"",,"","2023-10-03 01:24:02.925877+00","f","f","f","366.996289","Oh. Muni. Ct., Canton","Canton Municipal Court","Canton Municipal Court","",,,"ST","Created as part of import of Case.Law data.","ohmunict"
"ohmunictcelina",,,"",,"","2023-10-03 01:24:02.943123+00","f","f","f","366.99629","Oh. Muni. Ct., Celina","Celina Municipal Court","Celina Municipal Court","",,,"ST","Created as part of import of Case.Law data.","ohmunict"
"ohmunictchardon",,,"",,"","2023-10-03 01:24:02.959183+00","f","f","f","366.996291","Oh. Muni. Ct., Chardon","Chardon Municipal Court","Chardon Municipal Court","",,,"ST","Created as part of import of Case.Law data.","ohmunict"
"ohmunictchillic",,,"",,"","2023-10-03 01:24:02.969061+00","f","f","f","366.996292","Oh. Muni. Ct., Chillicothe","Chillicothe Municipal Court","Chillicothe Municipal Court","",,,"ST","Created as part of import of Case.Law data.","ohmunict"
"ohmunictcincinn",,,"",,"","2023-10-03 01:24:02.977659+00","f","f","f","366.996293","Oh. Muni. Ct., Cincinnati","Cincinnati Municipal Court","Cincinnati Municipal Court","",,,"ST","Created as part of import of Case.Law data.","ohmunict"
"ohmunictcirclev",,,"",,"","2023-10-03 01:24:02.995389+00","f","f","f","366.996294","Oh. Muni. Ct., Circleville","Circleville Municipal Court","Circleville Municipal Court","",,,"ST","Created as part of import of Case.Law data.","ohmunict"
"ohmunictclark",,,"",,"","2023-10-03 01:24:03.011339+00","f","f","f","366.996295","Oh. Muni. Ct., Clark","Clark County Municipal Court","Clark County Municipal Court","",,,"ST","Created as part of import of Case.Law data.","ohmunict"
"ohmunictclermon",,,"",,"","2023-10-03 01:24:03.022208+00","f","f","f","366.996296","Oh. Muni. Ct., Clermont","Clermont County Municipal Court","Clermont County Municipal Court","",,,"ST","Created as part of import of Case.Law data.","ohmunict"
"ohmunictclevela",,,"",,"","2023-10-03 01:24:03.035453+00","f","f","f","366.996297","Oh. Muni. Ct., Cleveland","City of Cleveland Municipal Court","City of Cleveland Municipal Court","",,,"ST","Created as part of import of Case.Law data.","ohmunict"
"ohmunictcolumbu",,,"",,"","2023-10-03 01:24:03.059733+00","f","f","f","366.996298","Oh. Muni. Ct., Columbus","City of Columbus Municipal Court","City of Columbus Municipal Court","",,,"ST","Created as part of import of Case.Law data.","ohmunict"
"ohmunictcrawfor",,,"",,"","2023-10-03 01:24:03.072954+00","f","f","f","366.996299","Oh. Muni. Ct., Crawford","Crawford County Municipal Court","Crawford County Municipal Court","",,,"ST","Created as part of import of Case.Law data.","ohmunict"
"ohmunictcuyahog",,,"",,"","2023-10-03 01:24:03.081193+00","f","f","f","366.9963","Oh. Muni. Ct., Cuyahoga","Cuyahoga County Municipal Court","Cuyahoga County Municipal Court","",,,"ST","Created as part of import of Case.Law data.","ohmunict"
"ohmunictcuyfall",,,"",,"","2023-10-03 01:24:03.091448+00","f","f","f","366.996301","Oh. Muni. Ct., Cuyahoga","Cuyahoga Falls Municipal Court","Cuyahoga Falls Municipal Court","",,,"ST","Created as part of import of Case.Law data.","ohmunict"
"ohmunictdarke",,,"",,"","2023-10-03 01:24:03.111198+00","f","f","f","366.996302","Oh. Muni. Ct., Darke","Darke County Municipal Court","Darke County Municipal Court","",,,"ST","Created as part of import of Case.Law data.","ohmunict"
"ohmunictdayton",,,"",,"","2023-10-03 01:24:03.124706+00","f","f","f","366.996303","Oh. Muni. Ct., Dayton","City of Dayton Municipal Court","City of Dayton Municipal Court","",,,"ST","Created as part of import of Case.Law data.","ohmunict"
"ohmunicteastliv",,,"",,"","2023-10-03 01:24:03.130276+00","f","f","f","366.996304","Oh. Muni. Ct., East Liverpool","East Liverpool Municipal Court","East Liverpool Municipal Court","",,,"ST","Created as part of import of Case.Law data.","ohmunict"
"ohmunictelyria",,,"",,"","2023-10-03 01:24:03.13928+00","f","f","f","366.996305","Oh. Muni. Ct., Elyria","Elyria Municipal Court","Elyria Municipal Court","",,,"ST","Created as part of import of Case.Law data.","ohmunict"
"ohmunicteuclid",,,"",,"","2023-10-03 01:24:03.145329+00","f","f","f","366.996306","Oh. Muni. Ct., Euclid","Euclid Municipal Court","Euclid Municipal Court","",,,"ST","Created as part of import of Case.Law data.","ohmunict"
"ohmunicteuclidc",,,"",,"","2023-10-03 01:24:03.153585+00","f","f","f","366.996307","Oh. Muni. Ct., Euclid City","Euclid City Municipal Court","Euclid City Municipal Court","",,,"ST","Created as part of import of Case.Law data.","ohmunict"
"ohmunictfindlay",,,"",,"","2023-10-03 01:24:03.169513+00","f","f","f","366.996308","Oh. Muni. Ct., Findlay","Findlay Municipal Court","Findlay Municipal Court","",,,"ST","Created as part of import of Case.Law data.","ohmunict"
"ohmunictfostori",,,"",,"","2023-10-03 01:24:03.186894+00","f","f","f","366.996309","Oh. Muni. Ct., Fostoria","Fostoria Municipal Court","Fostoria Municipal Court","",,,"ST","Created as part of import of Case.Law data.","ohmunict"
"ohmunictfrankli",,,"",,"","2023-10-03 01:24:03.203196+00","f","f","f","366.99631","Oh. Muni. Ct., Franklin","Franklin County Municipal Court","Franklin County Municipal Court","",,,"ST","Created as part of import of Case.Law data.","ohmunict"
"ohmunictfremont",,,"",,"","2023-10-03 01:24:03.215554+00","f","f","f","366.996311","Oh. Muni. Ct., Fremont","Fremont Municipal Court","Fremont Municipal Court","",,,"ST","Created as part of import of Case.Law data.","ohmunict"
"ohmunictgallipo",,,"",,"","2023-10-03 01:24:03.231399+00","f","f","f","366.996312","Oh. Muni. Ct., Gallipolis","Gallipolis Municipal Court","Gallipolis Municipal Court","",,,"ST","Created as part of import of Case.Law data.","ohmunict"
"ohmunictgirard",,,"",,"","2023-10-03 01:24:03.245144+00","f","f","f","366.996313","Oh. Muni. Ct., Girard","Girard Municipal Court","Girard Municipal Court","",,,"ST","Created as part of import of Case.Law data.","ohmunict"
"ohmunicthamilto",,,"",,"","2023-10-03 01:24:03.25875+00","f","f","f","366.996314","Oh. Muni. Ct., Hamilton","Hamilton County Municipal Court","Hamilton County Municipal Court","",,,"ST","Created as part of import of Case.Law data.","ohmunict"
"ohmunicthighlan",,,"",,"","2023-10-03 01:24:03.273282+00","f","f","f","366.996315","Oh. Muni. Ct., Highland","Highland County Municipal Court","Highland County Municipal Court","",,,"ST","Created as part of import of Case.Law data.","ohmunict"
"ohmunicthocking",,,"",,"","2023-10-03 01:24:03.29124+00","f","f","f","366.996316","Oh. Muni. Ct., Hocking","Hocking County Municipal Court","Hocking County Municipal Court","",,,"ST","Created as part of import of Case.Law data.","ohmunict"
"ohmunictketteri",,,"",,"","2023-10-03 01:24:03.307157+00","f","f","f","366.996317","Oh. Muni. Ct., Kettering","Kettering Municipal Court","Kettering Municipal Court","",,,"ST","Created as part of import of Case.Law data.","ohmunict"
"ohmunictlakewoo",,,"",,"","2023-10-03 01:24:03.313412+00","f","f","f","366.996318","Oh. Muni. Ct., Lakewood","Lakewood Municipal Court","Lakewood Municipal Court","",,,"ST","Created as part of import of Case.Law data.","ohmunict"
"ohmunictlancast",,,"",,"","2023-10-03 01:24:03.327254+00","f","f","f","366.996319","Oh. Muni. Ct., Lancaster","Lancaster Municipal Court","Lancaster Municipal Court","",,,"ST","Created as part of import of Case.Law data.","ohmunict"
"ohmunictlawrenc",,,"",,"","2023-10-03 01:24:03.337616+00","f","f","f","366.99632","Oh. Muni. Ct., Lawrence","Lawrence County Municipal Court","Lawrence County Municipal Court","",,,"ST","Created as part of import of Case.Law data.","ohmunict"
"ohmunictlicking",,,"",,"","2023-10-03 01:24:03.353384+00","f","f","f","366.996321","Oh. Muni. Ct., Licking","Licking County Municipal Court","Licking County Municipal Court","",,,"ST","Created as part of import of Case.Law data.","ohmunict"
"ohmunictlima",,,"",,"","2023-10-03 01:24:03.367173+00","f","f","f","366.996322","Oh. Muni. Ct., Lima","Lima Municipal Court","Lima Municipal Court","",,,"ST","Created as part of import of Case.Law data.","ohmunict"
"ohmunictlorain",,,"",,"","2023-10-03 01:24:03.378191+00","f","f","f","366.996323","Oh. Muni. Ct., Lorain","Lorain Municipal Court","Lorain Municipal Court","",,,"ST","Created as part of import of Case.Law data.","ohmunict"
"ohmunictlucas",,,"",,"","2023-10-03 01:24:03.390395+00","f","f","f","366.996324","Oh. Muni. Ct., Lucas","Lucas County Municipal Court","Lucas County Municipal Court","",,,"ST","Created as part of import of Case.Law data.","ohmunict"
"ohmunictmansfie",,,"",,"","2023-10-03 01:24:03.400721+00","f","f","f","366.996325","Oh. Muni. Ct., Mansfield","Mansfield Municipal Court","Mansfield Municipal Court","",,,"ST","Created as part of import of Case.Law data.","ohmunict"
"ohmunictmarion",,,"",,"","2023-10-03 01:24:03.413951+00","f","f","f","366.996326","Oh. Muni. Ct., Marion","Marion County Municipal Court","Marion County Municipal Court","",,,"ST","Created as part of import of Case.Law data.","ohmunict"
"ohmunictmarysvi",,,"",,"","2023-10-03 01:24:03.435176+00","f","f","f","366.996327","Oh. Muni. Ct., Marysville","Marysville Municipal Court","Marysville Municipal Court","",,,"ST","Created as part of import of Case.Law data.","ohmunict"
"ohmunictmassill",,,"",,"","2023-10-03 01:24:03.455022+00","f","f","f","366.996328","Oh. Muni. Ct., Massillon","Massillon Municipal Court","Massillon Municipal Court","",,,"ST","Created as part of import of Case.Law data.","ohmunict"
"ohmunictmaumee",,,"",,"","2023-10-03 01:24:03.471179+00","f","f","f","366.996329","Oh. Muni. Ct., Maumee","Maumee Municipal Court","Maumee Municipal Court","",,,"ST","Created as part of import of Case.Law data.","ohmunict"
"ohmunictmedina",,,"",,"","2023-10-03 01:24:03.479861+00","f","f","f","366.99633","Oh. Muni. Ct., Medina","Medina Municipal Court","Medina Municipal Court","",,,"ST","Created as part of import of Case.Law data.","ohmunict"
"ohmunictmiamisb",,,"",,"","2023-10-03 01:24:03.486392+00","f","f","f","366.996331","Oh. Muni. Ct., Miamisburg","Miamisburg Municipal Court","Miamisburg Municipal Court","",,,"ST","Created as part of import of Case.Law data.","ohmunict"
"ohmunictmiddlet",,,"",,"","2023-10-03 01:24:03.503329+00","f","f","f","366.996332","Oh. Muni. Ct., Middletown","Middletown Municipal Court","Middletown Municipal Court","",,,"ST","Created as part of import of Case.Law data.","ohmunict"
"ohmunictmorrow",,,"",,"","2023-10-03 01:24:03.517836+00","f","f","f","366.996333","Oh. Muni. Ct., Morrow","Morrow County Municipal Court","Morrow County Municipal Court","",,,"ST","Created as part of import of Case.Law data.","ohmunict"
"ohmunictnewphil",,,"",,"","2023-10-03 01:24:03.535163+00","f","f","f","366.996334","Oh. Muni. Ct., New Philadelphia","New Philadelphia Municipal Court","New Philadelphia Municipal Court","",,,"ST","Created as part of import of Case.Law data.","ohmunict"
"ohmunictnewtonf",,,"",,"","2023-10-03 01:24:03.551291+00","f","f","f","366.996335","Oh. Muni. Ct., Newton Falls","Newton Falls Municipal Court","Newton Falls Municipal Court","",,,"ST","Created as part of import of Case.Law data.","ohmunict"
"ohmunictoberlin",,,"",,"","2023-10-03 01:24:03.563156+00","f","f","f","366.996336","Oh. Muni. Ct., Oberlin","Oberlin Municipal Court","Oberlin Municipal Court","",,,"ST","Created as part of import of Case.Law data.","ohmunict"
"ohmunictparma",,,"",,"","2023-10-03 01:24:03.575103+00","f","f","f","366.996337","Oh. Muni. Ct., Parma","Parma Municipal Court","Parma Municipal Court","",,,"ST","Created as part of import of Case.Law data.","ohmunict"
"ohmunictperrysb",,,"",,"","2023-10-03 01:24:03.591202+00","f","f","f","366.996338","Oh. Muni. Ct., Perrysburg","Perrysburg Municipal Court","Perrysburg Municipal Court","",,,"ST","Created as part of import of Case.Law data.","ohmunict"
"ohmunictpiqua",,,"",,"","2023-10-03 01:24:03.607141+00","f","f","f","366.996339","Oh. Muni. Ct., Piqua","Piqua Municipal Court","Piqua Municipal Court","",,,"ST","Created as part of import of Case.Law data.","ohmunict"
"ohmunictportage",,,"",,"","2023-10-03 01:24:03.623151+00","f","f","f","366.99634","Oh. Muni. Ct., Portage","Portage County Municipal Court","Portage County Municipal Court","",,,"ST","Created as part of import of Case.Law data.","ohmunict"
"ohmunictportcli",,,"",,"","2023-10-03 01:24:03.63924+00","f","f","f","366.996341","Oh. Muni. Ct., Port Clinton","Port Clinton Municipal Court","Port Clinton Municipal Court","",,,"ST","Created as part of import of Case.Law data.","ohmunict"
"ohmunictportsmo",,,"",,"","2023-10-03 01:24:03.655174+00","f","f","f","366.996342","Oh. Muni. Ct., Portsmouth","Portsmouth Municipal Court","Portsmouth Municipal Court","",,,"ST","Created as part of import of Case.Law data.","ohmunict"
"ohmunictravenna",,,"",,"","2023-10-03 01:24:03.671126+00","f","f","f","366.996343","Oh. Muni. Ct., Ravenna","Ravenna Municipal Court","Ravenna Municipal Court","",,,"ST","Created as part of import of Case.Law data.","ohmunict"
"ohmunictrockyri",,,"",,"","2023-10-03 01:24:03.683141+00","f","f","f","366.996344","Oh. Muni. Ct., Rocky River","Rocky River Municipal Court","Rocky River Municipal Court","",,,"ST","Created as part of import of Case.Law data.","ohmunict"
"ohmunictshakerh",,,"",,"","2023-10-03 01:24:03.695455+00","f","f","f","366.996345","Oh. Muni. Ct., Shaker Heights","Shaker Heights Municipal Court","Shaker Heights Municipal Court","",,,"ST","Created as part of import of Case.Law data.","ohmunict"
"ohmunictsidney",,,"",,"","2023-10-03 01:24:03.701898+00","f","f","f","366.996346","Oh. Muni. Ct., Sidney","Sidney Municipal Court","Sidney Municipal Court","",,,"ST","Created as part of import of Case.Law data.","ohmunict"
"ohmunictsoutheu",,,"",,"","2023-10-03 01:24:03.711566+00","f","f","f","366.996347","Oh. Muni. Ct., South Euclid","South Euclid Municipal Court","South Euclid Municipal Court","",,,"ST","Created as part of import of Case.Law data.","ohmunict"
"ohmunictspringf",,,"",,"","2023-10-03 01:24:03.726924+00","f","f","f","366.996348","Oh. Muni. Ct., Springfield","Springfield Municipal Court","Springfield Municipal Court","",,,"ST","Created as part of import of Case.Law data.","ohmunict"
"ohmunictstruthe",,,"",,"","2023-10-03 01:24:03.743626+00","f","f","f","366.996349","Oh. Muni. Ct., Struthers","Struthers Municipal Court","Struthers Municipal Court","",,,"ST","Created as part of import of Case.Law data.","ohmunict"
"ohmunictsummit",,,"",,"","2023-10-03 01:24:03.753323+00","f","f","f","366.99635","Oh. Muni. Ct., Summit","Summit County Municipal Court","Summit County Municipal Court","",,,"ST","Created as part of import of Case.Law data.","ohmunict"
"ohmunictsylvani",,,"",,"","2023-10-03 01:24:03.75975+00","f","f","f","366.996351","Oh. Muni. Ct., Sylvania","Sylvania Municipal Court","Sylvania Municipal Court","",,,"ST","Created as part of import of Case.Law data.","ohmunict"
"ohmunicttiffin",,,"",,"","2023-10-03 01:24:03.775293+00","f","f","f","366.996352","Oh. Muni. Ct., Tiffin","Tiffin Municipal Court","Tiffin Municipal Court","",,,"ST","Created as part of import of Case.Law data.","ohmunict"
"ohmunicttoledo",,,"",,"","2023-10-03 01:24:03.789092+00","f","f","f","366.996353","Oh. Muni. Ct., Toledo","Toledo Municipal Court","Toledo Municipal Court","",,,"ST","Created as part of import of Case.Law data.","ohmunict"
"ohmunicttrumbul",,,"",,"","2023-10-03 01:24:03.799245+00","f","f","f","366.996354","Oh. Muni. Ct., Trumbull","Trumbull County Municipal Court","Trumbull County Municipal Court","",,,"ST","Created as part of import of Case.Law data.","ohmunict"
"ohmunictuppersa",,,"",,"","2023-10-03 01:24:03.815217+00","f","f","f","366.996355","Oh. Muni. Ct., Upper Sandusky","Upper Sandusky Municipal Court","Upper Sandusky Municipal Court","",,,"ST","Created as part of import of Case.Law data.","ohmunict"
"ohmunictvandali",,,"",,"","2023-10-03 01:24:03.83119+00","f","f","f","366.996356","Oh. Muni. Ct., Vandalia","Municipal Court of Vandalia","Municipal Court of Vandalia","",,,"ST","Created as part of import of Case.Law data.","ohmunict"
"ohmunictvanwert",,,"",,"","2023-10-03 01:24:03.845112+00","f","f","f","366.996357","Oh. Muni. Ct., Van Wert","Van Wert County Municipal Court","Van Wert County Municipal Court","",,,"ST","Created as part of import of Case.Law data.","ohmunict"
"ohmunictwadswor",,,"",,"","2023-10-03 01:24:03.856888+00","f","f","f","366.996358","Oh. Muni. Ct., Wadsworth","Wadsworth Municipal Court","Wadsworth Municipal Court","",,,"ST","Created as part of import of Case.Law data.","ohmunict"
"ohmunictwarren",,,"",,"","2023-10-03 01:24:03.864618+00","f","f","f","366.996359","Oh. Muni. Ct., Warren","Warren County Municipal Court","Warren County Municipal Court","",,,"ST","Created as part of import of Case.Law data.","ohmunict"
"ohmunictwayne",,,"",,"","2023-10-03 01:24:03.877094+00","f","f","f","366.99636","Oh. Muni. Ct., Wayne","Wayne County Municipal Court","Wayne County Municipal Court","",,,"ST","Created as part of import of Case.Law data.","ohmunict"
"ohmunictwilloug",,,"",,"","2023-10-03 01:24:03.883603+00","f","f","f","366.996361","Oh. Muni. Ct., Willoughby","Willoughby Municipal Court","Willoughby Municipal Court","",,,"ST","Created as part of import of Case.Law data.","ohmunict"
"ohmunictxenia",,,"",,"","2023-10-03 01:24:03.892262+00","f","f","f","366.996362","Oh. Muni. Ct., Xenia","Xenia Municipal Court","Xenia Municipal Court","",,,"ST","Created as part of import of Case.Law data.","ohmunict"
"ohmunictzanesvi",,,"",,"","2023-10-03 01:24:03.90713+00","f","f","f","366.996363","Oh. Muni. Ct., Zanesville","Zanesville Municipal Court","Zanesville Municipal Court","",,,"ST","Created as part of import of Case.Law data.","ohmunict"
"ohprobctallen",,,"",,"","2023-10-03 01:24:03.934+00","f","f","f","366.996365","Oh. Prob. Ct., Allen","Allen County Probate Court","Allen County Probate Court","",,,"ST","Created as part of import of Case.Law data.","ohprobct"
"ohprobctashtabu",,,"",,"","2023-10-03 01:24:03.940419+00","f","f","f","366.996366","Oh. Prob. Ct., Ashtabula","Ashtabula County Probate Court","Ashtabula County Probate Court","",,,"ST","Created as part of import of Case.Law data.","ohprobct"
"ohprobctauglaiz",,,"",,"","2023-10-03 01:24:03.9465+00","f","f","f","366.996367","Oh. Prob. Ct., Auglaize","Auglaize County Probate Court","Auglaize County Probate Court","",,,"ST","Created as part of import of Case.Law data.","ohprobct"
"ohprobctbelmont",,,"",,"","2023-10-03 01:24:03.957203+00","f","f","f","366.996368","Oh. Prob. Ct., Belmont","Belmont County Probate Court","Belmont County Probate Court","",,,"ST","Created as part of import of Case.Law data.","ohprobct"
"ohprobctbutler",,,"",,"","2023-10-03 01:24:03.979485+00","f","f","f","366.996369","Oh. Prob. Ct., Butler","Butler County Probate Court","Butler County Probate Court","",,,"ST","Created as part of import of Case.Law data.","ohprobct"
"ohprobctchampai",,,"",,"","2023-10-03 01:24:03.99525+00","f","f","f","366.99637","Oh. Prob. Ct., Champaign","Champaign County Probate Court","Champaign County Probate Court","",,,"ST","Created as part of import of Case.Law data.","ohprobct"
"ohprobctclark",,,"",,"","2023-10-03 01:24:04.003936+00","f","f","f","366.996371","Oh. Prob. Ct., Clark","Clark County Probate Court","Clark County Probate Court","",,,"ST","Created as part of import of Case.Law data.","ohprobct"
"ohprobctclarke",,,"",,"","2023-10-03 01:24:04.01531+00","f","f","f","366.996372","Oh. Prob. Ct., Clarke","Clarke County Probate Court","Clarke County Probate Court","",,,"ST","Created as part of import of Case.Law data.","ohprobct"
"ohprobctclermon",,,"",,"","2023-10-03 01:24:04.028149+00","f","f","f","366.996373","Oh. Prob. Ct., Clermont","Clermont County Probate Court","Clermont County Probate Court","",,,"ST","Created as part of import of Case.Law data.","ohprobct"
"ohprobctclinton",,,"",,"","2023-10-03 01:24:04.037108+00","f","f","f","366.996374","Oh. Prob. Ct., Clinton","Clinton County Probate Court","Clinton County Probate Court","",,,"ST","Created as part of import of Case.Law data.","ohprobct"
"ohprobctcolumbi",,,"",,"","2023-10-03 01:24:04.048278+00","f","f","f","366.996375","Oh. Prob. Ct., Columbiana","Columbiana County Probate Court","Columbiana County Probate Court","",,,"ST","Created as part of import of Case.Law data.","ohprobct"
"ohprobctcuyahog",,,"",,"","2023-10-03 01:24:04.059352+00","f","f","f","366.996376","Oh. Prob. Ct., Cuyahoga","Cuyahoga County Probate Court","Cuyahoga County Probate Court","",,,"ST","Created as part of import of Case.Law data.","ohprobct"
"ohprobctdarke",,,"",,"","2023-10-03 01:24:04.075446+00","f","f","f","366.996377","Oh. Prob. Ct., Darke","Darke County Probate Court","Darke County Probate Court","",,,"ST","Created as part of import of Case.Law data.","ohprobct"
"ohprobcterie",,,"",,"","2023-10-03 01:24:04.091311+00","f","f","f","366.996378","Oh. Prob. Ct., Erie","Erie County Probate Court","Erie County Probate Court","",,,"ST","Created as part of import of Case.Law data.","ohprobct"
"ohprobctfairfie",,,"",,"","2023-10-03 01:24:04.09759+00","f","f","f","366.996379","Oh. Prob. Ct., Fairfield","Fairfield County Probate Court","Fairfield County Probate Court","",,,"ST","Created as part of import of Case.Law data.","ohprobct"
"ohprobctfayette",,,"",,"","2023-10-03 01:24:04.107291+00","f","f","f","366.99638","Oh. Prob. Ct., Fayette","Fayette County Probate Court","Fayette County Probate Court","",,,"ST","Created as part of import of Case.Law data.","ohprobct"
"ohprobctfrankli",,,"",,"","2023-10-03 01:24:04.12312+00","f","f","f","366.996381","Oh. Prob. Ct., Franklin","Ohio Probate Court of Franklin County","Ohio Probate Court of Franklin County","",,,"ST","Created as part of import of Case.Law data.","ohprobct"
"ohprobctfulton",,,"",,"","2023-10-03 01:24:04.129426+00","f","f","f","366.996382","Oh. Prob. Ct., Fulton","Fulton County Probate Court","Fulton County Probate Court","",,,"ST","Created as part of import of Case.Law data.","ohprobct"
"ohprobctgeauga",,,"",,"","2023-10-03 01:24:04.13921+00","f","f","f","366.996383","Oh. Prob. Ct., Geauga","Geauga County Probate Court","Geauga County Probate Court","",,,"ST","Created as part of import of Case.Law data.","ohprobct"
"ohprobctgreene",,,"",,"","2023-10-03 01:24:04.14522+00","f","f","f","366.996384","Oh. Prob. Ct., Greene","Greene County Probate Court","Greene County Probate Court","",,,"ST","Created as part of import of Case.Law data.","ohprobct"
"ohprobcthamilto",,,"",,"","2023-10-03 01:24:04.158752+00","f","f","f","366.996385","Oh. Prob. Ct., Hamilton","Hamilton County Probate Court","Hamilton County Probate Court","",,,"ST","Created as part of import of Case.Law data.","ohprobct"
"ohprobcthancock",,,"",,"","2023-10-03 01:24:04.183762+00","f","f","f","366.996386","Oh. Prob. Ct., Hancock","Hancock County Probate Court","Hancock County Probate Court","",,,"ST","Created as part of import of Case.Law data.","ohprobct"
"ohprobcthardin",,,"",,"","2023-10-03 01:24:04.199201+00","f","f","f","366.996387","Oh. Prob. Ct., Hardin","Hardin County Probate Court","Hardin County Probate Court","",,,"ST","Created as part of import of Case.Law data.","ohprobct"
"ohprobctharriso",,,"",,"","2023-10-03 01:24:04.21523+00","f","f","f","366.996388","Oh. Prob. Ct., Harrison","Harrison County Probate Court","Harrison County Probate Court","",,,"ST","Created as part of import of Case.Law data.","ohprobct"
"ohprobcthenry",,,"",,"","2023-10-03 01:24:04.231298+00","f","f","f","366.996389","Oh. Prob. Ct., Henry","Henry County Probate Court","Henry County Probate Court","",,,"ST","Created as part of import of Case.Law data.","ohprobct"
"ohprobcthighlan",,,"",,"","2023-10-03 01:24:04.253944+00","f","f","f","366.99639","Oh. Prob. Ct., Highland","Highland County Probate Court","Highland County Probate Court","",,,"ST","Created as part of import of Case.Law data.","ohprobct"
"ohprobcthuron",,,"",,"","2023-10-03 01:24:04.273064+00","f","f","f","366.996391","Oh. Prob. Ct., Huron","Huron County Probate Court","Huron County Probate Court","",,,"ST","Created as part of import of Case.Law data.","ohprobct"
"ohprobctjackson",,,"",,"","2023-10-03 01:24:04.291283+00","f","f","f","366.996392","Oh. Prob. Ct., Jackson","Jackson County Probate Court","Jackson County Probate Court","",,,"ST","Created as part of import of Case.Law data.","ohprobct"
"ohprobctjeffers",,,"",,"","2023-10-03 01:24:04.298875+00","f","f","f","366.996393","Oh. Prob. Ct., Jefferson","Jefferson County Probate Court","Jefferson County Probate Court","",,,"ST","Created as part of import of Case.Law data.","ohprobct"
"ohprobctknox",,,"",,"","2023-10-03 01:24:04.305367+00","f","f","f","366.996394","Oh. Prob. Ct., Knox","Knox County Probate Court","Knox County Probate Court","",,,"ST","Created as part of import of Case.Law data.","ohprobct"
"ohprobctlake",,,"",,"","2023-10-03 01:24:04.313622+00","f","f","f","366.996395","Oh. Prob. Ct., Lake","Lake County Probate Court","Lake County Probate Court","",,,"ST","Created as part of import of Case.Law data.","ohprobct"
"ohprobctlicking",,,"",,"","2023-10-03 01:24:04.32318+00","f","f","f","366.996396","Oh. Prob. Ct., Licking","Licking County Probate Court","Licking County Probate Court","",,,"ST","Created as part of import of Case.Law data.","ohprobct"
"ohprobctlorain",,,"",,"","2023-10-03 01:24:04.338889+00","f","f","f","366.996397","Oh. Prob. Ct., Lorain","Lorain County Probate Court","Lorain County Probate Court","",,,"ST","Created as part of import of Case.Law data.","ohprobct"
"ohprobctlucas",,,"",,"","2023-10-03 01:24:04.351236+00","f","f","f","366.996398","Oh. Prob. Ct., Lucas","Lucas County Probate Court","Lucas County Probate Court","",,,"ST","Created as part of import of Case.Law data.","ohprobct"
"ohprobctmadison",,,"",,"","2023-10-03 01:24:04.367536+00","f","f","f","366.996399","Oh. Prob. Ct., Madison","Madison County Probate Court","Madison County Probate Court","",,,"ST","Created as part of import of Case.Law data.","ohprobct"
"ohprobctmahonin",,,"",,"","2023-10-03 01:24:04.383391+00","f","f","f","366.9964","Oh. Prob. Ct., Mahoning","Mahoning County Probate Court","Mahoning County Probate Court","",,,"ST","Created as part of import of Case.Law data.","ohprobct"
"ohprobctmarion",,,"",,"","2023-10-03 01:24:04.399314+00","f","f","f","366.996401","Oh. Prob. Ct., Marion","Marion County Probate Court","Marion County Probate Court","",,,"ST","Created as part of import of Case.Law data.","ohprobct"
"ohprobctmeigs",,,"",,"","2023-10-03 01:24:04.412983+00","f","f","f","366.996402","Oh. Prob. Ct., Meigs","Meigs County Probate Court","Meigs County Probate Court","",,,"ST","Created as part of import of Case.Law data.","ohprobct"
"ohprobctmercer",,,"",,"","2023-10-03 01:24:04.427265+00","f","f","f","366.996403","Oh. Prob. Ct., Mercer","Mercer County Probate Court","Mercer County Probate Court","",,,"ST","Created as part of import of Case.Law data.","ohprobct"
"ohprobctmiami",,,"",,"","2023-10-03 01:24:04.443205+00","f","f","f","366.996404","Oh. Prob. Ct., Miami","Miami County Probate Court","Miami County Probate Court","",,,"ST","Created as part of import of Case.Law data.","ohprobct"
"ohprobctmontgom",,,"",,"","2023-10-03 01:24:04.455191+00","f","f","f","366.996405","Oh. Prob. Ct., Montgomery","Montgomery County Probate Court","Montgomery County Probate Court","",,,"ST","Created as part of import of Case.Law data.","ohprobct"
"ohprobctmorgan",,,"",,"","2023-10-03 01:24:04.470684+00","f","f","f","366.996406","Oh. Prob. Ct., Morgan","Morgan County Probate Court","Morgan County Probate Court","",,,"ST","Created as part of import of Case.Law data.","ohprobct"
"ohprobctmusking",,,"",,"","2023-10-03 01:24:04.47829+00","f","f","f","366.996407","Oh. Prob. Ct., Muskingum","Muskingum County Probate Court","Muskingum County Probate Court","",,,"ST","Created as part of import of Case.Law data.","ohprobct"
"ohprobctnoble",,,"",,"","2023-10-03 01:24:04.491182+00","f","f","f","366.996408","Oh. Prob. Ct., Noble","Noble County Probate Court","Noble County Probate Court","",,,"ST","Created as part of import of Case.Law data.","ohprobct"
"ohprobctperry",,,"",,"","2023-10-03 01:24:04.507136+00","f","f","f","366.996409","Oh. Prob. Ct., Perry","Perry County Probate Court","Perry County Probate Court","",,,"ST","Created as part of import of Case.Law data.","ohprobct"
"ohprobctpike",,,"",,"","2023-10-03 01:24:04.519158+00","f","f","f","366.99641","Oh. Prob. Ct., Pike","Pike County Probate Court","Pike County Probate Court","",,,"ST","Created as part of import of Case.Law data.","ohprobct"
"ohprobctportage",,,"",,"","2023-10-03 01:24:04.535197+00","f","f","f","366.996411","Oh. Prob. Ct., Portage","Portage County Probate Court","Portage County Probate Court","",,,"ST","Created as part of import of Case.Law data.","ohprobct"
"ohprobctpreble",,,"",,"","2023-10-03 01:24:04.546063+00","f","f","f","366.996412","Oh. Prob. Ct., Preble","Preble County Probate Court","Preble County Probate Court","",,,"ST","Created as part of import of Case.Law data.","ohprobct"
"ohprobctputnam",,,"",,"","2023-10-03 01:24:04.551688+00","f","f","f","366.996413","Oh. Prob. Ct., Putnam","Putnam County Probate Court","Putnam County Probate Court","",,,"ST","Created as part of import of Case.Law data.","ohprobct"
"ohprobctross",,,"",,"","2023-10-03 01:24:04.563606+00","f","f","f","366.996414","Oh. Prob. Ct., Ross","Ross County Probate Court","Ross County Probate Court","",,,"ST","Created as part of import of Case.Law data.","ohprobct"
"ohprobctsandusk",,,"",,"","2023-10-03 01:24:04.576865+00","f","f","f","366.996415","Oh. Prob. Ct., Sandusky","Sandusky County Probate Court","Sandusky County Probate Court","",,,"ST","Created as part of import of Case.Law data.","ohprobct"
"ohprobctscioto",,,"",,"","2023-10-03 01:24:04.582778+00","f","f","f","366.996416","Oh. Prob. Ct., Scioto","Scioto County Probate Court","Scioto County Probate Court","",,,"ST","Created as part of import of Case.Law data.","ohprobct"
"ohprobctseneca",,,"",,"","2023-10-03 01:24:04.593097+00","f","f","f","366.996417","Oh. Prob. Ct., Seneca","Seneca County Probate Court","Seneca County Probate Court","",,,"ST","Created as part of import of Case.Law data.","ohprobct"
"ohprobctshelby",,,"",,"","2023-10-03 01:24:04.59892+00","f","f","f","366.996418","Oh. Prob. Ct., Shelby","Shelby County Probate Court","Shelby County Probate Court","",,,"ST","Created as part of import of Case.Law data.","ohprobct"
"ohprobctstark",,,"",,"","2023-10-03 01:24:04.611212+00","f","f","f","366.996419","Oh. Prob. Ct., Stark","Stark County Probate Court","Stark County Probate Court","",,,"ST","Created as part of import of Case.Law data.","ohprobct"
"ohprobctsummit",,,"",,"","2023-10-03 01:24:04.627159+00","f","f","f","366.99642","Oh. Prob. Ct., Summit","Summit County Probate Court","Summit County Probate Court","",,,"ST","Created as part of import of Case.Law data.","ohprobct"
"ohprobcttrumbul",,,"",,"","2023-10-03 01:24:04.647038+00","f","f","f","366.996421","Oh. Prob. Ct., Trumbull","Trumbull County Probate Court","Trumbull County Probate Court","",,,"ST","Created as part of import of Case.Law data.","ohprobct"
"ohprobcttuscara",,,"",,"","2023-10-03 01:24:04.660727+00","f","f","f","366.996422","Oh. Prob. Ct., Tuscarawas","Tuscarawas County Probate Court","Tuscarawas County Probate Court","",,,"ST","Created as part of import of Case.Law data.","ohprobct"
"ohprobctunion",,,"",,"","2023-10-03 01:24:04.673418+00","f","f","f","366.996423","Oh. Prob. Ct., Union","Union County Probate Court","Union County Probate Court","",,,"ST","Created as part of import of Case.Law data.","ohprobct"
"ohprobctvanwer",,,"",,"","2023-10-03 01:24:04.691167+00","f","f","f","366.996424","Oh. Prob. Ct., Van Wert","Van Wert County Probate Court","Van Wert County Probate Court","",,,"ST","Created as part of import of Case.Law data.","ohprobct"
"ohprobctwarren",,,"",,"","2023-10-03 01:24:04.703823+00","f","f","f","366.996425","Oh. Prob. Ct., Warren","Warren County Probate Court","Warren County Probate Court","",,,"ST","Created as part of import of Case.Law data.","ohprobct"
"ohprobctwashing",,,"",,"","2023-10-03 01:24:04.723174+00","f","f","f","366.996426","Oh. Prob. Ct., Washington","Washington County Probate Court","Washington County Probate Court","",,,"ST","Created as part of import of Case.Law data.","ohprobct"
"ohprobctwayne",,,"",,"","2023-10-03 01:24:04.747237+00","f","f","f","366.996427","Oh. Prob. Ct., Wayne","Wayne County Probate Court","Wayne County Probate Court","",,,"ST","Created as part of import of Case.Law data.","ohprobct"
"ohctinsolvcuyah",,,"",,"","2023-10-03 01:24:04.769574+00","f","f","f","366.996428","Cuyahoga Cty. Ct. of Insolv.","Cuyahoga County Court of Insolvency","Cuyahoga County Court of Insolvency","",,,"SS","Created as part of import of Case.Law data.","ohctinsolv"
"ohctinsolvhamil",,,"",,"","2023-10-03 01:24:04.807319+00","f","f","f","366.996429","Cuyahoga Cty. Ct. of Insolv.","Hamilton County Court of Insolvency","Hamilton County Court of Insolvency","",,,"SS","Created as part of import of Case.Law data.","ohctinsolv"
"ohsuperctcinci",,,"",,"","2023-10-03 01:24:04.823265+00","f","f","f","366.996432","Oh. Super. Ct., Cinci.","Ohio Superior Court, Cincinnati","Ohio Superior Court, Cincinnati","",,,"ST","Created as part of import of Case.Law data.","ohiosuperct"
"pactcomplcamero",,,"",,"","2023-10-03 01:24:05.295782+00","f","f","f","367.271012","","Cameron County Court of Common Pleas","Pennsylvania Court of Common Pleas, Cameron County","",,,"ST","","pactcompl"
"ctappindterr",,,"",,"","2023-10-03 01:24:04.839268+00","f","f","f","366.9992","Ct. App. Ind. Terr.","Court Of Appeals Of Indian Territory","Court Of Appeals Of Indian Territory","","1889-01-01","1907-12-31","F","See https://www.okhistory.org/publications/enc/entry?entry=UN017 for history of the court.","uscirct"
"orccbaker",,,"",,"","2023-10-03 01:24:04.855198+00","f","f","f","367.1201","Baker Cty. Cir. Ct., O.R.","Baker County Circuit Court, Oregon","Baker County Circuit Court, Oregon","",,,"ST","Created as part of import of Case.Law data.","orcc"
"orccbenton",,,"",,"","2023-10-03 01:24:04.863761+00","f","f","f","367.1202","Benton Cty. Cir. Ct., O.R.","Benton County Circuit Court, Oregon","Benton County Circuit Court, Oregon","",,,"ST","Created as part of import of Case.Law data.","orcc"
"orccclackamas",,,"",,"","2023-10-03 01:24:04.873984+00","f","f","f","367.1203","Clackamas Cty. Cir. Ct., O.R.","Clackamas County Circuit Court, Oregon","Clackamas County Circuit Court, Oregon","",,,"ST","Created as part of import of Case.Law data.","orcc"
"orccclatsop",,,"",,"","2023-10-03 01:24:04.895458+00","f","f","f","367.1204","Clatsop Cty. Cir. Ct., O.R.","Clatsop County Circuit Court, Oregon","Clatsop County Circuit Court, Oregon","",,,"ST","Created as part of import of Case.Law data.","orcc"
"orcccolumbia",,,"",,"","2023-10-03 01:24:04.90722+00","f","f","f","367.1205","Columbia Cty. Cir. Ct., O.R.","Columbia County Circuit Court, Oregon","Columbia County Circuit Court, Oregon","",,,"ST","Created as part of import of Case.Law data.","orcc"
"orcccoos",,,"",,"","2023-10-03 01:24:04.92578+00","f","f","f","367.1206","Coos Cty. Cir. Ct., O.R.","Coos County Circuit Court, Oregon","Coos County Circuit Court, Oregon","",,,"ST","Created as part of import of Case.Law data.","orcc"
"orccdeschutes",,,"",,"","2023-10-03 01:24:04.93238+00","f","f","f","367.1207","Deschutes Cty. Cir. Ct., O.R.","Deschutes County Circuit Court, Oregon","Deschutes County Circuit Court, Oregon","",,,"ST","Created as part of import of Case.Law data.","orcc"
"orccdouglas",,,"",,"","2023-10-03 01:24:04.947276+00","f","f","f","367.1208","Douglas Cty. Cir. Ct., O.R.","Douglas County Circuit Court, Oregon","Douglas County Circuit Court, Oregon","",,,"ST","Created as part of import of Case.Law data.","orcc"
"orccjackson",,,"",,"","2023-10-03 01:24:04.955293+00","f","f","f","367.12085","Jackson Cty. Cir. Ct., O.R.","Jackson County Circuit Court, Oregon","Jackson County Circuit Court, Oregon","",,,"ST","","orcc"
"orccjosephine",,,"",,"","2023-10-03 01:24:04.96296+00","f","f","f","367.1209","Josephine Cty. Cir. Ct., O.R.","Josephine County Circuit Court, Oregon","Josephine County Circuit Court, Oregon","",,,"ST","Created as part of import of Case.Law data.","orcc"
"orccklamath",,,"",,"","2023-10-03 01:24:04.969453+00","f","f","f","367.121","Klamath Cty. Cir. Ct., O.R.","Klamath County Circuit Court, Oregon","Klamath County Circuit Court, Oregon","",,,"ST","Created as part of import of Case.Law data.","orcc"
"orcclake",,,"",,"","2023-10-03 01:24:04.975867+00","f","f","f","367.12101","Lake Cty. Cir. Ct., O.R.","Lake County Circuit Court, Oregon","Lake County Circuit Court, Oregon","",,,"ST","","orcc"
"orcclane",,,"",,"","2023-10-03 01:24:04.992244+00","f","f","f","367.1211","Lane Cty. Cir. Ct., O.R.","Lane County Circuit Court, Oregon","Lane County Circuit Court, Oregon","",,,"ST","Created as part of import of Case.Law data.","orcc"
"orcclincoln",,,"",,"","2023-10-03 01:24:05.003418+00","f","f","f","367.1212","Lincoln Cty. Cir. Ct., O.R.","Lincoln County Circuit Court, Oregon","Lincoln County Circuit Court, Oregon","",,,"ST","Created as part of import of Case.Law data.","orcc"
"orcclinn",,,"",,"","2023-10-03 01:24:05.012391+00","f","f","f","367.1213","Linn Cty. Cir. Ct., O.R.","Linn County Circuit Court, Oregon","Linn County Circuit Court, Oregon","",,,"ST","Created as part of import of Case.Law data.","orcc"
"orccmalheur",,,"",,"","2023-10-03 01:24:05.027198+00","f","f","f","367.1214","Malheur Cty. Cir. Ct., O.R.","Malheur County Circuit Court, Oregon","Malheur County Circuit Court, Oregon","",,,"ST","Created as part of import of Case.Law data.","orcc"
"orccmarion",,,"",,"","2023-10-03 01:24:05.039552+00","f","f","f","367.1215","Marion Cty. Cir. Ct., O.R.","Marion County Circuit Court, Oregon","Marion County Circuit Court, Oregon","",,,"ST","Created as part of import of Case.Law data.","orcc"
"orccmorrow",,,"",,"","2023-10-03 01:24:05.056309+00","f","f","f","367.1216","Morrow Cty. Cir. Ct., O.R.","Morrow County Circuit Court, Oregon","Morrow County Circuit Court, Oregon","",,,"ST","Created as part of import of Case.Law data.","orcc"
"orccmultnomah",,,"",,"","2023-10-03 01:24:05.072449+00","f","f","f","367.1217","Multnomah Cty. Cir. Ct., O.R.","Multnomah County Circuit Court, Oregon","Multnomah County Circuit Court, Oregon","",,,"ST","Created as part of import of Case.Law data.","orcc"
"orccpolk",,,"",,"","2023-10-03 01:24:05.087183+00","f","f","f","367.1218","Polk Cty. Cir. Ct., O.R.","Polk County Circuit Court, Oregon","Polk County Circuit Court, Oregon","",,,"ST","Created as part of import of Case.Law data.","orcc"
"orcctillamook",,,"",,"","2023-10-03 01:24:05.095836+00","f","f","f","367.1219","Tillamook Cty. Cir. Ct., O.R.","Tillamook County Circuit Court, Oregon","Tillamook County Circuit Court, Oregon","",,,"ST","Created as part of import of Case.Law data.","orcc"
"orccumatilla",,,"",,"","2023-10-03 01:24:05.102168+00","f","f","f","367.122","Umatilla Cty. Cir. Ct., O.R.","Umatilla County Circuit Court, Oregon","Umatilla County Circuit Court, Oregon","",,,"ST","Created as part of import of Case.Law data.","orcc"
"orccunion",,,"",,"","2023-10-03 01:24:05.111935+00","f","f","f","367.12201","Union Cty. Cir. Ct., O.R.","Union County Circuit Court, Oregon","Union County Circuit Court, Oregon","",,,"ST","","orcc"
"orccwasco",,,"",,"","2023-10-03 01:24:05.127311+00","f","f","f","367.1221","Wasco Cty. Cir. Ct., O.R.","Wasco County Circuit Court, Oregon","Wasco County Circuit Court, Oregon","",,,"ST","Created as part of import of Case.Law data.","orcc"
"orccwashington",,,"",,"","2023-10-03 01:24:05.143341+00","f","f","f","367.12215","Washington Cty. Cir. Ct., O.R.","Washington County Circuit Court, Oregon","Washington County Circuit Court, Oregon","",,,"ST","","orcc"
"orccyamhill",,,"",,"","2023-10-03 01:24:05.159232+00","f","f","f","367.1222","Yamhill Cty. Cir. Ct., O.R.","Yamhill County Circuit Court, Oregon","Yamhill County Circuit Court, Oregon","",,,"ST","Created as part of import of Case.Law data.","orcc"
"pactcompladams",,,"",,"","2023-10-03 01:24:05.165436+00","f","f","f","367.271001","","Adams County Court of Common Pleas","Pennsylvania Court of Common Pleas, Adams County","",,,"ST","","pactcompl"
"pactcomplallegh",,,"",,"","2023-10-03 01:24:05.175223+00","f","f","f","367.271002","","Alleghany County Court of Common Pleas","Pennsylvania Court of Common Pleas, Alleghany County","",,,"ST","","pactcompl"
"pactcomplarmstr",,,"",,"","2023-10-03 01:24:05.195114+00","f","f","f","367.271003","","Armstrong County Court of Common Pleas","Pennsylvania Court of Common Pleas, Armstrong County","",,,"ST","","pactcompl"
"pactcomplbeaver",,,"",,"","2023-10-03 01:24:05.211179+00","f","f","f","367.271004","","Beaver County Court of Common Pleas","Pennsylvania Court of Common Pleas, Beaver County","",,,"ST","","pactcompl"
"pactcomplbedfor",,,"",,"","2023-10-03 01:24:05.227132+00","f","f","f","367.271005","","Bedford County Court of Common Pleas","Pennsylvania Court of Common Pleas, Bedford County","",,,"ST","","pactcompl"
"pactcomplberks",,,"",,"","2023-10-03 01:24:05.240774+00","f","f","f","367.271006","","Berks County Court of Common Pleas","Pennsylvania Court of Common Pleas, Berks County","",,,"ST","","pactcompl"
"pactcomplblair",,,"",,"","2023-10-03 01:24:05.251257+00","f","f","f","367.271007","","Blair County Court of Common Pleas","Pennsylvania Court of Common Pleas, Blair County","",,,"ST","","pactcompl"
"pactcomplbradfo",,,"",,"","2023-10-03 01:24:05.260071+00","f","f","f","367.271008","","Bradford County Court of Common Pleas","Pennsylvania Court of Common Pleas, Bradford County","",,,"ST","","pactcompl"
"pactcomplbucks",,,"",,"","2023-10-03 01:24:05.270476+00","f","f","f","367.271009","","Bucks County Court of Common Pleas","Pennsylvania Court of Common Pleas, Bucks County","",,,"ST","","pactcompl"
"pactcomplbutler",,,"",,"","2023-10-03 01:24:05.278254+00","f","f","f","367.27101","","Butler County Court of Common Pleas","Pennsylvania Court of Common Pleas, Butler County","",,,"ST","","pactcompl"
"pactcomplcarbon",,,"",,"","2023-10-03 01:24:05.30728+00","f","f","f","367.271013","","Carbon County Court of Common Pleas","Pennsylvania Court of Common Pleas, Carbon County","",,,"ST","","pactcompl"
"pactcomplcentre",,,"",,"","2023-10-03 01:24:05.323246+00","f","f","f","367.271014","","Centre County Court of Common Pleas","Pennsylvania Court of Common Pleas, Centre County","",,,"ST","","pactcompl"
"pactcomplcheste",,,"",,"","2023-10-03 01:24:05.334691+00","f","f","f","367.271015","","Chester County Court of Common Pleas","Pennsylvania Court of Common Pleas, Chester County","",,,"ST","","pactcompl"
"pactcomplclario",,,"",,"","2023-10-03 01:24:05.345229+00","f","f","f","367.271016","","Clarion County Court of Common Pleas","Pennsylvania Court of Common Pleas, Clarion County","",,,"ST","","pactcompl"
"pactcomplclearf",,,"",,"","2023-10-03 01:24:05.356981+00","f","f","f","367.271017","","Clearfield County Court of Common Pleas","Pennsylvania Court of Common Pleas, Clearfield County","",,,"ST","","pactcompl"
"pactcomplclinto",,,"",,"","2023-10-03 01:24:05.371235+00","f","f","f","367.271018","","Clinton County Court of Common Pleas","Pennsylvania Court of Common Pleas, Clinton County","",,,"ST","","pactcompl"
"pactcomplcolumb",,,"",,"","2023-10-03 01:24:05.38729+00","f","f","f","367.271019","","Columbia County Court of Common Pleas","Pennsylvania Court of Common Pleas, Columbia County","",,,"ST","","pactcompl"
"pactcomplcrawfo",,,"",,"","2023-10-03 01:24:05.407247+00","f","f","f","367.27102","","Crawford County Court of Common Pleas","Pennsylvania Court of Common Pleas, Crawford County","",,,"ST","","pactcompl"
"pactcomplcumber",,,"",,"","2023-10-03 01:24:05.423282+00","f","f","f","367.271021","","Cumberland County Court of Common Pleas","Pennsylvania Court of Common Pleas, Cumberland County","",,,"ST","","pactcompl"
"pactcompldauphi",,,"",,"","2023-10-03 01:24:05.435252+00","f","f","f","367.271022","","Dauphin County Court of Common Pleas","Pennsylvania Court of Common Pleas, Dauphin County","",,,"ST","","pactcompl"
"pactcompldelawa",,,"",,"","2023-10-03 01:24:05.448891+00","f","f","f","367.271023","","Delaware County Court of Common Pleas","Pennsylvania Court of Common Pleas, Delaware County","",,,"ST","","pactcompl"
"pactcomplelk",,,"",,"","2023-10-03 01:24:05.47124+00","f","f","f","367.271024","","Elk County Court of Common Pleas","Pennsylvania Court of Common Pleas, Elk County","",,,"ST","","pactcompl"
"pactcomplerie",,,"",,"","2023-10-03 01:24:05.488015+00","f","f","f","367.271025","","Erie County Court Common Pleas","Pennsylvania Court of Common Pleas, Erie County","",,,"ST","","pactcompl"
"pactcomplfayett",,,"",,"","2023-10-03 01:24:05.498145+00","f","f","f","367.271026","","Fayette County Court","Pennsylvania Court of Common Pleas, Fayette County","",,,"ST","","pactcompl"
"pactcomplforest",,,"",,"","2023-10-03 01:24:05.506791+00","f","f","f","367.271027","","Forest County Court of Common Pleas","Pennsylvania Court of Common Pleas, Forest County","",,,"ST","","pactcompl"
"pactcomplfrankl",,,"",,"","2023-10-03 01:24:05.524965+00","f","f","f","367.271028","","Franklin County Court of Common Pleas","Pennsylvania Court of Common Pleas, Franklin County","",,,"ST","","pactcompl"
"pactcomplfulton",,,"",,"","2023-10-03 01:24:05.54106+00","f","f","f","367.271029","","Fulton County Court of Common Pleas","Pennsylvania Court of Common Pleas, Fulton County","",,,"ST","","pactcompl"
"pactcomplgreen",,,"",,"","2023-10-03 01:24:05.555685+00","f","f","f","367.27103","","Green County Court of Common Pleas","Pennsylvania Court of Common Pleas, Green County","",,,"ST","","pactcompl"
"pactcomplgreene",,,"",,"","2023-10-03 01:24:05.571273+00","f","f","f","367.271031","","Greene County Court of Common Pleas","Pennsylvania Court of Common Pleas, Greene County","",,,"ST","","pactcompl"
"pactcomplharris",,,"",,"","2023-10-03 01:24:05.588139+00","f","f","f","367.271032","","Harrisburg County Court of Common Pleas","Pennsylvania Court of Common Pleas, Harrisburg County","",,,"ST","","pactcompl"
"pactcomplhuntin",,,"",,"","2023-10-03 01:24:05.604158+00","f","f","f","367.271033","","Huntingdon County Court of Common Pleas","Pennsylvania Court of Common Pleas, Huntingdon County","",,,"ST","","pactcompl"
"pactcomplindian",,,"",,"","2023-10-03 01:24:05.619909+00","f","f","f","367.271034","","Indiana County Court of Common Pleas","Pennsylvania Court of Common Pleas, Indiana County","",,,"ST","","pactcompl"
"pactcompljeffer",,,"",,"","2023-10-03 01:24:05.631279+00","f","f","f","367.271035","","Jefferson County Court of Common Pleas","Pennsylvania Court of Common Pleas, Jefferson County","",,,"ST","","pactcompl"
"pactcompljuniat",,,"",,"","2023-10-03 01:24:05.63962+00","f","f","f","367.271036","","Juniata County Court of Common Pleas","Pennsylvania Court of Common Pleas, Juniata County","",,,"ST","","pactcompl"
"pactcompllackaw",,,"",,"","2023-10-03 01:24:05.656873+00","f","f","f","367.271037","","Lackawanna County Court of Common Pleas","Pennsylvania Court of Common Pleas, Lackawanna County","",,,"ST","","pactcompl"
"pactcompllancas",,,"",,"","2023-10-03 01:24:05.665042+00","f","f","f","367.271038","","Lancaster County Court of Common Pleas","Pennsylvania Court of Common Pleas, Lancaster County","",,,"ST","","pactcompl"
"pactcompllawren",,,"",,"","2023-10-03 01:24:05.68332+00","f","f","f","367.271039","","Lawrence County Court of Common Pleas","Pennsylvania Court of Common Pleas, Lawrence County","",,,"ST","","pactcompl"
"pactcompllebano",,,"",,"","2023-10-03 01:24:05.699239+00","f","f","f","367.27104","","Lebanon County Court of Common Pleas","Pennsylvania Court of Common Pleas, Lebanon County","",,,"ST","","pactcompl"
"pactcompllehigh",,,"",,"","2023-10-03 01:24:05.715243+00","f","f","f","367.271041","","Lehigh County Court of Common Pleas","Pennsylvania Court of Common Pleas, Lehigh County","",,,"ST","","pactcompl"
"pactcomplluzern",,,"",,"","2023-10-03 01:24:05.732937+00","f","f","f","367.271042","","Luzerne County Court of Common Pleas","Pennsylvania Court of Common Pleas, Luzerne County","",,,"ST","","pactcompl"
"pactcompllycomi",,,"",,"","2023-10-03 01:24:05.751241+00","f","f","f","367.271043","","Lycoming County Court of Common Pleas","Pennsylvania Court of Common Pleas, Lycoming County","",,,"ST","","pactcompl"
"pactcomplmckean",,,"",,"","2023-10-03 01:24:05.767682+00","f","f","f","367.271044","","McKean County Court of Common Pleas","Pennsylvania Court of Common Pleas, McKean County","",,,"ST","","pactcompl"
"pactcomplmercer",,,"",,"","2023-10-03 01:24:05.783327+00","f","f","f","367.271045","","Mercer County Court of Common Pleas","Pennsylvania Court of Common Pleas, Mercer County","",,,"ST","","pactcompl"
"pactcomplmiffli",,,"",,"","2023-10-03 01:24:05.799259+00","f","f","f","367.271046","","Mifflin County Court of Common Pleas","Pennsylvania Court of Common Pleas, Mifflin County","",,,"ST","","pactcompl"
"pactcomplmonroe",,,"",,"","2023-10-03 01:24:05.815234+00","f","f","f","367.271047","","Monroe County Court of Common Pleas","Pennsylvania Court of Common Pleas, Monroe County","",,,"ST","","pactcompl"
"pactcomplmontgo",,,"",,"","2023-10-03 01:24:05.831275+00","f","f","f","367.271048","","Montgomery County Court of Common Pleas","Pennsylvania Court of Common Pleas, Montgomery County","",,,"ST","","pactcompl"
"pactcomplmontou",,,"",,"","2023-10-03 01:24:05.849066+00","f","f","f","367.271049","","Montour County Court of Common Pleas","Pennsylvania Court of Common Pleas, Montour County","",,,"ST","","pactcompl"
"pactcomplnortha",,,"",,"","2023-10-03 01:24:05.863209+00","f","f","f","367.27105","","Northampton County Court of Common Pleas","Pennsylvania Court of Common Pleas, Northampton County","",,,"ST","","pactcompl"
"pactcomplnorthu",,,"",,"","2023-10-03 01:24:05.874765+00","f","f","f","367.271051","","Northumberland County Court of Common Pleas","Pennsylvania Court of Common Pleas, Northumberland County","",,,"ST","","pactcompl"
"pactcomplperry",,,"",,"","2023-10-03 01:24:05.894567+00","f","f","f","367.271052","","Perry County Court of Common Pleas","Pennsylvania Court of Common Pleas, Perry County","",,,"ST","","pactcompl"
"pactcomplphilad",,,"",,"","2023-10-03 01:24:05.90545+00","f","f","f","367.271053","","Philadelphia County Court of Common Pleas","Pennsylvania Court of Common Pleas, Philadelphia County","",,,"ST","","pactcompl"
"pactcomplpike",,,"",,"","2023-10-03 01:24:05.923916+00","f","f","f","367.271054","","Pike County Court of Common Pleas","Pennsylvania Court of Common Pleas, Pike County","",,,"ST","","pactcompl"
"pactcomplpotter",,,"",,"","2023-10-03 01:24:05.943123+00","f","f","f","367.271055","","Potter County Court of Common Pleas","Pennsylvania Court of Common Pleas, Potter County","",,,"ST","","pactcompl"
"pactcomplschuyl",,,"",,"","2023-10-03 01:24:05.953623+00","f","f","f","367.271056","","Schuylkill County Court of Common Pleas","Pennsylvania Court of Common Pleas, Schuylkill County","",,,"ST","","pactcompl"
"pactcomplsnyder",,,"",,"","2023-10-03 01:24:05.975235+00","f","f","f","367.271057","","Snyder County Court of Common Pleas","Pennsylvania Court of Common Pleas, Snyder County","",,,"ST","","pactcompl"
"pactcomplsomers",,,"",,"","2023-10-03 01:24:05.98742+00","f","f","f","367.271058","","Somerset County Court of Common Pleas","Pennsylvania Court of Common Pleas, Somerset County","",,,"ST","","pactcompl"
"pactcomplsulliv",,,"",,"","2023-10-03 01:24:06.007358+00","f","f","f","367.271059","","Sullivan County Court of Common Pleas","Pennsylvania Court of Common Pleas, Sullivan County","",,,"ST","","pactcompl"
"pactcomplsunder",,,"",,"","2023-10-03 01:24:06.021218+00","f","f","f","367.27106","","Sunder County Court of Common Pleas","Pennsylvania Court of Common Pleas, Sunder County","",,,"ST","","pactcompl"
"pactcomplsusque",,,"",,"","2023-10-03 01:24:06.028477+00","f","f","f","367.271061","","Susquehanna County Court of Common Pleas","Pennsylvania Court of Common Pleas, Susquehanna County","",,,"ST","","pactcompl"
"pactcomplsynder",,,"",,"","2023-10-03 01:24:06.035556+00","f","f","f","367.271062","","Synder County Court of Common Pleas","Pennsylvania Court of Common Pleas, Synder County","",,,"ST","","pactcompl"
"pactcompltioga",,,"",,"","2023-10-03 01:24:06.048918+00","f","f","f","367.271063","","Tioga County Court of Common Pleas","Pennsylvania Court of Common Pleas, Tioga County","",,,"ST","","pactcompl"
"pactcomplunion",,,"",,"","2023-10-03 01:24:06.055848+00","f","f","f","367.271064","","Union County Court of Common Pleas","Pennsylvania Court of Common Pleas, Union County","",,,"ST","","pactcompl"
"pactcomplvenang",,,"",,"","2023-10-03 01:24:06.068043+00","f","f","f","367.271065","","Venango County Court of Common Pleas","Pennsylvania Court of Common Pleas, Venango County","",,,"ST","","pactcompl"
"pactcomplwarren",,,"",,"","2023-10-03 01:24:06.076509+00","f","f","f","367.271066","","Warren County Court of Common Pleas","Pennsylvania Court of Common Pleas, Warren County","",,,"ST","","pactcompl"
"pactcomplwashin",,,"",,"","2023-10-03 01:24:06.090744+00","f","f","f","367.271067","","Washington County Court of Common Pleas","Pennsylvania Court of Common Pleas, Washington County","",,,"ST","","pactcompl"
"pactcomplwayne",,,"",,"","2023-10-03 01:24:06.115346+00","f","f","f","367.271068","","Wayne County Court of Common Pleas","Pennsylvania Court of Common Pleas, Wayne County","",,,"ST","","pactcompl"
"pactcomplwestmo",,,"",,"","2023-10-03 01:24:06.135321+00","f","f","f","367.271069","","Westmoreland County Court of Common Pleas","Pennsylvania Court of Common Pleas, Westmoreland County","",,,"ST","","pactcompl"
"pactcomplwycomi",,,"",,"","2023-10-03 01:24:06.151357+00","f","f","f","367.27107","","Wycoming County Court of Common Pleas","Pennsylvania Court of Common Pleas, Wycoming County","",,,"ST","","pactcompl"
"pactcomplwyomin",,,"",,"","2023-10-03 01:24:06.167308+00","f","f","f","367.271071","","Wyoming County Court of Common Pleas","Pennsylvania Court of Common Pleas, Wyoming County","",,,"ST","","pactcompl"
"pactcomplyork",,,"",,"","2023-10-03 01:24:06.177079+00","f","f","f","367.271072","","York County Court of Common Pleas","Pennsylvania Court of Common Pleas, York County","",,,"ST","","pactcompl"
"paorphctadams",,,"",,"","2023-10-03 01:24:06.19205+00","f","f","f","367.271081","","Adams County Orphans' Court","Pennsylvania Orphans' Court, Adams County","",,,"ST","","paorphct"
"paorphctallegh",,,"",,"","2023-10-03 01:24:06.203225+00","f","f","f","367.271082","","Allegheny County Orphans' Court","Pennsylvania Orphans' Court, Allegheny County","",,,"ST","","paorphct"
"paorphctarmstr",,,"",,"","2023-10-03 01:24:06.217548+00","f","f","f","367.271083","","Armstrong County Orphans' Court","Pennsylvania Orphans' Court, Armstrong County","",,,"ST","","paorphct"
"paorphctbeaver",,,"",,"","2023-10-03 01:24:06.229303+00","f","f","f","367.271084","","Beaver County Orphans' Court","Pennsylvania Orphans' Court, Beaver County","",,,"ST","","paorphct"
"paorphctbedfor",,,"",,"","2023-10-03 01:24:06.245993+00","f","f","f","367.271085","","Bedford County Orphans' Court","Pennsylvania Orphans' Court, Bedford County","",,,"ST","","paorphct"
"paorphctberks",,,"",,"","2023-10-03 01:24:06.252516+00","f","f","f","367.271086","","Berks County Orphans' Court","Pennsylvania Orphans' Court, Berks County","",,,"ST","","paorphct"
"paorphctblair",,,"",,"","2023-10-03 01:24:06.263237+00","f","f","f","367.271087","","Blair County Orphans' Court","Pennsylvania Orphans' Court, Blair County","",,,"ST","","paorphct"
"paorphctbradfo",,,"",,"","2023-10-03 01:24:06.270023+00","f","f","f","367.271088","","Bradford County Orphans' Court","Pennsylvania Orphans' Court, Bradford County","",,,"ST","","paorphct"
"paorphctbucks",,,"",,"","2023-10-03 01:24:06.291269+00","f","f","f","367.271089","","Bucks County Orphans' Court","Pennsylvania Orphans' Court, Bucks County","",,,"ST","","paorphct"
"paorphctbutler",,,"",,"","2023-10-03 01:24:06.302117+00","f","f","f","367.27109","","Butler County Orphans' Court","Pennsylvania Orphans' Court, Butler County","",,,"ST","","paorphct"
"paorphctcambri",,,"",,"","2023-10-03 01:24:06.316037+00","f","f","f","367.271091","","Cambria County Orphans' Court","Pennsylvania Orphans' Court, Cambria County","",,,"ST","","paorphct"
"paorphctcamero",,,"",,"","2023-10-03 01:24:06.327195+00","f","f","f","367.271092","","Cameron County Orphans' Court","Pennsylvania Orphans' Court, Cameron County","",,,"ST","","paorphct"
"paorphctcarbon",,,"",,"","2023-10-03 01:24:06.342108+00","f","f","f","367.271093","","Carbon County Orphans' Court","Pennsylvania Orphans' Court, Carbon County","",,,"ST","","paorphct"
"paorphctcentre",,,"",,"","2023-10-03 01:24:06.355309+00","f","f","f","367.271094","","Centre County Orphans' Court","Pennsylvania Orphans' Court, Centre County","",,,"ST","","paorphct"
"paorphctcheste",,,"",,"","2023-10-03 01:24:06.363251+00","f","f","f","367.271095","","Chester County Orphans' Court","Pennsylvania Orphans' Court, Chester County","",,,"ST","","paorphct"
"paorphctclario",,,"",,"","2023-10-03 01:24:06.369855+00","f","f","f","367.271096","","Clarion County Orphans' Court","Pennsylvania Orphans' Court, Clarion County","",,,"ST","","paorphct"
"paorphctclearf",,,"",,"","2023-10-03 01:24:06.379561+00","f","f","f","367.271097","","Clearfield County Orphans' Court","Pennsylvania Orphans' Court, Clearfield County","",,,"ST","","paorphct"
"paorphctclinto",,,"",,"","2023-10-03 01:24:06.391278+00","f","f","f","367.271098","","Clinton County Orphans' Court","Pennsylvania Orphans' Court, Clinton County","",,,"ST","","paorphct"
"paorphctcolumb",,,"",,"","2023-10-03 01:24:06.407327+00","f","f","f","367.271099","","Columbia County Orphans' Court","Pennsylvania Orphans' Court, Columbia County","",,,"ST","","paorphct"
"paorphctcrawfo",,,"",,"","2023-10-03 01:24:06.42323+00","f","f","f","367.2711","","Crawford County Orphans' Court","Pennsylvania Orphans' Court, Crawford County","",,,"ST","","paorphct"
"paorphctcumber",,,"",,"","2023-10-03 01:24:06.434333+00","f","f","f","367.271101","","Cumberland County Orphans' Court","Pennsylvania Orphans' Court, Cumberland County","",,,"ST","","paorphct"
"paorphctdauphi",,,"",,"","2023-10-03 01:24:06.440387+00","f","f","f","367.271102","","Dauphin County Orphans' Court","Pennsylvania Orphans' Court, Dauphin County","",,,"ST","","paorphct"
"paorphctdelawa",,,"",,"","2023-10-03 01:24:06.450489+00","f","f","f","367.271103","","Delaware County Orphans' Court","Pennsylvania Orphans' Court, Delaware County","",,,"ST","","paorphct"
"paorphctelk",,,"",,"","2023-10-03 01:24:06.462986+00","f","f","f","367.271104","","Elk County Orphans' Court","Pennsylvania Orphans' Court, Elk County","",,,"ST","","paorphct"
"paorphcterie",,,"",,"","2023-10-03 01:24:06.479115+00","f","f","f","367.271105","","Erie County Orphans' Court","Pennsylvania Orphans' Court, Erie County","",,,"ST","","paorphct"
"paorphctfayett",,,"",,"","2023-10-03 01:24:06.487199+00","f","f","f","367.271106","","Fayette County Orphans' Court","Pennsylvania Orphans' Court, Fayette County","",,,"ST","","paorphct"
"paorphctforest",,,"",,"","2023-10-03 01:24:06.50314+00","f","f","f","367.271107","","Forest County Orphans' Court","Pennsylvania Orphans' Court, Forest County","",,,"ST","","paorphct"
"paorphctfrankl",,,"",,"","2023-10-03 01:24:06.519282+00","f","f","f","367.271108","","Franklin County Orphans' Court","Pennsylvania Orphans' Court, Franklin County","",,,"ST","","paorphct"
"paorphctfulton",,,"",,"","2023-10-03 01:24:06.528837+00","f","f","f","367.271109","","Fulton County Orphans' Court","Pennsylvania Orphans' Court, Fulton County","",,,"ST","","paorphct"
"paorphctgreene",,,"",,"","2023-10-03 01:24:06.541174+00","f","f","f","367.27111","","Greene County Orphans' Court","Pennsylvania Orphans' Court, Greene County","",,,"ST","","paorphct"
"paorphcthuntin",,,"",,"","2023-10-03 01:24:06.551255+00","f","f","f","367.271111","","Huntingdon County Orphans' Court","Pennsylvania Orphans' Court, Huntingdon County","",,,"ST","","paorphct"
"paorphctindian",,,"",,"","2023-10-03 01:24:06.559788+00","f","f","f","367.271112","","Indiana County Orphans' Court","Pennsylvania Orphans' Court, Indiana County","",,,"ST","","paorphct"
"paorphctjeffer",,,"",,"","2023-10-03 01:24:06.571181+00","f","f","f","367.271113","","Jefferson County Orphans' Court","Pennsylvania Orphans' Court, Jefferson County","",,,"ST","","paorphct"
"paorphctjuniat",,,"",,"","2023-10-03 01:24:06.583245+00","f","f","f","367.271114","","Juniata County Orphans' Court","Pennsylvania Orphans' Court, Juniata County","",,,"ST","","paorphct"
"paorphctlackaw",,,"",,"","2023-10-03 01:24:06.592226+00","f","f","f","367.271115","","Lackawanna County Orphans' Court","Pennsylvania Orphans' Court, Lackawanna County","",,,"ST","","paorphct"
"paorphctlancas",,,"",,"","2023-10-03 01:24:06.600352+00","f","f","f","367.271116","","Lancaster County Orphans' Court","Pennsylvania Orphans' Court, Lancaster County","",,,"ST","","paorphct"
"paorphctlawren",,,"",,"","2023-10-03 01:24:06.611404+00","f","f","f","367.271117","","Lawrence County Orphans' Court","Pennsylvania Orphans' Court, Lawrence County","",,,"ST","","paorphct"
"paorphctlebano",,,"",,"","2023-10-03 01:24:06.619729+00","f","f","f","367.271118","","Lebanon County Orphans' Court","Pennsylvania Orphans' Court, Lebanon County","",,,"ST","","paorphct"
"paorphctlehigh",,,"",,"","2023-10-03 01:24:06.625788+00","f","f","f","367.271119","","Lehigh County Orphans' Court","Pennsylvania Orphans' Court, Lehigh County","",,,"ST","","paorphct"
"paorphctluzern",,,"",,"","2023-10-03 01:24:06.632379+00","f","f","f","367.27112","","Luzerne County Orphans' Court","Pennsylvania Orphans' Court, Luzerne County","",,,"ST","","paorphct"
"paorphctlycomi",,,"",,"","2023-10-03 01:24:06.643241+00","f","f","f","367.271121","","Lycoming County Orphans' Court","Pennsylvania Orphans' Court, Lycoming County","",,,"ST","","paorphct"
"paorphctmercer",,,"",,"","2023-10-03 01:24:06.655457+00","f","f","f","367.271122","","Mercer County Orphans' Court","Pennsylvania Orphans' Court, Mercer County","",,,"ST","","paorphct"
"paorphctmiffli",,,"",,"","2023-10-03 01:24:06.668946+00","f","f","f","367.271123","","Mifflin County Orphans' Court","Pennsylvania Orphans' Court, Mifflin County","",,,"ST","","paorphct"
"paorphctmongto",,,"",,"","2023-10-03 01:24:06.683241+00","f","f","f","367.271124","","Mongtomery County Orphans' Court","Pennsylvania Orphans' Court, Mongtomery County","",,,"ST","","paorphct"
"paorphctmonroe",,,"",,"","2023-10-03 01:24:06.691421+00","f","f","f","367.271125","","Monroe County Orphans' Court","Pennsylvania Orphans' Court, Monroe County","",,,"ST","","paorphct"
"paorphctmontgo",,,"",,"","2023-10-03 01:24:06.706564+00","f","f","f","367.271126","","Montgomery County Orphans' Court","Pennsylvania Orphans' Court, Montgomery County","",,,"ST","","paorphct"
"paorphctmontou",,,"",,"","2023-10-03 01:24:06.721138+00","f","f","f","367.271127","","Montour County Orphans' Court","Pennsylvania Orphans' Court, Montour County","",,,"ST","","paorphct"
"paorphctnortha",,,"",,"","2023-10-03 01:24:06.739354+00","f","f","f","367.271128","","Northampton County Orphans' Court","Pennsylvania Orphans' Court, Northampton County","",,,"ST","","paorphct"
"paorphctnorthu",,,"",,"","2023-10-03 01:24:06.765359+00","f","f","f","367.271129","","Northumberland County Orphans' Court","Pennsylvania Orphans' Court, Northumberland County","",,,"ST","","paorphct"
"paorphctperry",,,"",,"","2023-10-03 01:24:06.779288+00","f","f","f","367.27113","","Perry County Orphans' Court","Pennsylvania Orphans' Court, Perry County","",,,"ST","","paorphct"
"paorphctphilad",,,"",,"","2023-10-03 01:24:06.799351+00","f","f","f","367.271131","","Philadelphia County Orphans' Court","Pennsylvania Orphans' Court, Philadelphia County","",,,"ST","","paorphct"
"paorphctpike",,,"",,"","2023-10-03 01:24:06.815328+00","f","f","f","367.271132","","Pike County Orphans' Court","Pennsylvania Orphans' Court, Pike County","",,,"ST","","paorphct"
"paorphctschuyl",,,"",,"","2023-10-03 01:24:06.82887+00","f","f","f","367.271133","","Schuylkill County Orphans' Court","Pennsylvania Orphans' Court, Schuylkill County","",,,"ST","","paorphct"
"paorphctsnyder",,,"",,"","2023-10-03 01:24:06.843248+00","f","f","f","367.271134","","Snyder County Orphans' Court","Pennsylvania Orphans' Court, Snyder County","",,,"ST","","paorphct"
"paorphctsomers",,,"",,"","2023-10-03 01:24:06.863299+00","f","f","f","367.271135","","Somerset County Orphans' Court","Pennsylvania Orphans' Court, Somerset County","",,,"ST","","paorphct"
"paorphctsulliv",,,"",,"","2023-10-03 01:24:06.879422+00","f","f","f","367.271136","","Sullivan County Orphans' Court","Pennsylvania Orphans' Court, Sullivan County","",,,"ST","","paorphct"
"paorphctsusque",,,"",,"","2023-10-03 01:24:06.895281+00","f","f","f","367.271137","","Susquehanna County Orphans' Court","Pennsylvania Orphans' Court, Susquehanna County","",,,"ST","","paorphct"
"paorphcttioga",,,"",,"","2023-10-03 01:24:06.915187+00","f","f","f","367.271138","","Tioga County Orphans' Court","Pennsylvania Orphans' Court, Tioga County","",,,"ST","","paorphct"
"paorphctunion",,,"",,"","2023-10-03 01:24:06.928988+00","f","f","f","367.271139","","Union County Orphans' Court","Pennsylvania Orphans' Court, Union County","",,,"ST","","paorphct"
"paorphctvenang",,,"",,"","2023-10-03 01:24:06.943306+00","f","f","f","367.27114","","Venango County Orphans' Court","Pennsylvania Orphans' Court, Venango County","",,,"ST","","paorphct"
"paorphctwarren",,,"",,"","2023-10-03 01:24:06.959208+00","f","f","f","367.271141","","Warren County Orphans' Court","Pennsylvania Orphans' Court, Warren County","",,,"ST","","paorphct"
"paorphctwashin",,,"",,"","2023-10-03 01:24:06.975352+00","f","f","f","367.271142","","Washington County Orphans' Court","Pennsylvania Orphans' Court, Washington County","",,,"ST","","paorphct"
"paorphctwayne",,,"",,"","2023-10-03 01:24:06.987224+00","f","f","f","367.271143","","Wayne County Orphans' Court","Pennsylvania Orphans' Court, Wayne County","",,,"ST","","paorphct"
"paorphctwestmo",,,"",,"","2023-10-03 01:24:06.997955+00","f","f","f","367.271144","","Westmoreland County Orphans' Court","Pennsylvania Orphans' Court, Westmoreland County","",,,"ST","","paorphct"
"paorphctwyomin",,,"",,"","2023-10-03 01:24:07.015211+00","f","f","f","367.271145","","Wyoming County Orphans' Court","Pennsylvania Orphans' Court, Wyoming County","",,,"ST","","paorphct"
"paorphctyork",,,"",,"","2023-10-03 01:24:07.0315+00","f","f","f","367.271146","York Cty. Orphans' Ct.","York County Orphans' Court","York County Orphans' Court","",,,"ST","Created as part of import of Case.Law data.","paorphct"
"paoytermctadams",,,"",,"","2023-10-03 01:24:07.043524+00","f","f","f","367.27201","Adams Cty. Ct. Oy. Term.","Adams County Court of Oyer and Terminer","Adams County Court of Oyer and Terminer","",,,"ST","Created as part of import of Case.Law data.","paoytermct"
"paoytermctalleg",,,"",,"","2023-10-03 01:24:07.05916+00","f","f","f","367.27202","Allegheny Cty. Ct. Oy. Term.","Allegheny County Court of Oyer and Terminer","Allegheny County Court of Oyer and Terminer","",,,"ST","Created as part of import of Case.Law data.","paoytermct"
"paoytermctbeave",,,"",,"","2023-10-03 01:24:07.075189+00","f","f","f","367.27203","Beaver Cty. Ct. Oy. Term.","Beaver County Court of Oyer and Terminer","Beaver County Court of Oyer and Terminer","",,,"ST","Created as part of import of Case.Law data.","paoytermct"
"paoytermctberks",,,"",,"","2023-10-03 01:24:07.095424+00","f","f","f","367.27204","Berks Cty. Ct. Oy. Term.","Berks County Court of Oyer and Terminer","Berks County Court of Oyer and Terminer","",,,"ST","Created as part of import of Case.Law data.","paoytermct"
"paoytermctbucks",,,"",,"","2023-10-03 01:24:07.110459+00","f","f","f","367.27205","Bucks Cty. Ct. Oy. Term.","Bucks County Court of Oyer and Terminer","Bucks County Court of Oyer and Terminer","",,,"ST","Created as part of import of Case.Law data.","paoytermct"
"paoytermctcambr",,,"",,"","2023-10-03 01:24:07.123268+00","f","f","f","367.27206","Cambria Cty. Ct. Oy. Term.","Cambria County Court of Oyer and Terminer","Cambria County Court of Oyer and Terminer","",,,"ST","Created as part of import of Case.Law data.","paoytermct"
"paoytermctcarbo",,,"",,"","2023-10-03 01:24:07.137896+00","f","f","f","367.27207","Carbon Cty. Ct. Oy. Term.","Carbon County Court of Oyer and Terminer","Carbon County Court of Oyer and Terminer","",,,"ST","Created as part of import of Case.Law data.","paoytermct"
"paoytermctchest",,,"",,"","2023-10-03 01:24:07.1514+00","f","f","f","367.27208","Chester Cty. Ct. Oy. Term.","Chester County Court of Oyer and Terminer","Chester County Court of Oyer and Terminer","",,,"ST","Created as part of import of Case.Law data.","paoytermct"
"paoytermctclari",,,"",,"","2023-10-03 01:24:07.16011+00","f","f","f","367.27209","Clarion Cty. Ct. Oy. Term.","Clarion County Court of Oyer and Terminer","Clarion County Court of Oyer and Terminer","",,,"ST","Created as part of import of Case.Law data.","paoytermct"
"paoytermctcolum",,,"",,"","2023-10-03 01:24:07.179373+00","f","f","f","367.2721","Columbia Cty. Ct. Oy. Term.","Columbia County Court of Oyer and Terminer","Columbia County Court of Oyer and Terminer","",,,"ST","Created as part of import of Case.Law data.","paoytermct"
"paoytermctcumbe",,,"",,"","2023-10-03 01:24:07.189087+00","f","f","f","367.27211","Cumberl Cty. Ct. Oy. Term.","Cumberland County Court of Oyer and Terminer","Cumberland County Court of Oyer and Terminer","",,,"ST","Created as part of import of Case.Law data.","paoytermct"
"paoytermctdauph",,,"",,"","2023-10-03 01:24:07.207629+00","f","f","f","367.27212","Dauphin Cty. Ct. Oy. Term.","Dauphin County Court of Oyer and Terminer","Dauphin County Court of Oyer and Terminer","",,,"ST","Created as part of import of Case.Law data.","paoytermct"
"paoytermctdelaw",,,"",,"","2023-10-03 01:24:07.223453+00","f","f","f","367.27213","Delaware Cty. Ct. Oy. Term.","Delaware County Court of Oyer and Terminer","Delaware County Court of Oyer and Terminer","",,,"ST","Created as part of import of Case.Law data.","paoytermct"
"paoytermcterie",,,"",,"","2023-10-03 01:24:07.239254+00","f","f","f","367.27214","Erie Cty. Ct. Oy. Term.","Erie County Court of Oyer and Terminer","Erie County Court of Oyer and Terminer","",,,"ST","Created as part of import of Case.Law data.","paoytermct"
"paoytermctfayet",,,"",,"","2023-10-03 01:24:07.25118+00","f","f","f","367.27215","Fayette Cty. Ct. Oy. Term.","Fayette County Court of Oyer and Terminer","Fayette County Court of Oyer and Terminer","",,,"ST","Created as part of import of Case.Law data.","paoytermct"
"paoytermctfrank",,,"",,"","2023-10-03 01:24:07.267433+00","f","f","f","367.27216","Franklin Cty. Ct. Oy. Term.","Franklin County Court of Oyer and Terminer","Franklin County Court of Oyer and Terminer","",,,"ST","Created as part of import of Case.Law data.","paoytermct"
"paoytermctfulto",,,"",,"","2023-10-03 01:24:07.279368+00","f","f","f","367.27217","Fulton Cty. Ct. Oy. Term.","Fulton County Court of Oyer and Terminer","Fulton County Court of Oyer and Terminer","",,,"ST","Created as part of import of Case.Law data.","paoytermct"
"paoytermctgreen",,,"",,"","2023-10-03 01:24:07.295515+00","f","f","f","367.27218","Greene Cty. Ct. Oy. Term.","Greene County Court of Oyer and Terminer","Greene County Court of Oyer and Terminer","",,,"ST","Created as part of import of Case.Law data.","paoytermct"
"paoytermctjeffe",,,"",,"","2023-10-03 01:24:07.309835+00","f","f","f","367.27219","Jefferson Cty. Ct. Oy. Term.","Jefferson County Court of Oyer and Terminer","Jefferson County Court of Oyer and Terminer","",,,"ST","Created as part of import of Case.Law data.","paoytermct"
"paoytermctjunia",,,"",,"","2023-10-03 01:24:07.323633+00","f","f","f","367.2722","Juniata Cty. Ct. Oy. Term.","Juniata County Court of Oyer and Terminer","Juniata County Court of Oyer and Terminer","",,,"ST","Created as part of import of Case.Law data.","paoytermct"
"paoytermctlacka",,,"",,"","2023-10-03 01:24:07.334701+00","f","f","f","367.27221","Lackawanna Cty. Ct. Oy. Term.","Lackawanna County Court of Oyer and Terminer","Lackawanna County Court of Oyer and Terminer","",,,"ST","Created as part of import of Case.Law data.","paoytermct"
"paoytermctlanca",,,"",,"","2023-10-03 01:24:07.3489+00","f","f","f","367.27222","Lancaster Cty. Ct. Oy. Term.","Lancaster County Court of Oyer and Terminer","Lancaster County Court of Oyer and Terminer","",,,"ST","Created as part of import of Case.Law data.","paoytermct"
"paoytermctlawre",,,"",,"","2023-10-03 01:24:07.358462+00","f","f","f","367.27223","Lawrence Cty. Ct. Oy. Term.","Lawrence County Court of Oyer and Terminer","Lawrence County Court of Oyer and Terminer","",,,"ST","Created as part of import of Case.Law data.","paoytermct"
"paoytermctleban",,,"",,"","2023-10-03 01:24:07.375196+00","f","f","f","367.27224","Lebanon Cty. Ct. Oy. Term.","Lebanon County Court of Oyer and Terminer","Lebanon County Court of Oyer and Terminer","",,,"ST","Created as part of import of Case.Law data.","paoytermct"
"paoytermctlehig",,,"",,"","2023-10-03 01:24:07.391186+00","f","f","f","367.27225","Lehigh Cty. Ct. Oy. Term.","Lehigh County Court of Oyer and Terminer","Lehigh County Court of Oyer and Terminer","",,,"ST","Created as part of import of Case.Law data.","paoytermct"
"paoytermctluzer",,,"",,"","2023-10-03 01:24:07.406429+00","f","f","f","367.27226","Luzerne Cty. Ct. Oy. Term.","Luzerne County Court of Oyer and Terminer","Luzerne County Court of Oyer and Terminer","",,,"ST","Created as part of import of Case.Law data.","paoytermct"
"paoytermctmerce",,,"",,"","2023-10-03 01:24:07.434985+00","f","f","f","367.27227","Mercer Cty. Ct. Oy. Term.","Mercer County Court of Oyer and Terminer","Mercer County Court of Oyer and Terminer","",,,"ST","Created as part of import of Case.Law data.","paoytermct"
"paoytermctmontg",,,"",,"","2023-10-03 01:24:07.447698+00","f","f","f","367.27228","Montgomery Cty. Ct. Oy. Term.","Montgomery County Court of Oyer and Terminer","Montgomery County Court of Oyer and Terminer","",,,"ST","Created as part of import of Case.Law data.","paoytermct"
"paoytermctnorth",,,"",,"","2023-10-03 01:24:07.459286+00","f","f","f","367.27229","Northampton Cty. Ct. Oy. Term.","Northampton County Court of Oyer and Terminer","Northampton County Court of Oyer and Terminer","",,,"ST","Created as part of import of Case.Law data.","paoytermct"
"paoytermctperry",,,"",,"","2023-10-03 01:24:07.475395+00","f","f","f","367.2723","Perry Cty. Ct. Oy. Term.","Perry County Court of Oyer and Terminer","Perry County Court of Oyer and Terminer","",,,"ST","Created as part of import of Case.Law data.","paoytermct"
"paoytermctphila",,,"",,"","2023-10-03 01:24:07.491184+00","f","f","f","367.27231","Philadelphia Cty. Ct. Oy. Term.","Philadelphia County Court of Oyer and Terminer","Philadelphia County Court of Oyer and Terminer","",,,"ST","Created as part of import of Case.Law data.","paoytermct"
"paoytermctschuy",,,"",,"","2023-10-03 01:24:07.507237+00","f","f","f","367.27232","Schuylkill Cty. Ct. Oy. Term.","Schuylkill County Court of Oyer and Terminer","Schuylkill County Court of Oyer and Terminer","",,,"ST","Created as part of import of Case.Law data.","paoytermct"
"paoytermctsomer",,,"",,"","2023-10-03 01:24:07.51915+00","f","f","f","367.27233","Somerset Cty. Ct. Oy. & Term.","Somerset County Ct. Oyer & Terminer","Somerset County Ct. Oyer & Terminer","",,,"ST","Created as part of import of Case.Law data.","paoytermct"
"paoytermctvenan",,,"",,"","2023-10-03 01:24:07.531181+00","f","f","f","367.27234","Venango Cty. Ct. Oy. Term.","Venango County Court of Oyer and Terminer","Venango County Court of Oyer and Terminer","",,,"ST","Created as part of import of Case.Law data.","paoytermct"
"paoytermctwestm",,,"",,"","2023-10-03 01:24:07.548738+00","f","f","f","367.27235","Westmorel Cty. Ct. Oy. Term.","Westmoreland County Court of Oyer and Terminer","Westmoreland County Court of Oyer and Terminer","",,,"ST","Created as part of import of Case.Law data.","paoytermct"
"paoytermctyork",,,"",,"","2023-10-03 01:24:07.567171+00","f","f","f","367.27236","York Cty. Ct. Oy. Term.","York County Court of Oyer and Terminer","York County Court of Oyer and Terminer","",,,"ST","Created as part of import of Case.Law data.","paoytermct"
"paqtrsessadams",,,"",,"","2023-10-03 01:24:07.57421+00","f","f","f","367.27301","Adams Cty. Ct. Qtr. Sess.","Adams County Court of Quarter Sessions","Adams County Court of Quarter Sessions","",,,"ST","Created as part of import of Case.Law data.","pennctqtrsess"
"paqtrsessallegh",,,"",,"","2023-10-03 01:24:07.581934+00","f","f","f","367.27302","Allegheny Cty. Ct. Qtr. Sess.","Allegheny County Court of Quarter Sessions","Allegheny County Court of Quarter Sessions","",,,"ST","Created as part of import of Case.Law data.","pennctqtrsess"
"paqtrsessarmstr",,,"",,"","2023-10-03 01:24:07.589909+00","f","f","f","367.27303","Armstrong Cty. Ct. Qtr. Sess.","Armstrong County Court of Quarter Sessions","Armstrong County Court of Quarter Sessions","",,,"ST","Created as part of import of Case.Law data.","pennctqtrsess"
"paqtrsessbeaver",,,"",,"","2023-10-03 01:24:07.598217+00","f","f","f","367.27304","Beaver Cty. Ct. Qtr. Sess.","Beaver County Court of Quarter Sessions","Beaver County Court of Quarter Sessions","",,,"ST","Created as part of import of Case.Law data.","pennctqtrsess"
"paqtrsessbedfor",,,"",,"","2023-10-03 01:24:07.612764+00","f","f","f","367.27305","Bedford Cty. Ct. Qtr. Sess.","Bedford County Court of Quarter Sessions","Bedford County Court of Quarter Sessions","",,,"ST","Created as part of import of Case.Law data.","pennctqtrsess"
"paqtrsessberks",,,"",,"","2023-10-03 01:24:07.622537+00","f","f","f","367.27306","Berks Cty. Ct. Qtr. Sess.","Berks County Court of Quarter Sessions","Berks County Court of Quarter Sessions","",,,"ST","Created as part of import of Case.Law data.","pennctqtrsess"
"paqtrsessblair",,,"",,"","2023-10-03 01:24:07.634954+00","f","f","f","367.27307","Blair Cty. Ct. Qtr. Sess.","Blair County Court of Quarter Sessions","Blair County Court of Quarter Sessions","",,,"ST","Created as part of import of Case.Law data.","pennctqtrsess"
"paqtrsessbradfo",,,"",,"","2023-10-03 01:24:07.648345+00","f","f","f","367.27308","Bradford Cty. Ct. Qtr. Sess.","Bradford County Court of Quarter Sessions","Bradford County Court of Quarter Sessions","",,,"ST","Created as part of import of Case.Law data.","pennctqtrsess"
"paqtrsessbucks",,,"",,"","2023-10-03 01:24:07.663369+00","f","f","f","367.27309","Bucks Cty. Ct. Qtr. Sess.","Bucks County Court of Quarter Sessions","Bucks County Court of Quarter Sessions","",,,"ST","Created as part of import of Case.Law data.","pennctqtrsess"
"paqtrsessbutler",,,"",,"","2023-10-03 01:24:07.679105+00","f","f","f","367.2731","Butler Cty. Ct. Qtr. Sess.","Butler County Court of Quarter Sessions","Butler County Court of Quarter Sessions","",,,"ST","Created as part of import of Case.Law data.","pennctqtrsess"
"paqtrsesscambri",,,"",,"","2023-10-03 01:24:07.695215+00","f","f","f","367.27311","Cambria Cty. Ct. Qtr. Sess.","Cambria County Court of Quarter Sessions","Cambria County Court of Quarter Sessions","",,,"ST","Created as part of import of Case.Law data.","pennctqtrsess"
"paqtrsesscamero",,,"",,"","2023-10-03 01:24:07.707178+00","f","f","f","367.27312","Cameron Cty. Ct. Qtr. Sess.","Cameron County Court of Quarter Sessions","Cameron County Court of Quarter Sessions","",,,"ST","Created as part of import of Case.Law data.","pennctqtrsess"
"paqtrsesscarbon",,,"",,"","2023-10-03 01:24:07.717164+00","f","f","f","367.27313","Carbon Cty. Ct. Qtr. Sess.","Carbon County Court of Quarter Sessions","Carbon County Court of Quarter Sessions","",,,"ST","Created as part of import of Case.Law data.","pennctqtrsess"
"paqtrsesscentre",,,"",,"","2023-10-03 01:24:07.726066+00","f","f","f","367.27314","Centre Cty. Ct. Qtr. Sess.","Centre County Court of Quarter Sessions","Centre County Court of Quarter Sessions","",,,"ST","Created as part of import of Case.Law data.","pennctqtrsess"
"paqtrsesscheste",,,"",,"","2023-10-03 01:24:07.732579+00","f","f","f","367.27315","Chester Cty. Ct. Qtr. Sess.","Chester County Court of Quarter Sessions","Chester County Court of Quarter Sessions","",,,"ST","Created as part of import of Case.Law data.","pennctqtrsess"
"paqtrsessclario",,,"",,"","2023-10-03 01:24:07.738582+00","f","f","f","367.27316","Clarion Cty. Ct. Qtr. Sess.","Clarion County Court of Quarter Sessions","Clarion County Court of Quarter Sessions","",,,"ST","Created as part of import of Case.Law data.","pennctqtrsess"
"paqtrsessclearf",,,"",,"","2023-10-03 01:24:07.746356+00","f","f","f","367.27317","Clearfield Cty. Ct. Qtr. Sess.","Clearfield County Court of Quarter Sessions","Clearfield County Court of Quarter Sessions","",,,"ST","Created as part of import of Case.Law data.","pennctqtrsess"
"paqtrsessclinto",,,"",,"","2023-10-03 01:24:07.759187+00","f","f","f","367.27318","Clinton Cty. Ct. Qtr. Sess.","Clinton County Court of Quarter Sessions","Clinton County Court of Quarter Sessions","",,,"ST","Created as part of import of Case.Law data.","pennctqtrsess"
"paqtrsesscolumb",,,"",,"","2023-10-03 01:24:07.769326+00","f","f","f","367.27319","Columbia Cty. Ct. Qtr. Sess.","Columbia County Court of Quarter Sessions","Columbia County Court of Quarter Sessions","",,,"ST","Created as part of import of Case.Law data.","pennctqtrsess"
"paqtrsesscrawfo",,,"",,"","2023-10-03 01:24:07.779534+00","f","f","f","367.2732","Crawford Cty. Ct. Qtr. Sess.","Crawford County Court of Quarter Sessions","Crawford County Court of Quarter Sessions","",,,"ST","Created as part of import of Case.Law data.","pennctqtrsess"
"paqtrsesscumber",,,"",,"","2023-10-03 01:24:07.790252+00","f","f","f","367.27321","Cumberland Cty. Ct. Qtr. Sess.","Cumberland County Court of Quarter Sessions","Cumberland County Court of Quarter Sessions","",,,"ST","Created as part of import of Case.Law data.","pennctqtrsess"
"paqtrsessdauphi",,,"",,"","2023-10-03 01:24:07.801946+00","f","f","f","367.27322","Dauphin Cty. Ct. Qtr. Sess.","Dauphin County Court of Quarter Sessions","Dauphin County Court of Quarter Sessions","",,,"ST","Created as part of import of Case.Law data.","pennctqtrsess"
"paqtrsessdelawa",,,"",,"","2023-10-03 01:24:07.807929+00","f","f","f","367.27323","Delaware Cty. Ct. Qtr. Sess.","Delaware County Court of Quarter Sessions","Delaware County Court of Quarter Sessions","",,,"ST","Created as part of import of Case.Law data.","pennctqtrsess"
"paqtrsesselk",,,"",,"","2023-10-03 01:24:07.8168+00","f","f","f","367.27324","Elk Cty. Ct. Qtr. Sess.","Elk County Court of Quarter Sessions","Elk County Court of Quarter Sessions","",,,"ST","Created as part of import of Case.Law data.","pennctqtrsess"
"paqtrsesserie",,,"",,"","2023-10-03 01:24:07.825697+00","f","f","f","367.27325","Erie Cty. Ct. Qtr. Sess.","Erie County Court of Quarter Sessions","Erie County Court of Quarter Sessions","",,,"ST","Created as part of import of Case.Law data.","pennctqtrsess"
"paqtrsessfayett",,,"",,"","2023-10-03 01:24:07.851304+00","f","f","f","367.27326","Fayette Cty. Ct. Qtr. Sess.","Fayette County Court of Quarter Sessions","Fayette County Court of Quarter Sessions","",,,"ST","Created as part of import of Case.Law data.","pennctqtrsess"
"paqtrsessfrankl",,,"",,"","2023-10-03 01:24:07.871648+00","f","f","f","367.27327","Franklin Cty. Ct. Qtr. Sess.","Franklin County Court of Quarter Sessions","Franklin County Court of Quarter Sessions","",,,"ST","Created as part of import of Case.Law data.","pennctqtrsess"
"paqtrsessfulton",,,"",,"","2023-10-03 01:24:07.882645+00","f","f","f","367.27328","Fulton Cty. Ct. Qtr. Sess.","Fulton County Court of Quarter Sessions","Fulton County Court of Quarter Sessions","",,,"ST","Created as part of import of Case.Law data.","pennctqtrsess"
"paqtrsessgreene",,,"",,"","2023-10-03 01:24:07.900528+00","f","f","f","367.27329","Greene Cty. Ct. Qtr. Sess.","Greene County Court of Quarter Sessions","Greene County Court of Quarter Sessions","",,,"ST","Created as part of import of Case.Law data.","pennctqtrsess"
"paqtrsesshuntin",,,"",,"","2023-10-03 01:24:07.923365+00","f","f","f","367.2733","Huntingdon Cty. Ct. Qtr. Sess.","Huntingdon County Court of Quarter Sessions","Huntingdon County Court of Quarter Sessions","",,,"ST","Created as part of import of Case.Law data.","pennctqtrsess"
"paqtrsessindian",,,"",,"","2023-10-03 01:24:07.939332+00","f","f","f","367.27331","Indiana Cty. Ct. Qtr. Sess.","Indiana County Court of Quarter Sessions","Indiana County Court of Quarter Sessions","",,,"ST","Created as part of import of Case.Law data.","pennctqtrsess"
"paqtrsessjeffer",,,"",,"","2023-10-03 01:24:07.954924+00","f","f","f","367.27332","Jefferson Cty. Ct. Qtr. Sess.","Jefferson County Court of Quarter Sessions","Jefferson County Court of Quarter Sessions","",,,"ST","Created as part of import of Case.Law data.","pennctqtrsess"
"paqtrsessjuniat",,,"",,"","2023-10-03 01:24:07.97521+00","f","f","f","367.27333","Juniata Cty. Ct. Qtr. Sess.","Juniata County Court of Quarter Sessions","Juniata County Court of Quarter Sessions","",,,"ST","Created as part of import of Case.Law data.","pennctqtrsess"
"paqtrsesslackaw",,,"",,"","2023-10-03 01:24:07.991218+00","f","f","f","367.27334","Lackawanna Cty. Ct. Qtr. Sess.","Lackawanna County Court of Quarter Sessions","Lackawanna County Court of Quarter Sessions","",,,"ST","Created as part of import of Case.Law data.","pennctqtrsess"
"paqtrsesslancas",,,"",,"","2023-10-03 01:24:08.002859+00","f","f","f","367.27335","Lancaster Cty. Ct. Qtr. Sess.","Lancaster County Court of Quarter Sessions","Lancaster County Court of Quarter Sessions","",,,"ST","Created as part of import of Case.Law data.","pennctqtrsess"
"paqtrsesslawren",,,"",,"","2023-10-03 01:24:08.014521+00","f","f","f","367.27336","Lawrence Cty. Ct. Qtr. Sess.","Lawrence County Court of Quarter Sessions","Lawrence County Court of Quarter Sessions","",,,"ST","Created as part of import of Case.Law data.","pennctqtrsess"
"paqtrsesslebano",,,"",,"","2023-10-03 01:24:08.027699+00","f","f","f","367.27337","Lebanon Cty. Ct. Qtr. Sess.","Lebanon County Court of Quarter Sessions","Lebanon County Court of Quarter Sessions","",,,"ST","Created as part of import of Case.Law data.","pennctqtrsess"
"paqtrsesslehigh",,,"",,"","2023-10-03 01:24:08.047354+00","f","f","f","367.27338","Lehigh Cty. Ct. Qtr. Sess.","Lehigh County Court of Quarter Sessions","Lehigh County Court of Quarter Sessions","",,,"ST","Created as part of import of Case.Law data.","pennctqtrsess"
"paqtrsessluzern",,,"",,"","2023-10-03 01:24:08.053345+00","f","f","f","367.27339","Luzerne Cty. Ct. Qtr. Sess.","Luzerne County Court of Quarter Sessions","Luzerne County Court of Quarter Sessions","",,,"ST","Created as part of import of Case.Law data.","pennctqtrsess"
"paqtrsesslycomi",,,"",,"","2023-10-03 01:24:08.063202+00","f","f","f","367.2734","Lycoming Cty. Ct. Qtr. Sess.","Lycoming County Court of Quarter Sessions","Lycoming County Court of Quarter Sessions","",,,"ST","Created as part of import of Case.Law data.","pennctqtrsess"
"paqtrsessmckean",,,"",,"","2023-10-03 01:24:08.08331+00","f","f","f","367.27341","McKean Cty. Ct. Qtr. Sess.","McKean County Court of Quarter Sessions","McKean County Court of Quarter Sessions","",,,"ST","Created as part of import of Case.Law data.","pennctqtrsess"
"paqtrsessmercer",,,"",,"","2023-10-03 01:24:08.10076+00","f","f","f","367.27342","Mercer Cty. Ct. Qtr. Sess.","Mercer County Court of Quarter Sessions","Mercer County Court of Quarter Sessions","",,,"ST","Created as part of import of Case.Law data.","pennctqtrsess"
"paqtrsessmiffli",,,"",,"","2023-10-03 01:24:08.110166+00","f","f","f","367.27343","Mifflin Cty. Ct. Qtr. Sess.","Mifflin County Court of Quarter Sessions","Mifflin County Court of Quarter Sessions","",,,"ST","Created as part of import of Case.Law data.","pennctqtrsess"
"paqtrsessmonroe",,,"",,"","2023-10-03 01:24:08.116965+00","f","f","f","367.27344","Monroe Cty. Ct. Qtr. Sess.","Monroe County Court of Quarter Sessions","Monroe County Court of Quarter Sessions","",,,"ST","Created as part of import of Case.Law data.","pennctqtrsess"
"paqtrsessmontgo",,,"",,"","2023-10-03 01:24:08.135092+00","f","f","f","367.27345","Montgomery Cty. Ct. Qtr. Sess.","Montgomery County Court of Quarter Sessions","Montgomery County Court of Quarter Sessions","",,,"ST","Created as part of import of Case.Law data.","pennctqtrsess"
"paqtrsessmontou",,,"",,"","2023-10-03 01:24:08.148123+00","f","f","f","367.27346","Montour Cty. Ct. Qtr. Sess.","Montour County Court of Quarter Sessions","Montour County Court of Quarter Sessions","",,,"ST","Created as part of import of Case.Law data.","pennctqtrsess"
"paqtrsessnortha",,,"",,"","2023-10-03 01:24:08.155812+00","f","f","f","367.27347","Northampton Cty. Ct. Qtr. Sess.","Northampton County Court of Quarter Sessions","Northampton County Court of Quarter Sessions","",,,"ST","Created as part of import of Case.Law data.","pennctqtrsess"
"paqtrsessnorthu",,,"",,"","2023-10-03 01:24:08.171168+00","f","f","f","367.27348","Northumberland Cty. Ct. Qtr. Sess.","Northumberland County Court of Quarter Sessions","Northumberland County Court of Quarter Sessions","",,,"ST","Created as part of import of Case.Law data.","pennctqtrsess"
"paqtrsessperry",,,"",,"","2023-10-03 01:24:08.183231+00","f","f","f","367.27349","Perry Cty. Ct. Qtr. Sess.","Perry County Court of Quarter Sessions","Perry County Court of Quarter Sessions","",,,"ST","Created as part of import of Case.Law data.","pennctqtrsess"
"paqtrsessphilad",,,"",,"","2023-10-03 01:24:08.192185+00","f","f","f","367.2735","Philadelphia Cty. Ct. Qtr. Sess.","Philadelphia County Court of Quarter Sessions","Philadelphia County Court of Quarter Sessions","",,,"ST","Created as part of import of Case.Law data.","pennctqtrsess"
"paqtrsesspike",,,"",,"","2023-10-03 01:24:08.201895+00","f","f","f","367.27351","Pike Cty. Ct. Qtr. Sess.","Pike County Court of Quarter Sessions","Pike County Court of Quarter Sessions","",,,"ST","Created as part of import of Case.Law data.","pennctqtrsess"
"paqtrsesspotter",,,"",,"","2023-10-03 01:24:08.213918+00","f","f","f","367.27352","Potter Cty. Ct. Qtr. Sess.","Potter County Court of Quarter Sessions","Potter County Court of Quarter Sessions","",,,"ST","Created as part of import of Case.Law data.","pennctqtrsess"
"paqtrsessschuyl",,,"",,"","2023-10-03 01:24:08.227172+00","f","f","f","367.27353","Schuylkill Cty. Ct. Qtr. Sess.","Schuylkill County Court of Quarter Sessions","Schuylkill County Court of Quarter Sessions","",,,"ST","Created as part of import of Case.Law data.","pennctqtrsess"
"paqtrsesssnyder",,,"",,"","2023-10-03 01:24:08.240711+00","f","f","f","367.27354","Snyder Cty. Ct. Qtr. Sess.","Snyder County Court of Quarter Sessions","Snyder County Court of Quarter Sessions","",,,"ST","Created as part of import of Case.Law data.","pennctqtrsess"
"paqtrsesssomers",,,"",,"","2023-10-03 01:24:08.246785+00","f","f","f","367.27355","Somerset Cty. Ct. Qtr. Sess.","Somerset County Court of Quarter Sessions","Somerset County Court of Quarter Sessions","",,,"ST","Created as part of import of Case.Law data.","pennctqtrsess"
"paqtrsesssulliv",,,"",,"","2023-10-03 01:24:08.263156+00","f","f","f","367.27356","Sullivan Cty. Ct. Qtr. Sess.","Sullivan County Court of Quarter Sessions","Sullivan County Court of Quarter Sessions","",,,"ST","Created as part of import of Case.Law data.","pennctqtrsess"
"paqtrsesssusque",,,"",,"","2023-10-03 01:24:08.272096+00","f","f","f","367.27357","Susquehanna Cty. Ct. Qtr. Sess.","Susquehanna County Court of Quarter Sessions","Susquehanna County Court of Quarter Sessions","",,,"ST","Created as part of import of Case.Law data.","pennctqtrsess"
"paqtrsesstioga",,,"",,"","2023-10-03 01:24:08.286617+00","f","f","f","367.27358","Tioga Cty. Ct. Qtr. Sess.","Tioga County Court of Quarter Sessions","Tioga County Court of Quarter Sessions","",,,"ST","Created as part of import of Case.Law data.","pennctqtrsess"
"paqtrsessunion",,,"",,"","2023-10-03 01:24:08.299137+00","f","f","f","367.27359","Union Cty. Ct. Qtr. Sess.","Union County Court of Quarter Sessions","Union County Court of Quarter Sessions","",,,"ST","Created as part of import of Case.Law data.","pennctqtrsess"
"paqtrsessvenang",,,"",,"","2023-10-03 01:24:08.309989+00","f","f","f","367.2736","Venango Cty. Ct. Qtr. Sess.","Venango County Court of Quarter Sessions","Venango County Court of Quarter Sessions","",,,"ST","Created as part of import of Case.Law data.","pennctqtrsess"
"paqtrsesswarren",,,"",,"","2023-10-03 01:24:08.324224+00","f","f","f","367.27361","Warren Cty. Ct. Qtr. Sess.","Warren County Court of Quarter Sessions","Warren County Court of Quarter Sessions","",,,"ST","Created as part of import of Case.Law data.","pennctqtrsess"
"paqtrsesswashin",,,"",,"","2023-10-03 01:24:08.343308+00","f","f","f","367.27362","Washington Cty. Ct. Qtr. Sess.","Washington County Court of Quarter Sessions","Washington County Court of Quarter Sessions","",,,"ST","Created as part of import of Case.Law data.","pennctqtrsess"
"paqtrsesswayne",,,"",,"","2023-10-03 01:24:08.359295+00","f","f","f","367.27363","Wayne Cty. Ct. Qtr. Sess.","Wayne County Court of Quarter Sessions","Wayne County Court of Quarter Sessions","",,,"ST","Created as part of import of Case.Law data.","pennctqtrsess"
"paqtrsesswestmo",,,"",,"","2023-10-03 01:24:08.375448+00","f","f","f","367.27364","Westmoreland Cty. Ct. Qtr. Sess.","Westmoreland County Court of Quarter Sessions","Westmoreland County Court of Quarter Sessions","",,,"ST","Created as part of import of Case.Law data.","pennctqtrsess"
"paqtrsesswyomin",,,"",,"","2023-10-03 01:24:08.392776+00","f","f","f","367.27365","Wyoming Cty. Ct. Qtr. Sess.","Wyoming County Court of Quarter Sessions","Wyoming County Court of Quarter Sessions","",,,"ST","Created as part of import of Case.Law data.","pennctqtrsess"
"paqtrsessyork",,,"",,"","2023-10-03 01:24:08.398975+00","f","f","f","367.27366","York Cty. Ct. Qtr. Sess.","York County Court of Quarter Sessions","York County Court of Quarter Sessions","",,,"ST","Created as part of import of Case.Law data.","pennctqtrsess"
"pamunictphila",,,"",,"","2023-10-03 01:24:08.407124+00","f","f","f","367.274","","Philadelphia County Municipal Court","Pennylvania Municipal Court, Philadelphia County","",,,"ST","","pamunict"
"pajuvctcambria",,,"",,"","2023-10-03 01:24:08.421995+00","f","f","f","367.27401","Cambria Cty. Juv. Ct.","Cambria County of Juvenile Court","Cambria County of Juvenile Court","",,,"ST","Created as part of import of Case.Law data.","pajuvct"
"pajuvctdel",,,"",,"","2023-10-03 01:24:08.43798+00","f","f","f","367.27402","Delaware Cty. Juv. Ct.","Delaware County Juvenile Court","Delaware County Juvenile Court","",,,"ST","Created as part of import of Case.Law data.","pajuvct"
"txctapp13B",,,"",,"","2023-10-03 01:24:08.66315+00","f","f","f","368.70221","","Tex. App. Ct., 13th Dist. (Edinburg)","Texas Court of Appeals, 13th District (Edinburg)","http://www.txcourts.gov/13thcoa.aspx",,,"SA","","texapp"
"texdistct1",,,"",,"","2023-10-03 01:24:08.687752+00","f","f","f","368.7026","","Tex. 1st Jud. Dist. Ct.","Texas 1st Judicial District Court","http://www.co.jasper.tx.us/default.aspx?Jasper_County/1st",,,"ST","","texdistct"
"texdistct2",,,"",,"","2023-10-03 01:24:08.694302+00","f","f","f","368.7027","","Tex. 1A Jud. Dist. Ct.","Texas 1A Judicial District Court","http://www.co.jasper.tx.us/default.aspx?Jasper_County/1A",,,"ST","","texdistct"
"texdistct3",,,"",,"","2023-10-03 01:24:08.70728+00","f","f","f","368.7028","","Tex. 2nd Jud. Dist. Ct.","Texas 2nd Judicial District Court","http://www.co.cherokee.tx.us/ips/cms/districtcourt/2nddistrictJudge.html",,,"ST","","texdistct"
"texdistct4",,,"",,"","2023-10-03 01:24:08.721294+00","f","f","f","368.7029","","Tex. 3rd Jud. Dist. Ct.","Texas 3rd Judicial District Court","http://www.co.anderson.tx.us/default.aspx?Anderson_County/3rdDC",,,"ST","","texdistct"
"texdistct5",,,"",,"","2023-10-03 01:24:08.735164+00","f","f","f","368.703","","Tex. 4th Jud. Dist. Ct.","Texas 4th Judicial District Court","http://co.rusk.tx.us/default.aspx?Rusk_County/District.Court",,,"ST","","texdistct"
"texdistct6",,,"",,"","2023-10-03 01:24:08.748978+00","f","f","f","368.7031","","Tex. 5th Jud. Dist. Ct.","Texas 5th Judicial District Court","http://www.co.bowie.tx.us/page/bowie.5thDistrictCourt",,,"ST","","texdistct"
"texdistct7",,,"",,"","2023-10-03 01:24:08.759067+00","f","f","f","368.7032","","Tex. 6th Jud. Dist. Ct.","Texas 6th Judicial District Court","http://www.co.lamar.tx.us/",,,"ST","","texdistct"
"texdistct8",,,"",,"","2023-10-03 01:24:08.77516+00","f","f","f","368.7033","","Tex. 7th Jud. Dist. Ct.","Texas 7th Judicial District Court","http://www.smith-county.com/",,,"ST","","texdistct"
"texdistct9",,,"",,"","2023-10-03 01:24:08.783986+00","f","f","f","368.7034","","Tex. 8th Jud. Dist. Ct.","Texas 8th Judicial District Court","http://www.hopkinscountytx.org/default.aspx?Hopkins_County/8thJudicialDistrict",,,"ST","","texdistct"
"texdistct10",,,"",,"","2023-10-03 01:24:08.795143+00","f","f","f","368.7035","","Tex. 9th Jud. Dist. Ct.","Texas 9th Judicial District Court","http://www.mctx.org/departments/departments_d_-_f/district_courts/9th_district_court/index.php",,,"ST","","texdistct"
"texdistct11",,,"",,"","2023-10-03 01:24:08.809035+00","f","f","f","368.7036","","Tex. 10th Jud. Dist. Ct.","Texas 10th Judicial District Court","http://www.galvestoncountytx.gov/jd/jd1/Pages/default.aspx",,,"ST","","texdistct"
"texdistct12",,,"",,"","2023-10-03 01:24:08.819354+00","f","f","f","368.7037","","Tex. 11th Jud. Dist. Ct.","Texas 11th Judicial District Court","https://www.justex.net/Courts/Civil/CivilCourt.aspx?crt=1",,,"ST","","texdistct"
"texdistct13",,,"",,"","2023-10-03 01:24:08.828923+00","f","f","f","368.7038","","Tex. 12th Jud. Dist. Ct.","Texas 12th Judicial District Court","https://www.co.walker.tx.us/department/index.php?structureid=2",,,"ST","","texdistct"
"texdistct14",,,"",,"","2023-10-03 01:24:08.843103+00","f","f","f","368.7039","","Tex. 13th Jud. Dist. Ct.","Texas 13th Judicial District Court","http://www.co.navarro.tx.us/default.aspx?Navarro_County/District.Court",,,"ST","","texdistct"
"texdistct15",,,"",,"","2023-10-03 01:24:08.863366+00","f","f","f","368.704","","Tex. 14th Jud. Dist. Ct.","Texas 14th Judicial District Court","http://www.dallascounty.org/government/courts/civil_district/14th/",,,"ST","","texdistct"
"texdistct16",,,"",,"","2023-10-03 01:24:08.880194+00","f","f","f","368.7041","","Tex. 15th Jud. Dist. Ct.","Texas 15th Judicial District Court","http://www.co.grayson.tx.us/default.aspx?name=court15.home",,,"ST","","texdistct"
"texdistct17",,,"",,"","2023-10-03 01:24:08.888987+00","f","f","f","368.7042","","Tex. 16th Jud. Dist. Ct.","Texas 16th Judicial District Court","https://www.dentoncounty.gov/528/16th-District-Court",,,"ST","","texdistct"
"texdistct18",,,"",,"","2023-10-03 01:24:08.899325+00","f","f","f","368.7043","","Tex. 17th Jud. Dist. Ct.","Texas 17th Judicial District Court","http://access.tarrantcounty.com/en/civil-courts/district-courts/17th-district-court.html",,,"ST","","texdistct"
"texdistct19",,,"",,"","2023-10-03 01:24:08.915108+00","f","f","f","368.7044","","Tex. 18th Jud. Dist. Ct.","Texas 18th Judicial District Court","http://www.johnsoncountytx.org/departments/courts/index.html",,,"ST","","texdistct"
"texdistct20",,,"",,"","2023-10-03 01:24:08.924463+00","f","f","f","368.7045","","Tex. 19th Jud. Dist. Ct.","Texas 19th Judicial District Court","http://www.co.mclennan.tx.us/420/19th-District-Court",,,"ST","","texdistct"
"texdistct21",,,"",,"","2023-10-03 01:24:08.937945+00","f","f","f","368.7046","","Tex. 20th Jud. Dist. Ct.","Texas 20th Judicial District Court","http://www.milamcounty.org/",,,"ST","","texdistct"
"texdistct22",,,"",,"","2023-10-03 01:24:08.951134+00","f","f","f","368.7047","","Tex. 21st Jud. Dist. Ct.","Texas 21st Judicial District Court","http://www.co.washington.tx.us/default.aspx?Washington_County/21stDistrictJudge",,,"ST","","texdistct"
"texdistct23",,,"",,"","2023-10-03 01:24:08.960933+00","f","f","f","368.7048","","Tex. 22nd Jud. Dist. Ct.","Texas 22nd Judicial District Court","https://hayscountytx.com/courts/district-court/",,,"ST","","texdistct"
"texdistct24",,,"",,"","2023-10-03 01:24:08.968309+00","f","f","f","368.7049","","Tex. 23rd Jud. Dist. Ct.","Texas 23rd Judicial District Court","http://www.co.wharton.tx.us/default.aspx?Wharton_County/23rd",,,"ST","","texdistct"
"texdistct25",,,"",,"","2023-10-03 01:24:08.974933+00","f","f","f","368.705","","Tex. 24th Jud. Dist. Ct.","Texas 24th Judicial District Court","http://www.victoriacountytx.org/index.php/en/county-directory",,,"ST","","texdistct"
"texdistct26",,,"",,"","2023-10-03 01:24:08.983343+00","f","f","f","368.7051","","Tex. 25th Jud. Dist. Ct.","Texas 25th Judicial District Court","http://www.co.guadalupe.tx.us/home.php?content=dist_cts/dist25",,,"ST","","texdistct"
"texdistct27",,,"",,"","2023-10-03 01:24:08.992969+00","f","f","f","368.7052","","Tex. 26th Jud. Dist. Ct.","Texas 26th Judicial District Court","http://williamson-county.org/Elected-Officials/District-Courts/26th-District-Court",,,"ST","","texdistct"
"texdistct28",,,"",,"","2023-10-03 01:24:09.000983+00","f","f","f","368.7053","","Tex. 27th Jud. Dist. Ct.","Texas 27th Judicial District Court","http://www.bellcountytx.com/county_government/district_courts/27th_district_court/index.php",,,"ST","","texdistct"
"texdistct29",,,"",,"","2023-10-03 01:24:09.015013+00","f","f","f","368.7054","","Tex. 28th Jud. Dist. Ct.","Texas 28th Judicial District Court","https://www.nuecesco.com/courts/district-courts/28th-district-court-a",,,"ST","","texdistct"
"texdistct30",,,"",,"","2023-10-03 01:24:09.032904+00","f","f","f","368.7055","","Tex. 29th Jud. Dist. Ct.","Texas 29th Judicial District Court","http://www.co.palo-pinto.tx.us/default.aspx?Palo-Pinto_County/District.Court",,,"ST","","texdistct"
"texdistct31",,,"",,"","2023-10-03 01:24:09.047326+00","f","f","f","368.7056","","Tex. 30th Jud. Dist. Ct.","Texas 30th Judicial District Court","https://wichitacountytx.com/locations/30th-district-court/",,,"ST","","texdistct"
"texdistct32",,,"",,"","2023-10-03 01:24:09.059431+00","f","f","f","368.7057","","Tex. 31st Jud. Dist. Ct.","Texas 31st Judicial District Court","http://www.co.wheeler.tx.us/default.aspx?Wheeler_County/District.Court",,,"ST","","texdistct"
"texdistct33",,,"",,"","2023-10-03 01:24:09.068957+00","f","f","f","368.7058","","Tex. 32nd Jud. Dist. Ct.","Texas 32nd Judicial District Court","http://www.districtcourt32.org/",,,"ST","","texdistct"
"texdistct34",,,"",,"","2023-10-03 01:24:09.075067+00","f","f","f","368.7059","","Tex. 33rd Jud. Dist. Ct.","Texas 33rd Judicial District Court","http://www.dcourttexas.org",,,"ST","","texdistct"
"texdistct35",,,"",,"","2023-10-03 01:24:09.081322+00","f","f","f","368.706","","Tex. 34th Jud. Dist. Ct.","Texas 34th Judicial District Court","http://www.epcounty.com/courts/directory.htm",,,"ST","","texdistct"
"texdistct36",,,"",,"","2023-10-03 01:24:09.089045+00","f","f","f","368.7061","","Tex. 35th Jud. Dist. Ct.","Texas 35th Judicial District Court","http://www.browncountytx.org/page/brown.District.Court",,,"ST","","texdistct"
"texdistct37",,,"",,"","2023-10-03 01:24:09.09567+00","f","f","f","368.7062","","Tex. 36th Jud. Dist. Ct.","Texas 36th Judicial District Court","http://www.co.san-patricio.tx.us/default.aspx?San-Patricio_County/District.Court.36th",,,"ST","","texdistct"
"texdistct38",,,"",,"","2023-10-03 01:24:09.109017+00","f","f","f","368.7063","","Tex. 37th Jud. Dist. Ct.","Texas 37th Judicial District Court","http://www.bexar.org/1777/37th-Civil-District-Court",,,"ST","","texdistct"
"texdistct39",,,"",,"","2023-10-03 01:24:09.119307+00","f","f","f","368.7064","","Tex. 38th Jud. Dist. Ct.","Texas 38th Judicial District Court","http://www.uvaldecounty.com/index.php?option=com_content&task=view&id=61&It",,,"ST","","texdistct"
"texdistct40",,,"",,"","2023-10-03 01:24:09.131321+00","f","f","f","368.7065","","Tex. 39th Jud. Dist. Ct.","Texas 39th Judicial District Court","http://www.co.haskell.tx.us/default.aspx?Haskell_County/District.Court",,,"ST","","texdistct"
"texdistct41",,,"",,"","2023-10-03 01:24:09.144832+00","f","f","f","368.7066","","Tex. 40th Jud. Dist. Ct.","Texas 40th Judicial District Court","http://www.co.ellis.tx.us/index.aspx?nid=83",,,"ST","","texdistct"
"texdistct42",,,"",,"","2023-10-03 01:24:09.159153+00","f","f","f","368.7067","","Tex. 41st Jud. Dist. Ct.","Texas 41st Judicial District Court","http://www.epcounty.com/courts/directory.htm",,,"ST","","texdistct"
"texdistct43",,,"",,"","2023-10-03 01:24:09.171173+00","f","f","f","368.7068","","Tex. 42nd Jud. Dist. Ct.","Texas 42nd Judicial District Court","http://www.taylorcountytexas.org/index.aspx?NID=208",,,"ST","","texdistct"
"texdistct44",,,"",,"","2023-10-03 01:24:09.183515+00","f","f","f","368.7069","","Tex. 43rd Jud. Dist. Ct.","Texas 43rd Judicial District Court","http://parkercountytx.com/",,,"ST","","texdistct"
"texdistct45",,,"",,"","2023-10-03 01:24:09.199309+00","f","f","f","368.707","","Tex. 44th Jud. Dist. Ct.","Texas 44th Judicial District Court","http://www.dallascounty.org/government/courts/civil_district/44th/",,,"ST","","texdistct"
"texdistct46",,,"",,"","2023-10-03 01:24:09.205356+00","f","f","f","368.7071","","Tex. 45th Jud. Dist. Ct.","Texas 45th Judicial District Court","http://www.bexar.org/Judges/DistrictCourt45.html",,,"ST","","texdistct"
"texdistct47",,,"",,"","2023-10-03 01:24:09.218495+00","f","f","f","368.7072","","Tex. 46th Jud. Dist. Ct.","Texas 46th Judicial District Court","http://www.co.wilbarger.tx.us/",,,"ST","","texdistct"
"texdistct48",,,"",,"","2023-10-03 01:24:09.23515+00","f","f","f","368.7073","","Tex. 47th Jud. Dist. Ct.","Texas 47th Judicial District Court","http://www.randallcounty.org/dcourt/default.htm",,,"ST","","texdistct"
"texdistct49",,,"",,"","2023-10-03 01:24:09.252631+00","f","f","f","368.7074","","Tex. 48th Jud. Dist. Ct.","Texas 48th Judicial District Court","http://access.tarrantcounty.com/en/civil-courts/district-courts/48th-district-court.html",,,"ST","","texdistct"
"texdistct50",,,"",,"","2023-10-03 01:24:09.259116+00","f","f","f","368.7075","","Tex. 49th Jud. Dist. Ct.","Texas 49th Judicial District Court","http://www.webbcountytx.gov/",,,"ST","","texdistct"
"texdistct51",,,"",,"","2023-10-03 01:24:09.279065+00","f","f","f","368.7076","","Tex. 50th Jud. Dist. Ct.","Texas 50th Judicial District Court","",,,"ST","","texdistct"
"texdistct52",,,"",,"","2023-10-03 01:24:09.295599+00","f","f","f","368.7077","","Tex. 51st Jud. Dist. Ct.","Texas 51st Judicial District Court","https://www.co.schleicher.tx.us/page/schleicher.District.Judge",,,"ST","","texdistct"
"texdistct53",,,"",,"","2023-10-03 01:24:09.311159+00","f","f","f","368.7078","","Tex. 52nd Jud. Dist. Ct.","Texas 52nd Judicial District Court","http://www.coryellcounty.org/government/district-court",,,"ST","","texdistct"
"texdistct54",,,"",,"","2023-10-03 01:24:09.32716+00","f","f","f","368.7079","","Tex. 53rd Jud. Dist. Ct.","Texas 53rd Judicial District Court","https://www.traviscountytx.gov/courts/civil/district/53",,,"ST","","texdistct"
"texdistct55",,,"",,"","2023-10-03 01:24:09.339214+00","f","f","f","368.708","","Tex. 54th Jud. Dist. Ct.","Texas 54th Judicial District Court","http://www.co.mclennan.tx.us/427/54th-District-Court",,,"ST","","texdistct"
"texdistct56",,,"",,"","2023-10-03 01:24:09.355147+00","f","f","f","368.7081","","Tex. 55th Jud. Dist. Ct.","Texas 55th Judicial District Court","https://www.justex.net/Courts/Civil/CivilCourt.aspx?crt=2",,,"ST","","texdistct"
"texdistct57",,,"",,"","2023-10-03 01:24:09.371512+00","f","f","f","368.7082","","Tex. 56th Jud. Dist. Ct.","Texas 56th Judicial District Court","http://www.galvestoncountytx.gov/jd/jd2/Pages/default.aspx",,,"ST","","texdistct"
"texdistct58",,,"",,"","2023-10-03 01:24:09.38317+00","f","f","f","368.7083","","Tex. 57th Jud. Dist. Ct.","Texas 57th Judicial District Court","http://www.bexar.org/Judges/DistrictCourt57.html",,,"ST","","texdistct"
"texdistct59",,,"",,"","2023-10-03 01:24:09.399241+00","f","f","f","368.7084","","Tex. 58th Jud. Dist. Ct.","Texas 58th Judicial District Court","http://www.co.jefferson.tx.us/distcrts/58th.htm",,,"ST","","texdistct"
"texdistct60",,,"",,"","2023-10-03 01:24:09.415196+00","f","f","f","368.7085","","Tex. 59th Jud. Dist. Ct.","Texas 59th Judicial District Court","http://www.co.grayson.tx.us/default.aspx?name=court59.home",,,"ST","","texdistct"
"texdistct61",,,"",,"","2023-10-03 01:24:09.431141+00","f","f","f","368.7086","","Tex. 60th Jud. Dist. Ct.","Texas 60th Judicial District Court","http://www.co.jefferson.tx.us/distcrts/60th.htm",,,"ST","","texdistct"
"texdistct62",,,"",,"","2023-10-03 01:24:09.451012+00","f","f","f","368.7087","","Tex. 61st Jud. Dist. Ct.","Texas 61st Judicial District Court","https://www.justex.net/Courts/Civil/CivilCourt.aspx?crt=3",,,"ST","","texdistct"
"texdistct63",,,"",,"","2023-10-03 01:24:09.467141+00","f","f","f","368.7088","","Tex. 62nd Jud. Dist. Ct.","Texas 62nd Judicial District Court","http://www.co.lamar.tx.us/default.aspx?Lamar_County/62nd",,,"ST","","texdistct"
"texdistct64",,,"",,"","2023-10-03 01:24:09.487154+00","f","f","f","368.7089","","Tex. 63rd Jud. Dist. Ct.","Texas 63rd Judicial District Court","http://valverdecounty.texas.gov/163/63rd-District-Court",,,"ST","","texdistct"
"texdistct65",,,"",,"","2023-10-03 01:24:09.496147+00","f","f","f","368.709","","Tex. 64th Jud. Dist. Ct.","Texas 64th Judicial District Court","http://www.halecounty.org",,,"ST","","texdistct"
"texdistct66",,,"",,"","2023-10-03 01:24:09.515329+00","f","f","f","368.7091","","Tex. 65th Jud. Dist. Ct.","Texas 65th Judicial District Court","http://www.epcounty.com/courts/directory.htm",,,"ST","","texdistct"
"texdistct67",,,"",,"","2023-10-03 01:24:09.523111+00","f","f","f","368.7092","","Tex. 66th Jud. Dist. Ct.","Texas 66th Judicial District Court","http://www.co.hill.tx.us/default.aspx?Hill_County/District.Court",,,"ST","","texdistct"
"texdistct68",,,"",,"","2023-10-03 01:24:09.533585+00","f","f","f","368.7093","","Tex. 67th Jud. Dist. Ct.","Texas 67th Judicial District Court","https://www.tarrantcounty.com/en/civil-courts/district-courts/67th-district-court.html",,,"ST","","texdistct"
"texdistct69",,,"",,"","2023-10-03 01:24:09.540752+00","f","f","f","368.7094","","Tex. 68th Jud. Dist. Ct.","Texas 68th Judicial District Court","http://www.dallascounty.org/government/courts/civil_district/68th/",,,"ST","","texdistct"
"texdistct70",,,"",,"","2023-10-03 01:24:09.546471+00","f","f","f","368.7095","","Tex. 69th Jud. Dist. Ct.","Texas 69th Judicial District Court","http://www.co.moore.tx.us/default.aspx?Moore_County/District.Court",,,"ST","","texdistct"
"texdistct71",,,"",,"","2023-10-03 01:24:09.552603+00","f","f","f","368.7096","","Tex. 70th Jud. Dist. Ct.","Texas 70th Judicial District Court","http://www.co.ector.tx.us/default.aspx?Ector_County/District.Court",,,"ST","","texdistct"
"texdistct72",,,"",,"","2023-10-03 01:24:09.558613+00","f","f","f","368.7097","","Tex. 71st Jud. Dist. Ct.","Texas 71st Judicial District Court","http://www.co.harrison.tx.us",,,"ST","","texdistct"
"texdistct73",,,"",,"","2023-10-03 01:24:09.576194+00","f","f","f","368.7098","","Tex. 72nd Jud. Dist. Ct.","Texas 72nd Judicial District Court","http://www.co.lubbock.tx.us/department/division.php?fDD=10-42",,,"ST","","texdistct"
"texdistct74",,,"",,"","2023-10-03 01:24:09.591152+00","f","f","f","368.7099","","Tex. 73rd Jud. Dist. Ct.","Texas 73rd Judicial District Court","http://www.bexar.org/judges/districtcourt73.html",,,"ST","","texdistct"
"texdistct75",,,"",,"","2023-10-03 01:24:09.599769+00","f","f","f","368.71","","Tex. 74th Jud. Dist. Ct.","Texas 74th Judicial District Court","http://www.co.mclennan.tx.us/distjudges/74thcourt.aspx",,,"ST","","texdistct"
"texdistct76",,,"",,"","2023-10-03 01:24:09.610263+00","f","f","f","368.7101","","Tex. 75th Jud. Dist. Ct.","Texas 75th Judicial District Court","http://www.co.liberty.tx.us/default.aspx?Liberty_County/75th",,,"ST","","texdistct"
"texdistct77",,,"",,"","2023-10-03 01:24:09.623233+00","f","f","f","368.7102","","Tex. 76th Jud. Dist. Ct.","Texas 76th Judicial District Court","http://www.co.titus.tx.us/",,,"ST","","texdistct"
"texdistct78",,,"",,"","2023-10-03 01:24:09.633121+00","f","f","f","368.7103","","Tex. 77th Jud. Dist. Ct.","Texas 77th Judicial District Court","http://www.co.limestone.tx.us/default.aspx?Limestone_County/77th",,,"ST","","texdistct"
"texdistct79",,,"",,"","2023-10-03 01:24:09.644682+00","f","f","f","368.7104","","Tex. 78th Jud. Dist. Ct.","Texas 78th Judicial District Court","https://wichitacountytx.com/locations/78th-district-court/",,,"ST","","texdistct"
"texdistct80",,,"",,"","2023-10-03 01:24:09.652159+00","f","f","f","368.7105","","Tex. 79th Jud. Dist. Ct.","Texas 79th Judicial District Court","http://www.co.jim-wells.tx.us/default.aspx?name=co.district.judge",,,"ST","","texdistct"
"texdistct81",,,"",,"","2023-10-03 01:24:09.658573+00","f","f","f","368.7106","","Tex. 80th Jud. Dist. Ct.","Texas 80th Judicial District Court","https://www.justex.net/Courts/Civil/CivilCourt.aspx?crt=4",,,"ST","","texdistct"
"texdistct82",,,"",,"","2023-10-03 01:24:09.664507+00","f","f","f","368.7107","","Tex. 81st Jud. Dist. Ct.","Texas 81st Judicial District Court","http://www.81st-218thdistrictcourt.org/",,,"ST","","texdistct"
"texdistct83",,,"",,"","2023-10-03 01:24:09.675175+00","f","f","f","368.7108","","Tex. 82nd Jud. Dist. Ct.","Texas 82nd Judicial District Court","",,,"ST","","texdistct"
"texdistct84",,,"",,"","2023-10-03 01:24:09.686984+00","f","f","f","368.7109","","Tex. 83rd Jud. Dist. Ct.","Texas 83rd Judicial District Court","http://www.valverdecounty.org/83rd_Court.html",,,"ST","","texdistct"
"texdistct85",,,"",,"","2023-10-03 01:24:09.694714+00","f","f","f","368.711","","Tex. 84th Jud. Dist. Ct.","Texas 84th Judicial District Court","https://84thcourt.com/",,,"ST","","texdistct"
"texdistct86",,,"",,"","2023-10-03 01:24:09.700763+00","f","f","f","368.7111","","Tex. 85th Jud. Dist. Ct.","Texas 85th Judicial District Court","http://www.brazoscountytx.gov/index.aspx?nid=135",,,"ST","","texdistct"
"texdistct87",,,"",,"","2023-10-03 01:24:09.70663+00","f","f","f","368.7112","","Tex. 86th Jud. Dist. Ct.","Texas 86th Judicial District Court","http://www.kaufmancounty.net/districtjudge.htm",,,"ST","","texdistct"
"texdistct88",,,"",,"","2023-10-03 01:24:09.719167+00","f","f","f","368.7113","","Tex. 87th Jud. Dist. Ct.","Texas 87th Judicial District Court","http://www.co.anderson.tx.us/default.aspx?Anderson_County/87thDC",,,"ST","","texdistct"
"texdistct89",,,"",,"","2023-10-03 01:24:09.728698+00","f","f","f","368.7114","","Tex. 88th Jud. Dist. Ct.","Texas 88th Judicial District Court","http://www.co.tyler.tx.us/",,,"ST","","texdistct"
"texdistct90",,,"",,"","2023-10-03 01:24:09.739152+00","f","f","f","368.7115","","Tex. 89th Jud. Dist. Ct.","Texas 89th Judicial District Court","https://wichitacountytx.com/locations/89th-district-court/",,,"ST","","texdistct"
"texdistct91",,,"",,"","2023-10-03 01:24:09.755387+00","f","f","f","368.7116","","Tex. 90th Jud. Dist. Ct.","Texas 90th Judicial District Court","http://www.co.young.tx.us/default.aspx?Young_County/District.Court",,,"ST","","texdistct"
"texdistct92",,,"",,"","2023-10-03 01:24:09.771154+00","f","f","f","368.7117","","Tex. 91st Jud. Dist. Ct.","Texas 91st Judicial District Court","http://www.eastlandcountytexas.com/default.aspx?Eastland_County/District.Court",,,"ST","","texdistct"
"texdistct93",,,"",,"","2023-10-03 01:24:09.78957+00","f","f","f","368.7118","","Tex. 92nd Jud. Dist. Ct.","Texas 92nd Judicial District Court","http://www.co.hidalgo.tx.us/index.aspx?nid=210",,,"ST","","texdistct"
"texdistct94",,,"",,"","2023-10-03 01:24:09.803154+00","f","f","f","368.7119","","Tex. 93rd Jud. Dist. Ct.","Texas 93rd Judicial District Court","http://www.co.hidalgo.tx.us/index.aspx?nid=228",,,"ST","","texdistct"
"texdistct95",,,"",,"","2023-10-03 01:24:09.815828+00","f","f","f","368.712","","Tex. 94th Jud. Dist. Ct.","Texas 94th Judicial District Court","https://www.nuecesco.com/courts/district-courts/94th-district-court-c",,,"ST","","texdistct"
"texdistct96",,,"",,"","2023-10-03 01:24:09.831438+00","f","f","f","368.7121","","Tex. 95th Jud. Dist. Ct.","Texas 95th Judicial District Court","http://www.dallascounty.org/government/courts/civil_district/95th/",,,"ST","","texdistct"
"texdistct97",,,"",,"","2023-10-03 01:24:09.84314+00","f","f","f","368.7122","","Tex. 96th Jud. Dist. Ct.","Texas 96th Judicial District Court","http://access.tarrantcounty.com/en/civil-courts/district-courts/96th-district-court.html",,,"ST","","texdistct"
"texdistct98",,,"",,"","2023-10-03 01:24:09.859135+00","f","f","f","368.7123","","Tex. 97th Jud. Dist. Ct.","Texas 97th Judicial District Court","http://www.97thdistrictcourt.com",,,"ST","","texdistct"
"texdistct99",,,"",,"","2023-10-03 01:24:09.874409+00","f","f","f","368.7124","","Tex. 98th Jud. Dist. Ct.","Texas 98th Judicial District Court","https://www.traviscountytx.gov/courts/civil/district/98",,,"ST","","texdistct"
"texdistct100",,,"",,"","2023-10-03 01:24:09.891415+00","f","f","f","368.7125","","Tex. 99th Jud. Dist. Ct.","Texas 99th Judicial District Court","http://www.co.lubbock.tx.us/department/division.php?fDD=10-43",,,"ST","","texdistct"
"texdistct101",,,"",,"","2023-10-03 01:24:09.898202+00","f","f","f","368.7126","","Tex. 100th Jud. Dist. Ct.","Texas 100th Judicial District Court","http://www.co.donley.tx.us/default.aspx?Donley_County/District.Court",,,"ST","","texdistct"
"texdistct102",,,"",,"","2023-10-03 01:24:09.905891+00","f","f","f","368.7127","","Tex. 101st Jud. Dist. Ct.","Texas 101st Judicial District Court","http://www.dallascounty.org/government/courts/civil_district/101st/",,,"ST","","texdistct"
"texdistct103",,,"",,"","2023-10-03 01:24:09.915151+00","f","f","f","368.7128","","Tex. 102nd Jud. Dist. Ct.","Texas 102nd Judicial District Court","http://www.co.bowie.tx.us/page/bowie.102ndDistrictCourt",,,"ST","","texdistct"
"texdistct104",,,"",,"","2023-10-03 01:24:09.935143+00","f","f","f","368.7129","","Tex. 103rd Jud. Dist. Ct.","Texas 103rd Judicial District Court","https://www.cameroncounty.us/district-courts/",,,"ST","","texdistct"
"texdistct105",,,"",,"","2023-10-03 01:24:09.946514+00","f","f","f","368.713","","Tex. 104th Jud. Dist. Ct.","Texas 104th Judicial District Court","http://tx-taylorcounty.civicplus.com/index.aspx?nid=209",,,"ST","","texdistct"
"texdistct106",,,"",,"","2023-10-03 01:24:09.955154+00","f","f","f","368.7131","","Tex. 105th Jud. Dist. Ct.","Texas 105th Judicial District Court","http://www.co.kleberg.tx.us/default.aspx?Kleberg_County/District.Court",,,"ST","","texdistct"
"texdistct107",,,"",,"","2023-10-03 01:24:09.967676+00","f","f","f","368.7132","","Tex. 106th Jud. Dist. Ct.","Texas 106th Judicial District Court","http://www.co.dawson.tx.us/default.aspx?Dawson_County/District.Court",,,"ST","","texdistct"
"texdistct108",,,"",,"","2023-10-03 01:24:09.978039+00","f","f","f","368.7133","","Tex. 107th Jud. Dist. Ct.","Texas 107th Judicial District Court","https://www.cameroncounty.us/district-courts/",,,"ST","","texdistct"
"texdistct109",,,"",,"","2023-10-03 01:24:10.001016+00","f","f","f","368.7134","","Tex. 108th Jud. Dist. Ct.","Texas 108th Judicial District Court","http://www.co.potter.tx.us/default.aspx?Potter_County/District.Court.108",,,"ST","","texdistct"
"texdistct110",,,"",,"","2023-10-03 01:24:10.012865+00","f","f","f","368.7135","","Tex. 109th Jud. Dist. Ct.","Texas 109th Judicial District Court","http://www.co.andrews.tx.us/departments/district_judge.php",,,"ST","","texdistct"
"texdistct111",,,"",,"","2023-10-03 01:24:10.029957+00","f","f","f","368.7136","","Tex. 110th Jud. Dist. Ct.","Texas 110th Judicial District Court","http://www.floydcountytexas.us/Officials/Dist_Judge.htm",,,"ST","","texdistct"
"texdistct112",,,"",,"","2023-10-03 01:24:10.040124+00","f","f","f","368.7137","","Tex. 111th Jud. Dist. Ct.","Texas 111th Judicial District Court","http://www.webbcountytx.gov/",,,"ST","","texdistct"
"texdistct113",,,"",,"","2023-10-03 01:24:10.050882+00","f","f","f","368.7138","","Tex. 112th Jud. Dist. Ct.","Texas 112th Judicial District Court","http://www.co.crockett.tx.us/default.aspx?Crockett_County/District.Clerk",,,"ST","","texdistct"
"texdistct114",,,"",,"","2023-10-03 01:24:10.065035+00","f","f","f","368.7139","","Tex. 113th Jud. Dist. Ct.","Texas 113th Judicial District Court","https://www.justex.net/Courts/Civil/CivilCourt.aspx?crt=5",,,"ST","","texdistct"
"texdistct115",,,"",,"","2023-10-03 01:24:10.07586+00","f","f","f","368.714","","Tex. 114th Jud. Dist. Ct.","Texas 114th Judicial District Court","http://www.smith-county.com/",,,"ST","","texdistct"
"texdistct116",,,"",,"","2023-10-03 01:24:10.084133+00","f","f","f","368.7141","","Tex. 115th Jud. Dist. Ct.","Texas 115th Judicial District Court","http://www.countyofupshur.com/Departments/115th_district_court.htm",,,"ST","","texdistct"
"texdistct117",,,"",,"","2023-10-03 01:24:10.096047+00","f","f","f","368.7142","","Tex. 116th Jud. Dist. Ct.","Texas 116th Judicial District Court","http://www.dallascounty.org/government/courts/civil_district/116th/",,,"ST","","texdistct"
"texdistct118",,,"",,"","2023-10-03 01:24:10.104225+00","f","f","f","368.7143","","Tex. 117th Jud. Dist. Ct.","Texas 117th Judicial District Court","https://www.nuecesco.com/courts/district-courts/117th-district-court-b",,,"ST","","texdistct"
"texdistct119",,,"",,"","2023-10-03 01:24:10.11535+00","f","f","f","368.7144","","Tex. 118th Jud. Dist. Ct.","Texas 118th Judicial District Court","http://www.co.howard.tx.us/default.aspx?Howard_County/District.Court",,,"ST","","texdistct"
"texdistct120",,,"",,"","2023-10-03 01:24:10.127132+00","f","f","f","368.7145","","Tex. 119th Jud. Dist. Ct.","Texas 119th Judicial District Court","http://www.co.tom-green.tx.us/default.aspx?Tom-Green_County/District.Court",,,"ST","","texdistct"
"texdistct121",,,"",,"","2023-10-03 01:24:10.136094+00","f","f","f","368.7146","","Tex. 120th Jud. Dist. Ct.","Texas 120th Judicial District Court","http://www.epcounty.com/courts/directory.htm",,,"ST","","texdistct"
"texdistct122",,,"",,"","2023-10-03 01:24:10.147413+00","f","f","f","368.7147","","Tex. 121st Jud. Dist. Ct.","Texas 121st Judicial District Court","http://www.co.terry.tx.us/default.aspx?Terry_County/District.Court",,,"ST","","texdistct"
"texdistct123",,,"",,"","2023-10-03 01:24:10.159205+00","f","f","f","368.7148","","Tex. 122nd Jud. Dist. Ct.","Texas 122nd Judicial District Court","http://www.galvestoncountytx.gov/jd/jd3/Pages/default.aspx",,,"ST","","texdistct"
"texdistct124",,,"",,"","2023-10-03 01:24:10.168859+00","f","f","f","368.7149","","Tex. 123rd Jud. Dist. Ct.","Texas 123rd Judicial District Court","http://www.co.panola.tx.us/default.aspx?Panola_County/District.Court",,,"ST","","texdistct"
"texdistct125",,,"",,"","2023-10-03 01:24:10.177942+00","f","f","f","368.715","","Tex. 124th Jud. Dist. Ct.","Texas 124th Judicial District Court","http://www.co.gregg.tx.us/124th-district-court",,,"ST","","texdistct"
"texdistct126",,,"",,"","2023-10-03 01:24:10.187137+00","f","f","f","368.7151","","Tex. 125th Jud. Dist. Ct.","Texas 125th Judicial District Court","http://www.justex.net/",,,"ST","","texdistct"
"texdistct127",,,"",,"","2023-10-03 01:24:10.196678+00","f","f","f","368.7152","","Tex. 126th Jud. Dist. Ct.","Texas 126th Judicial District Court","https://www.traviscountytx.gov/courts/civil/district/126",,,"ST","","texdistct"
"texdistct128",,,"",,"","2023-10-03 01:24:10.202854+00","f","f","f","368.7153","","Tex. 127th Jud. Dist. Ct.","Texas 127th Judicial District Court","https://www.justex.net/Courts/Civil/CivilCourt.aspx?crt=7",,,"ST","","texdistct"
"texdistct129",,,"",,"","2023-10-03 01:24:10.215485+00","f","f","f","368.7154","","Tex. 128th Jud. Dist. Ct.","Texas 128th Judicial District Court","http://www.co.orange.tx.us/128th_District_Judge.html",,,"ST","","texdistct"
"texdistct130",,,"",,"","2023-10-03 01:24:10.224491+00","f","f","f","368.7155","","Tex. 129th Jud. Dist. Ct.","Texas 129th Judicial District Court","https://www.justex.net/Courts/Civil/CivilCourt.aspx?crt=8",,,"ST","","texdistct"
"texdistct131",,,"",,"","2023-10-03 01:24:10.231283+00","f","f","f","368.7156","","Tex. 130th Jud. Dist. Ct.","Texas 130th Judicial District Court","http://www.co.matagorda.tx.us/default.aspx?Matagorda_County/130th",,,"ST","","texdistct"
"texdistct132",,,"",,"","2023-10-03 01:24:10.242035+00","f","f","f","368.7157","","Tex. 131st Jud. Dist. Ct.","Texas 131st Judicial District Court","http://www.bexar.org/1781/131st-civil-district-court",,,"ST","","texdistct"
"texdistct133",,,"",,"","2023-10-03 01:24:10.251351+00","f","f","f","368.7158","","Tex. 132nd Jud. Dist. Ct.","Texas 132nd Judicial District Court","http://www.co.scurry.tx.us/default.aspx?Scurry_County/District.Clerk",,,"ST","","texdistct"
"texdistct134",,,"",,"","2023-10-03 01:24:10.263129+00","f","f","f","368.7159","","Tex. 133rd Jud. Dist. Ct.","Texas 133rd Judicial District Court","http://www.justex.net/",,,"ST","","texdistct"
"texctyct45",,,"",,"","2023-10-03 01:24:15.711101+00","f","f","f","368.7587","","Tex. Cty. Ct., Dallas Cty. Crim. Ct. No. 10","Texas City Court, Dallas City Criminal Court No. 10","",,,"ST","","texctyct"
"texdistct135",,,"",,"","2023-10-03 01:24:10.279089+00","f","f","f","368.716","","Tex. 134th Jud. Dist. Ct.","Texas 134th Judicial District Court","http://www.dallascounty.org/government/courts/civil_district/134th/",,,"ST","","texdistct"
"texdistct136",,,"",,"","2023-10-03 01:24:10.290176+00","f","f","f","368.7161","","Tex. 135th Jud. Dist. Ct.","Texas 135th Judicial District Court","http://www.victoriacountytx.org/index.php/en/county-directory",,,"ST","","texdistct"
"texdistct137",,,"",,"","2023-10-03 01:24:10.307143+00","f","f","f","368.7162","","Tex. 136th Jud. Dist. Ct.","Texas 136th Judicial District Court","http://www.co.jefferson.tx.us/distcrts/136th.htm",,,"ST","","texdistct"
"texdistct138",,,"",,"","2023-10-03 01:24:10.323162+00","f","f","f","368.7163","","Tex. 137th Jud. Dist. Ct.","Texas 137th Judicial District Court","http://www.co.lubbock.tx.us/department/division.php?fDD=10-44",,,"ST","","texdistct"
"texdistct139",,,"",,"","2023-10-03 01:24:10.335371+00","f","f","f","368.7164","","Tex. 138th Jud. Dist. Ct.","Texas 138th Judicial District Court","https://www.cameroncounty.tx.gov/Justice/courts/DistrictCourts/138",,,"ST","","texdistct"
"texdistct140",,,"",,"","2023-10-03 01:24:10.349843+00","f","f","f","368.7165","","Tex. 139th Jud. Dist. Ct.","Texas 139th Judicial District Court","http://www.co.hidalgo.tx.us/index.aspx?nid=232",,,"ST","","texdistct"
"texdistct141",,,"",,"","2023-10-03 01:24:10.368514+00","f","f","f","368.7166","","Tex. 140th Jud. Dist. Ct.","Texas 140th Judicial District Court","https://www.co.lubbock.tx.us/topic/index.php?topicid=6&structureid=208",,,"ST","","texdistct"
"texdistct142",,,"",,"","2023-10-03 01:24:10.383195+00","f","f","f","368.7167","","Tex. 141st Jud. Dist. Ct.","Texas 141st Judicial District Court","http://access.tarrantcounty.com/en/civil-courts/district-courts/141st-district-court.html",,,"ST","","texdistct"
"texdistct143",,,"",,"","2023-10-03 01:24:10.3993+00","f","f","f","368.7168","","Tex. 142nd Jud. Dist. Ct.","Texas 142nd Judicial District Court","https://www.co.midland.tx.us/264/142nd-District-Court",,,"ST","","texdistct"
"texdistct144",,,"",,"","2023-10-03 01:24:10.415296+00","f","f","f","368.7169","","Tex. 143rd Jud. Dist. Ct.","Texas 143rd Judicial District Court","http://www.co.ward.tx.us/default.aspx?Ward_County/District.Court",,,"ST","","texdistct"
"texdistct145",,,"",,"","2023-10-03 01:24:10.426061+00","f","f","f","368.717","","Tex. 144th Jud. Dist. Ct.","Texas 144th Judicial District Court","http://www.bexar.org/judges/DistrictCourt144.html",,,"ST","","texdistct"
"texdistct146",,,"",,"","2023-10-03 01:24:10.451544+00","f","f","f","368.7171","","Tex. 145th Jud. Dist. Ct.","Texas 145th Judicial District Court","http://www.co.nacogdoches.tx.us/districtcourt/145_district_court.asp",,,"ST","","texdistct"
"texdistct147",,,"",,"","2023-10-03 01:24:10.467161+00","f","f","f","368.7172","","Tex. 146th Jud. Dist. Ct.","Texas 146th Judicial District Court","http://www.bellcountytx.com/county_government/district_courts/146th_district_court/index.php",,,"ST","","texdistct"
"texdistct148",,,"",,"","2023-10-03 01:24:10.480672+00","f","f","f","368.7173","","Tex. 147th Jud. Dist. Ct.","Texas 147th Judicial District Court","https://www.traviscountytx.gov/courts/criminal/district/147",,,"ST","","texdistct"
"texdistct149",,,"",,"","2023-10-03 01:24:10.499224+00","f","f","f","368.7174","","Tex. 148th Jud. Dist. Ct.","Texas 148th Judicial District Court","https://www.nuecesco.com/courts/district-courts/148th-district-court-e",,,"ST","","texdistct"
"texdistct150",,,"",,"","2023-10-03 01:24:10.513433+00","f","f","f","368.7175","","Tex. 149th Jud. Dist. Ct.","Texas 149th Judicial District Court","https://brazoriacountytx.gov/departments/all-courts/district-court/149th-district-court",,,"ST","","texdistct"
"texdistct151",,,"",,"","2023-10-03 01:24:10.531095+00","f","f","f","368.7176","","Tex. 150th Jud. Dist. Ct.","Texas 150th Judicial District Court","http://www.bexar.org/judges/DistrictCourt150.html",,,"ST","","texdistct"
"texdistct152",,,"",,"","2023-10-03 01:24:10.542279+00","f","f","f","368.7177","","Tex. 151st Jud. Dist. Ct.","Texas 151st Judicial District Court","https://www.justex.net/Courts/Civil/CivilCourt.aspx?crt=10",,,"ST","","texdistct"
"texdistct153",,,"",,"","2023-10-03 01:24:10.549784+00","f","f","f","368.7178","","Tex. 152nd Jud. Dist. Ct.","Texas 152nd Judicial District Court","https://www.justex.net/Courts/Civil/CivilCourt.aspx?crt=11",,,"ST","","texdistct"
"texdistct154",,,"",,"","2023-10-03 01:24:10.556319+00","f","f","f","368.7179","","Tex. 153rd Jud. Dist. Ct.","Texas 153rd Judicial District Court","http://access.tarrantcounty.com/en/civil-courts/district-courts/153rd-district-court.html",,,"ST","","texdistct"
"texdistct155",,,"",,"","2023-10-03 01:24:10.562357+00","f","f","f","368.718","","Tex. 154th Jud. Dist. Ct.","Texas 154th Judicial District Court","http://www.co.lamb.tx.us/default.aspx?Lamb_County/District.Court",,,"ST","","texdistct"
"texdistct156",,,"",,"","2023-10-03 01:24:10.570196+00","f","f","f","368.7181","","Tex. 155th Jud. Dist. Ct.","Texas 155th Judicial District Court","http://www.155discttx.com/",,,"ST","","texdistct"
"texdistct157",,,"",,"","2023-10-03 01:24:10.579536+00","f","f","f","368.7182","","Tex. 156th Jud. Dist. Ct.","Texas 156th Judicial District Court","http://www.co.san-patricio.tx.us/default.aspx?San-Patricio_County/District.Court",,,"ST","","texdistct"
"texdistct158",,,"",,"","2023-10-03 01:24:10.599234+00","f","f","f","368.7183","","Tex. 157th Jud. Dist. Ct.","Texas 157th Judicial District Court","http://www.justex.net/",,,"ST","","texdistct"
"texdistct159",,,"",,"","2023-10-03 01:24:10.615162+00","f","f","f","368.7184","","Tex. 158th Jud. Dist. Ct.","Texas 158th Judicial District Court","https://www.dentoncounty.gov/530/158th-District-Court",,,"ST","","texdistct"
"texdistct160",,,"",,"","2023-10-03 01:24:10.631235+00","f","f","f","368.7185","","Tex. 159th Jud. Dist. Ct.","Texas 159th Judicial District Court","http://www.angelinacounty.net/dist159/",,,"ST","","texdistct"
"texdistct161",,,"",,"","2023-10-03 01:24:10.647209+00","f","f","f","368.7186","","Tex. 160th Jud. Dist. Ct.","Texas 160th Judicial District Court","http://www.dallascounty.org/government/courts/civil_district/160th/",,,"ST","","texdistct"
"texdistct162",,,"",,"","2023-10-03 01:24:10.663157+00","f","f","f","368.7187","","Tex. 161st Jud. Dist. Ct.","Texas 161st Judicial District Court","http://www.co.ector.tx.us/default.aspx?Ector_County/District.Court",,,"ST","","texdistct"
"texdistct163",,,"",,"","2023-10-03 01:24:10.672629+00","f","f","f","368.7188","","Tex. 162nd Jud. Dist. Ct.","Texas 162nd Judicial District Court","http://www.dallascounty.org/government/courts/civil_district/162nd/",,,"ST","","texdistct"
"texdistct164",,,"",,"","2023-10-03 01:24:10.687368+00","f","f","f","368.7189","","Tex. 163rd Jud. Dist. Ct.","Texas 163rd Judicial District Court","http://www.co.orange.tx.us/163rd_District_Court.html",,,"ST","","texdistct"
"texdistct165",,,"",,"","2023-10-03 01:24:10.711425+00","f","f","f","368.719","","Tex. 164th Jud. Dist. Ct.","Texas 164th Judicial District Court","http://www.justex.net/Courts/Civil/CivilCourt.aspx?crt=13",,,"ST","","texdistct"
"texdistct166",,,"",,"","2023-10-03 01:24:10.72714+00","f","f","f","368.7191","","Tex. 165th Jud. Dist. Ct.","Texas 165th Judicial District Court","http://www.justex.net/",,,"ST","","texdistct"
"texdistct167",,,"",,"","2023-10-03 01:24:10.743234+00","f","f","f","368.7192","","Tex. 166th Jud. Dist. Ct.","Texas 166th Judicial District Court","http://www.bexar.org/judges/DistrictCourt166.html",,,"ST","","texdistct"
"texdistct168",,,"",,"","2023-10-03 01:24:10.759219+00","f","f","f","368.7193","","Tex. 167th Jud. Dist. Ct.","Texas 167th Judicial District Court","https://www.traviscountytx.gov/courts/criminal/district/167",,,"ST","","texdistct"
"texdistct169",,,"",,"","2023-10-03 01:24:10.771168+00","f","f","f","368.7194","","Tex. 168th Jud. Dist. Ct.","Texas 168th Judicial District Court","http://www.epcounty.com/courts/directory.htm",,,"ST","","texdistct"
"texdistct170",,,"",,"","2023-10-03 01:24:10.783193+00","f","f","f","368.7195","","Tex. 169th Jud. Dist. Ct.","Texas 169th Judicial District Court","http://www.bellcountytx.com/county_government/district_courts/169th_district_court/index.php",,,"ST","","texdistct"
"texdistct171",,,"",,"","2023-10-03 01:24:10.796866+00","f","f","f","368.7196","","Tex. 170th Jud. Dist. Ct.","Texas 170th Judicial District Court","http://www.co.mclennan.tx.us/distjudges/170thcourt.aspx",,,"ST","","texdistct"
"texdistct172",,,"",,"","2023-10-03 01:24:10.811231+00","f","f","f","368.7197","","Tex. 171st Jud. Dist. Ct.","Texas 171st Judicial District Court","http://www.epcounty.com/courts/directory.htm",,,"ST","","texdistct"
"texdistct173",,,"",,"","2023-10-03 01:24:10.824985+00","f","f","f","368.7198","","Tex. 172nd Jud. Dist. Ct.","Texas 172nd Judicial District Court","http://www.co.jefferson.tx.us",,,"ST","","texdistct"
"texdistct174",,,"",,"","2023-10-03 01:24:10.831705+00","f","f","f","368.7199","","Tex. 173rd Jud. Dist. Ct.","Texas 173rd Judicial District Court","http://www.henderson-county.com/departments/courts/173rd-district-court",,,"ST","","texdistct"
"texdistct175",,,"",,"","2023-10-03 01:24:10.844255+00","f","f","f","368.72","","Tex. 174th Jud. Dist. Ct.","Texas 174th Judicial District Court","http://www.justex.net/",,,"ST","","texdistct"
"texdistct176",,,"",,"","2023-10-03 01:24:10.864583+00","f","f","f","368.7201","","Tex. 175th Jud. Dist. Ct.","Texas 175th Judicial District Court","http://www.bexar.org/judges/DistrictCourt175.html",,,"ST","","texdistct"
"texdistct177",,,"",,"","2023-10-03 01:24:10.873308+00","f","f","f","368.7202","","Tex. 176th Jud. Dist. Ct.","Texas 176th Judicial District Court","https://www.justex.net/Courts/Criminal/CriminalCourt.aspx?crt=28",,,"ST","","texdistct"
"texdistct178",,,"",,"","2023-10-03 01:24:10.888306+00","f","f","f","368.7203","","Tex. 177th Jud. Dist. Ct.","Texas 177th Judicial District Court","https://www.justex.net/Courts/Criminal/CriminalCourt.aspx?crt=29",,,"ST","","texdistct"
"texdistct179",,,"",,"","2023-10-03 01:24:10.90355+00","f","f","f","368.7204","","Tex. 178th Jud. Dist. Ct.","Texas 178th Judicial District Court","http://www.justex.net/",,,"ST","","texdistct"
"texdistct180",,,"",,"","2023-10-03 01:24:10.919507+00","f","f","f","368.7205","","Tex. 179th Jud. Dist. Ct.","Texas 179th Judicial District Court","http://www.justex.net/",,,"ST","","texdistct"
"texdistct181",,,"",,"","2023-10-03 01:24:10.935532+00","f","f","f","368.7206","","Tex. 180th Jud. Dist. Ct.","Texas 180th Judicial District Court","http://www.justex.net/",,,"ST","","texdistct"
"texdistct182",,,"",,"","2023-10-03 01:24:10.949097+00","f","f","f","368.7207","","Tex. 181st Jud. Dist. Ct.","Texas 181st Judicial District Court","http://www.co.potter.tx.us/default.aspx?Potter_County/District.Court.181",,,"ST","","texdistct"
"texdistct183",,,"",,"","2023-10-03 01:24:10.963561+00","f","f","f","368.7208","","Tex. 182nd Jud. Dist. Ct.","Texas 182nd Judicial District Court","https://www.justex.net/Courts/Criminal/CriminalCourt.aspx?crt=33",,,"ST","","texdistct"
"texdistct184",,,"",,"","2023-10-03 01:24:10.979488+00","f","f","f","368.7209","","Tex. 183rd Jud. Dist. Ct.","Texas 183rd Judicial District Court","https://www.justex.net/Courts/Criminal/CriminalCourt.aspx?crt=34",,,"ST","","texdistct"
"texdistct185",,,"",,"","2023-10-03 01:24:10.997087+00","f","f","f","368.721","","Tex. 184th Jud. Dist. Ct.","Texas 184th Judicial District Court","https://www.justex.net/Courts/Criminal/CriminalCourt.aspx?crt=35",,,"ST","","texdistct"
"texdistct186",,,"",,"","2023-10-03 01:24:11.003587+00","f","f","f","368.7211","","Tex. 185th Jud. Dist. Ct.","Texas 185th Judicial District Court","https://www.justex.net/Courts/Criminal/CriminalCourt.aspx?crt=36",,,"ST","","texdistct"
"texdistct187",,,"",,"","2023-10-03 01:24:11.015237+00","f","f","f","368.7212","","Tex. 186th Jud. Dist. Ct.","Texas 186th Judicial District Court","http://www.bexar.org/judges/DistrictCourt186.html",,,"ST","","texdistct"
"texdistct188",,,"",,"","2023-10-03 01:24:11.027833+00","f","f","f","368.7213","","Tex. 187th Jud. Dist. Ct.","Texas 187th Judicial District Court","http://www.bexar.org/judges/DistrictCourt187.html",,,"ST","","texdistct"
"texdistct189",,,"",,"","2023-10-03 01:24:11.039482+00","f","f","f","368.7214","","Tex. 188th Jud. Dist. Ct.","Texas 188th Judicial District Court","http://www.co.gregg.tx.us/188th-district-court",,,"ST","","texdistct"
"texdistct190",,,"",,"","2023-10-03 01:24:11.050212+00","f","f","f","368.7215","","Tex. 189th Jud. Dist. Ct.","Texas 189th Judicial District Court","https://www.justex.net/Courts/Civil/CivilCourt.aspx?crt=15",,,"ST","","texdistct"
"texdistct191",,,"",,"","2023-10-03 01:24:11.060846+00","f","f","f","368.7216","","Tex. 190th Jud. Dist. Ct.","Texas 190th Judicial District Court","http://www.justex.net/",,,"ST","","texdistct"
"texdistct192",,,"",,"","2023-10-03 01:24:11.075235+00","f","f","f","368.7217","","Tex. 191st Jud. Dist. Ct.","Texas 191st Judicial District Court","http://www.dallascounty.org/government/courts/civil_district/191st/",,,"ST","","texdistct"
"texdistct193",,,"",,"","2023-10-03 01:24:11.085057+00","f","f","f","368.7218","","Tex. 192nd Jud. Dist. Ct.","Texas 192nd Judicial District Court","http://www.dallascounty.org/government/courts/civil_district/192nd/",,,"ST","","texdistct"
"texdistct194",,,"",,"","2023-10-03 01:24:11.091652+00","f","f","f","368.7219","","Tex. 193rd Jud. Dist. Ct.","Texas 193rd Judicial District Court","http://www.dallascounty.org/government/courts/civil_district/193rd/",,,"ST","","texdistct"
"texdistct195",,,"",,"","2023-10-03 01:24:11.103163+00","f","f","f","368.722","","Tex. 194th Jud. Dist. Ct.","Texas 194th Judicial District Court","http://www.dallascounty.org/government/courts/criminal_district/194th/",,,"ST","","texdistct"
"texdistct196",,,"",,"","2023-10-03 01:24:11.115889+00","f","f","f","368.7221","","Tex. 195th Jud. Dist. Ct.","Texas 195th Judicial District Court","http://www.dallascounty.org/government/courts/criminal_district/195th/",,,"ST","","texdistct"
"texdistct197",,,"",,"","2023-10-03 01:24:11.124521+00","f","f","f","368.7222","","Tex. 196th Jud. Dist. Ct.","Texas 196th Judicial District Court","http://www.huntcounty.net/DistCourts/distcrthome.htm",,,"ST","","texdistct"
"texdistct198",,,"",,"","2023-10-03 01:24:11.13145+00","f","f","f","368.7223","","Tex. 197th Jud. Dist. Ct.","Texas 197th Judicial District Court","https://www.cameroncounty.us/district-courts/",,,"ST","","texdistct"
"texdistct199",,,"",,"","2023-10-03 01:24:11.139005+00","f","f","f","368.7224","","Tex. 198th Jud. Dist. Ct.","Texas 198th Judicial District Court","http://www.co.kerr.tx.us/dcourt/",,,"ST","","texdistct"
"texdistct200",,,"",,"","2023-10-03 01:24:11.146536+00","f","f","f","368.7225","","Tex. 199th Jud. Dist. Ct.","Texas 199th Judicial District Court","http://www.collincountytx.gov/district_courts/Pages/199dc.aspx",,,"ST","","texdistct"
"texdistct201",,,"",,"","2023-10-03 01:24:11.163151+00","f","f","f","368.7226","","Tex. 200th Jud. Dist. Ct.","Texas 200th Judicial District Court","https://www.traviscountytx.gov/courts/civil/district/200",,,"ST","","texdistct"
"texdistct202",,,"",,"","2023-10-03 01:24:11.171875+00","f","f","f","368.7227","","Tex. 201st Jud. Dist. Ct.","Texas 201st Judicial District Court","https://www.traviscountytx.gov/courts/civil/district/201",,,"ST","","texdistct"
"texdistct203",,,"",,"","2023-10-03 01:24:11.178666+00","f","f","f","368.7228","","Tex. 202nd Jud. Dist. Ct.","Texas 202nd Judicial District Court","http://tools.cira.state.tx.us/default.aspx?Bowie_County/202ndDistrictCourt",,,"ST","","texdistct"
"texdistct204",,,"",,"","2023-10-03 01:24:11.191145+00","f","f","f","368.7229","","Tex. 203rd Jud. Dist. Ct.","Texas 203rd Judicial District Court","http://www.dallascounty.org/government/courts/criminal_district/203rd/",,,"ST","","texdistct"
"texdistct205",,,"",,"","2023-10-03 01:24:11.211171+00","f","f","f","368.723","","Tex. 204th Jud. Dist. Ct.","Texas 204th Judicial District Court","http://www.dallascounty.org/government/courts/criminal_district/204th/",,,"ST","","texdistct"
"texdistct206",,,"",,"","2023-10-03 01:24:11.227219+00","f","f","f","368.7231","","Tex. 205th Jud. Dist. Ct.","Texas 205th Judicial District Court","http://www.epcounty.com/courts/directory.htm",,,"ST","","texdistct"
"texdistct207",,,"",,"","2023-10-03 01:24:11.23541+00","f","f","f","368.7232","","Tex. 206th Jud. Dist. Ct.","Texas 206th Judicial District Court","http://tx-hidalgocounty.civicplus.com/index.aspx?NID=240",,,"ST","","texdistct"
"texdistct208",,,"",,"","2023-10-03 01:24:11.243441+00","f","f","f","368.7233","","Tex. 207th Jud. Dist. Ct.","Texas 207th Judicial District Court","http://www.co.comal.tx.us/DCT.htm",,,"ST","","texdistct"
"texdistct209",,,"",,"","2023-10-03 01:24:11.25116+00","f","f","f","368.7234","","Tex. 208th Jud. Dist. Ct.","Texas 208th Judicial District Court","https://www.justex.net/Courts/Criminal/CriminalCourt.aspx?crt=37",,,"ST","","texdistct"
"texdistct210",,,"",,"","2023-10-03 01:24:11.271316+00","f","f","f","368.7235","","Tex. 209th Jud. Dist. Ct.","Texas 209th Judicial District Court","https://www.justex.net/Courts/Criminal/CriminalCourt.aspx?crt=38",,,"ST","","texdistct"
"texdistct211",,,"",,"","2023-10-03 01:24:11.287178+00","f","f","f","368.7236","","Tex. 210th Jud. Dist. Ct.","Texas 210th Judicial District Court","http://www.epcounty.com/courts/directory.htm",,,"ST","","texdistct"
"texdistct212",,,"",,"","2023-10-03 01:24:11.293902+00","f","f","f","368.7237","","Tex. 211th Jud. Dist. Ct.","Texas 211th Judicial District Court","https://www.dentoncounty.gov/532/211th-District-Court",,,"ST","","texdistct"
"texdistct213",,,"",,"","2023-10-03 01:24:11.299837+00","f","f","f","368.7238","","Tex. 212th Jud. Dist. Ct.","Texas 212th Judicial District Court","http://www.galvestoncountytx.gov/jd/jd4/pages/default.aspx",,,"ST","","texdistct"
"texdistct214",,,"",,"","2023-10-03 01:24:11.314611+00","f","f","f","368.7239","","Tex. 213th Jud. Dist. Ct.","Texas 213th Judicial District Court","http://access.tarrantcounty.com/en/criminal-courts/felony-courts/213th-district-court.html",,,"ST","","texdistct"
"texdistct215",,,"",,"","2023-10-03 01:24:11.335158+00","f","f","f","368.724","","Tex. 214th Jud. Dist. Ct.","Texas 214th Judicial District Court","https://www.nuecesco.com/courts/district-courts/214th-district-court-f",,,"ST","","texdistct"
"texdistct216",,,"",,"","2023-10-03 01:24:11.35122+00","f","f","f","368.7241","","Tex. 215th Jud. Dist. Ct.","Texas 215th Judicial District Court","http://www.justex.net/",,,"ST","","texdistct"
"texdistct217",,,"",,"","2023-10-03 01:24:11.363765+00","f","f","f","368.7242","","Tex. 216th Jud. Dist. Ct.","Texas 216th Judicial District Court","http://www.co.kerr.tx.us/dcourt/",,,"ST","","texdistct"
"texdistct218",,,"",,"","2023-10-03 01:24:11.379164+00","f","f","f","368.7243","","Tex. 217th Jud. Dist. Ct.","Texas 217th Judicial District Court","http://www.angelinacounty.net/dist217/",,,"ST","","texdistct"
"texdistct219",,,"",,"","2023-10-03 01:24:11.391254+00","f","f","f","368.7244","","Tex. 218th Jud. Dist. Ct.","Texas 218th Judicial District Court","http://www.81-218.txcourts.gov",,,"ST","","texdistct"
"texdistct220",,,"",,"","2023-10-03 01:24:11.401765+00","f","f","f","368.7245","","Tex. 219th Jud. Dist. Ct.","Texas 219th Judicial District Court","http://www.collincountytx.gov/district_courts/Pages/219dc.aspx",,,"ST","","texdistct"
"texdistct221",,,"",,"","2023-10-03 01:24:11.423159+00","f","f","f","368.7246","","Tex. 220th Jud. Dist. Ct.","Texas 220th Judicial District Court","http://www.bosquecounty.us/district-court/",,,"ST","","texdistct"
"texdistct222",,,"",,"","2023-10-03 01:24:11.434254+00","f","f","f","368.7247","","Tex. 221st Jud. Dist. Ct.","Texas 221st Judicial District Court","http://www.mctx.org",,,"ST","","texdistct"
"texdistct223",,,"",,"","2023-10-03 01:24:11.440845+00","f","f","f","368.7248","","Tex. 222nd Jud. Dist. Ct.","Texas 222nd Judicial District Court","http://www.co.deaf-smith.tx.us/default.aspx?Deaf-Smith_County/District.Court",,,"ST","","texdistct"
"texdistct224",,,"",,"","2023-10-03 01:24:11.447316+00","f","f","f","368.7249","","Tex. 223rd Jud. Dist. Ct.","Texas 223rd Judicial District Court","https://www.223rddistrictcourt.org/",,,"ST","","texdistct"
"texdistct225",,,"",,"","2023-10-03 01:24:11.460531+00","f","f","f","368.725","","Tex. 224th Jud. Dist. Ct.","Texas 224th Judicial District Court","http://www.bexar.org/judges/DistrictCourt224.html",,,"ST","","texdistct"
"texdistct226",,,"",,"","2023-10-03 01:24:11.479334+00","f","f","f","368.7251","","Tex. 225th Jud. Dist. Ct.","Texas 225th Judicial District Court","http://www.bexar.org/judges/JudgeSakai.html",,,"ST","","texdistct"
"texdistct227",,,"",,"","2023-10-03 01:24:11.492847+00","f","f","f","368.7252","","Tex. 226th Jud. Dist. Ct.","Texas 226th Judicial District Court","https://www.bexar.org/1790/226th-Criminal-District-Court",,,"ST","","texdistct"
"texdistct228",,,"",,"","2023-10-03 01:24:11.505368+00","f","f","f","368.7253","","Tex. 227th Jud. Dist. Ct.","Texas 227th Judicial District Court","http://www.bexar.org/judges/DistrictCourt227.html",,,"ST","","texdistct"
"texdistct229",,,"",,"","2023-10-03 01:24:11.523157+00","f","f","f","368.7254","","Tex. 228th Jud. Dist. Ct.","Texas 228th Judicial District Court","https://www.justex.net/Courts/Criminal/CriminalCourt.aspx?crt=39",,,"ST","","texdistct"
"texdistct230",,,"",,"","2023-10-03 01:24:11.536231+00","f","f","f","368.7255","","Tex. 229th Jud. Dist. Ct.","Texas 229th Judicial District Court","http://co.starr.tx.us/default.aspx?Starr_County/229th",,,"ST","","texdistct"
"texdistct231",,,"",,"","2023-10-03 01:24:11.545295+00","f","f","f","368.7256","","Tex. 230th Jud. Dist. Ct.","Texas 230th Judicial District Court","http://www.justex.net/",,,"ST","","texdistct"
"texdistct232",,,"",,"","2023-10-03 01:24:11.564789+00","f","f","f","368.7257","","Tex. 231st Jud. Dist. Ct.","Texas 231st Judicial District Court","http://access.tarrantcounty.com/en/family-courts/231st-district-court.html",,,"ST","","texdistct"
"texdistct233",,,"",,"","2023-10-03 01:24:11.579169+00","f","f","f","368.7258","","Tex. 232nd Jud. Dist. Ct.","Texas 232nd Judicial District Court","https://www.justex.net/Courts/Criminal/CriminalCourt.aspx?crt=41",,,"ST","","texdistct"
"texdistct234",,,"",,"","2023-10-03 01:24:11.59964+00","f","f","f","368.7259","","Tex. 233rd Jud. Dist. Ct.","Texas 233rd Judicial District Court","http://access.tarrantcounty.com/en/family-courts/233rd-district-court.html",,,"ST","","texdistct"
"texdistct235",,,"",,"","2023-10-03 01:24:11.619229+00","f","f","f","368.726","","Tex. 234th Jud. Dist. Ct.","Texas 234th Judicial District Court","http://www.justex.net/",,,"ST","","texdistct"
"texdistct236",,,"",,"","2023-10-03 01:24:11.639208+00","f","f","f","368.7261","","Tex. 235th Jud. Dist. Ct.","Texas 235th Judicial District Court","http://www.co.cooke.tx.us/default.aspx?Cooke_County/District.Clerk",,,"ST","","texdistct"
"texdistct237",,,"",,"","2023-10-03 01:24:11.651183+00","f","f","f","368.7262","","Tex. 236th Jud. Dist. Ct.","Texas 236th Judicial District Court","http://access.tarrantcounty.com/en/civil-courts/district-courts/236th-district-court.html",,,"ST","","texdistct"
"texdistct238",,,"",,"","2023-10-03 01:24:11.667149+00","f","f","f","368.7263","","Tex. 237th Jud. Dist. Ct.","Texas 237th Judicial District Court","http://www.co.lubbock.tx.us/department/division.php?fDD=10-47",,,"ST","","texdistct"
"texdistct239",,,"",,"","2023-10-03 01:24:11.679349+00","f","f","f","368.7264","","Tex. 238th Jud. Dist. Ct.","Texas 238th Judicial District Court","https://www.co.midland.tx.us/268/238th-District-Court",,,"ST","","texdistct"
"texdistct240",,,"",,"","2023-10-03 01:24:11.694251+00","f","f","f","368.7265","","Tex. 239th Jud. Dist. Ct.","Texas 239th Judicial District Court","https://brazoriacountytx.gov/departments/all-courts/district-court/239th-district-court",,,"ST","","texdistct"
"texdistct241",,,"",,"","2023-10-03 01:24:11.707212+00","f","f","f","368.7266","","Tex. 240th Jud. Dist. Ct.","Texas 240th Judicial District Court","http://www.fortbendcountytx.gov",,,"ST","","texdistct"
"texdistct242",,,"",,"","2023-10-03 01:24:11.713272+00","f","f","f","368.7267","","Tex. 241st Jud. Dist. Ct.","Texas 241st Judicial District Court","http://www.smith-county.com/",,,"ST","","texdistct"
"texdistct243",,,"",,"","2023-10-03 01:24:11.719926+00","f","f","f","368.7268","","Tex. 242nd Jud. Dist. Ct.","Texas 242nd Judicial District Court","http://www.242ndcourt.com/",,,"ST","","texdistct"
"texdistct244",,,"",,"","2023-10-03 01:24:11.727133+00","f","f","f","368.7269","","Tex. 243rd Jud. Dist. Ct.","Texas 243rd Judicial District Court","http://www.epcounty.com/courts/directory.htm",,,"ST","","texdistct"
"texdistct245",,,"",,"","2023-10-03 01:24:11.747359+00","f","f","f","368.727","","Tex. 244th Jud. Dist. Ct.","Texas 244th Judicial District Court","http://www.co.ector.tx.us/default.aspx?Ector_County/District.Court",,,"ST","","texdistct"
"texdistct246",,,"",,"","2023-10-03 01:24:11.760982+00","f","f","f","368.7271","","Tex. 245th Jud. Dist. Ct.","Texas 245th Judicial District Court","http://www.justex.net/",,,"ST","","texdistct"
"texdistct247",,,"",,"","2023-10-03 01:24:11.779195+00","f","f","f","368.7272","","Tex. 246th Jud. Dist. Ct.","Texas 246th Judicial District Court","http://www.justex.net/",,,"ST","","texdistct"
"texctyct46",,,"",,"","2023-10-03 01:24:15.727605+00","f","f","f","368.7588","","Tex. Cty. Ct., Denton Cty. Ct. at Law No. 2","Texas City Court, Denton City Court at Law No. 2","",,,"ST","","texctyct"
"texdistct248",,,"",,"","2023-10-03 01:24:11.791188+00","f","f","f","368.7273","","Tex. 247th Jud. Dist. Ct.","Texas 247th Judicial District Court","https://www.justex.net/Courts/Family/FamilyCourt.aspx?crt=53",,,"ST","","texdistct"
"texdistct249",,,"",,"","2023-10-03 01:24:11.799315+00","f","f","f","368.7274","","Tex. 248th Jud. Dist. Ct.","Texas 248th Judicial District Court","http://www.justex.net/",,,"ST","","texdistct"
"texdistct250",,,"",,"","2023-10-03 01:24:11.811153+00","f","f","f","368.7275","","Tex. 249th Jud. Dist. Ct.","Texas 249th Judicial District Court","http://www.johnsoncountytx.org/government/district-courts/249th-district-court",,,"ST","","texdistct"
"texdistct251",,,"",,"","2023-10-03 01:24:11.831293+00","f","f","f","368.7276","","Tex. 250th Jud. Dist. Ct.","Texas 250th Judicial District Court","https://www.traviscountytx.gov/courts/civil/district/250",,,"ST","","texdistct"
"texdistct252",,,"",,"","2023-10-03 01:24:11.842278+00","f","f","f","368.7277","","Tex. 251st Jud. Dist. Ct.","Texas 251st Judicial District Court","http://www.co.potter.tx.us/default.aspx?Potter_County/District.Court.251",,,"ST","","texdistct"
"texdistct253",,,"",,"","2023-10-03 01:24:11.861543+00","f","f","f","368.7278","","Tex. 252nd Jud. Dist. Ct.","Texas 252nd Judicial District Court","http://www.co.jefferson.tx.us/distcrts/252nd.htm",,,"ST","","texdistct"
"texdistct254",,,"",,"","2023-10-03 01:24:11.874618+00","f","f","f","368.7279","","Tex. 253rd Jud. Dist. Ct.","Texas 253rd Judicial District Court","http://www.co.liberty.tx.us/default.aspx?Liberty_County/253rd",,,"ST","","texdistct"
"texdistct255",,,"",,"","2023-10-03 01:24:11.881053+00","f","f","f","368.728","","Tex. 254th Jud. Dist. Ct.","Texas 254th Judicial District Court","http://www.dallascounty.org/government/courts/family_district/254th/",,,"ST","","texdistct"
"texdistct256",,,"",,"","2023-10-03 01:24:11.891215+00","f","f","f","368.7281","","Tex. 255th Jud. Dist. Ct.","Texas 255th Judicial District Court","http://www.dallascounty.org/government/courts/family_district/255th/",,,"ST","","texdistct"
"texdistct257",,,"",,"","2023-10-03 01:24:11.907178+00","f","f","f","368.7282","","Tex. 256th Jud. Dist. Ct.","Texas 256th Judicial District Court","http://www.dallascounty.org/government/courts/family_district/256th/",,,"ST","","texdistct"
"texdistct258",,,"",,"","2023-10-03 01:24:11.923189+00","f","f","f","368.7283","","Tex. 257th Jud. Dist. Ct.","Texas 257th Judicial District Court","https://www.justex.net/Courts/Family/FamilyCourt.aspx?crt=54",,,"ST","","texdistct"
"texdistct259",,,"",,"","2023-10-03 01:24:11.939179+00","f","f","f","368.7284","","Tex. 258th Jud. Dist. Ct.","Texas 258th Judicial District Court","http://www.co.polk.tx.us/default.aspx?Polk_County/District.Court258",,,"ST","","texdistct"
"texdistct260",,,"",,"","2023-10-03 01:24:11.950043+00","f","f","f","368.7285","","Tex. 259th Jud. Dist. Ct.","Texas 259th Judicial District Court","http://www.co.jones.tx.us/default.aspx?Jones_County/District.Clerk",,,"ST","","texdistct"
"texdistct261",,,"",,"","2023-10-03 01:24:11.962769+00","f","f","f","368.7286","","Tex. 260th Jud. Dist. Ct.","Texas 260th Judicial District Court","http://www.co.orange.tx.us/260th_District_Court.html",,,"ST","","texdistct"
"texdistct262",,,"",,"","2023-10-03 01:24:11.975176+00","f","f","f","368.7287","","Tex. 261st Jud. Dist. Ct.","Texas 261st Judicial District Court","https://www.traviscountytx.gov/courts/civil/district/261",,,"ST","","texdistct"
"texdistct263",,,"",,"","2023-10-03 01:24:11.987451+00","f","f","f","368.7288","","Tex. 262nd Jud. Dist. Ct.","Texas 262nd Judicial District Court","http://www.justex.net/",,,"ST","","texdistct"
"texdistct264",,,"",,"","2023-10-03 01:24:11.996794+00","f","f","f","368.7289","","Tex. 263rd Jud. Dist. Ct.","Texas 263rd Judicial District Court","http://www.justex.net/",,,"ST","","texdistct"
"texdistct265",,,"",,"","2023-10-03 01:24:12.006441+00","f","f","f","368.729","","Tex. 264th Jud. Dist. Ct.","Texas 264th Judicial District Court","http://www.bellcountytx.com/county_government/district_courts/264th_district_court/index.php",,,"ST","","texdistct"
"texdistct266",,,"",,"","2023-10-03 01:24:12.020396+00","f","f","f","368.7291","","Tex. 265th Jud. Dist. Ct.","Texas 265th Judicial District Court","https://www.dallascounty.org/government/courts/criminal_district/265th/",,,"ST","","texdistct"
"texdistct267",,,"",,"","2023-10-03 01:24:12.026854+00","f","f","f","368.7292","","Tex. 266th Jud. Dist. Ct.","Texas 266th Judicial District Court","http://co.erath.tx.us/districtcourt.html",,,"ST","","texdistct"
"texdistct268",,,"",,"","2023-10-03 01:24:12.043204+00","f","f","f","368.7293","","Tex. 267th Jud. Dist. Ct.","Texas 267th Judicial District Court","http://www.victoriacountytx.org/index.php/en/county-directory",,,"ST","","texdistct"
"texdistct269",,,"",,"","2023-10-03 01:24:12.055117+00","f","f","f","368.7294","","Tex. 268th Jud. Dist. Ct.","Texas 268th Judicial District Court","http://www.fortbendcountytx.gov/index.aspx?page=202",,,"ST","","texdistct"
"texdistct270",,,"",,"","2023-10-03 01:24:12.072018+00","f","f","f","368.7295","","Tex. 269th Jud. Dist. Ct.","Texas 269th Judicial District Court","http://www.justex.net/",,,"ST","","texdistct"
"texdistct271",,,"",,"","2023-10-03 01:24:12.084331+00","f","f","f","368.7296","","Tex. 270th Jud. Dist. Ct.","Texas 270th Judicial District Court","https://www.justex.net/Courts/Civil/CivilCourt.aspx?crt=20",,,"ST","","texdistct"
"texdistct272",,,"",,"","2023-10-03 01:24:12.09546+00","f","f","f","368.7297","","Tex. 271st Jud. Dist. Ct.","Texas 271st Judicial District Court","http://www.co.wise.tx.us/DC/",,,"ST","","texdistct"
"texdistct273",,,"",,"","2023-10-03 01:24:12.111144+00","f","f","f","368.7298","","Tex. 272nd Jud. Dist. Ct.","Texas 272nd Judicial District Court","http://www.brazoscountytx.gov/index.aspx?nid=135",,,"ST","","texdistct"
"texdistct274",,,"",,"","2023-10-03 01:24:12.12311+00","f","f","f","368.7299","","Tex. 273rd Jud. Dist. Ct.","Texas 273rd Judicial District Court","http://www.co.san-augustine.tx.us/districtJudge.html",,,"ST","","texdistct"
"texdistct275",,,"",,"","2023-10-03 01:24:12.13602+00","f","f","f","368.73","","Tex. 274th Jud. Dist. Ct.","Texas 274th Judicial District Court","http://www.co.guadalupe.tx.us/home.php?content=dist_cts/dist274",,,"ST","","texdistct"
"texdistct276",,,"",,"","2023-10-03 01:24:12.141999+00","f","f","f","368.7301","","Tex. 275th Jud. Dist. Ct.","Texas 275th Judicial District Court","http://tx-hidalgocounty.civicplus.com/index.aspx?nid=241",,,"ST","","texdistct"
"texdistct277",,,"",,"","2023-10-03 01:24:12.154202+00","f","f","f","368.7302","","Tex. 276th Jud. Dist. Ct.","Texas 276th Judicial District Court","http://www.co.titus.tx.us/",,,"ST","","texdistct"
"texdistct278",,,"",,"","2023-10-03 01:24:12.160441+00","f","f","f","368.7303","","Tex. 277th Jud. Dist. Ct.","Texas 277th Judicial District Court","http://williamson-county.org/Elected-Officials/District-Courts/277th-District-Court",,,"ST","","texdistct"
"texdistct279",,,"",,"","2023-10-03 01:24:12.171115+00","f","f","f","368.7304","","Tex. 278th Jud. Dist. Ct.","Texas 278th Judicial District Court","https://www.co.walker.tx.us/department/index.php?structureid=3",,,"ST","","texdistct"
"texdistct280",,,"",,"","2023-10-03 01:24:12.177425+00","f","f","f","368.7305","","Tex. 279th Jud. Dist. Ct.","Texas 279th Judicial District Court","http://www.co.jefferson.tx.us/distcrts/279th.htm",,,"ST","","texdistct"
"texdistct281",,,"",,"","2023-10-03 01:24:12.184242+00","f","f","f","368.7306","","Tex. 280th Jud. Dist. Ct.","Texas 280th Judicial District Court","https://www.justex.net/Courts/Family/FamilyCourt.aspx?crt=21",,,"ST","","texdistct"
"texdistct282",,,"",,"","2023-10-03 01:24:12.19032+00","f","f","f","368.7307","","Tex. 281st Jud. Dist. Ct.","Texas 281st Judicial District Court","http://www.justex.net/",,,"ST","","texdistct"
"texdistct283",,,"",,"","2023-10-03 01:24:12.196672+00","f","f","f","368.7308","","Tex. 282nd Jud. Dist. Ct.","Texas 282nd Judicial District Court","http://www.dallascounty.org/government/courts/criminal_district/282nd/",,,"ST","","texdistct"
"texdistct284",,,"",,"","2023-10-03 01:24:12.205564+00","f","f","f","368.7309","","Tex. 283rd Jud. Dist. Ct.","Texas 283rd Judicial District Court","http://www.dallascounty.org/government/courts/criminal_district/283rd/",,,"ST","","texdistct"
"texdistct285",,,"",,"","2023-10-03 01:24:12.211842+00","f","f","f","368.731","","Tex. 284th Jud. Dist. Ct.","Texas 284th Judicial District Court","http://www.mctx.org/departments/departments_d_-_f/district_courts/284th_district_court/index.php",,,"ST","","texdistct"
"texdistct286",,,"",,"","2023-10-03 01:24:12.223297+00","f","f","f","368.7311","","Tex. 285th Jud. Dist. Ct.","Texas 285th Judicial District Court","http://www.bexar.org/judges/DistrictCourt285.html",,,"ST","","texdistct"
"texdistct287",,,"",,"","2023-10-03 01:24:12.243388+00","f","f","f","368.7312","","Tex. 286th Jud. Dist. Ct.","Texas 286th Judicial District Court","http://www.co.hockley.tx.us/default.aspx?Hockley_County/District.Court",,,"ST","","texdistct"
"texdistct288",,,"",,"","2023-10-03 01:24:12.259412+00","f","f","f","368.7313","","Tex. 287th Jud. Dist. Ct.","Texas 287th Judicial District Court","http://www.co.bailey.tx.us/default.aspx?Bailey_County/District.Court",,,"ST","","texdistct"
"texdistct289",,,"",,"","2023-10-03 01:24:12.279424+00","f","f","f","368.7314","","Tex. 288th Jud. Dist. Ct.","Texas 288th Judicial District Court","http://www.bexar.org/judges/DistrictCourt288.html",,,"ST","","texdistct"
"texdistct290",,,"",,"","2023-10-03 01:24:12.293826+00","f","f","f","368.7315","","Tex. 289th Jud. Dist. Ct.","Texas 289th Judicial District Court","https://www.bexar.org/1794/289th-Juvenile-District-Court",,,"ST","","texdistct"
"texdistct291",,,"",,"","2023-10-03 01:24:12.301162+00","f","f","f","368.7316","","Tex. 290th Jud. Dist. Ct.","Texas 290th Judicial District Court","http://www.bexar.org/judges/DistrictCourt290.html",,,"ST","","texdistct"
"texdistct292",,,"",,"","2023-10-03 01:24:12.315206+00","f","f","f","368.7317","","Tex. 291st Jud. Dist. Ct.","Texas 291st Judicial District Court","http://www.dallascounty.org/government/courts/criminal_district/291st/",,,"ST","","texdistct"
"texdistct293",,,"",,"","2023-10-03 01:24:12.331491+00","f","f","f","368.7318","","Tex. 292nd Jud. Dist. Ct.","Texas 292nd Judicial District Court","https://www.dallascounty.org/government/courts/criminal_district/292nd/",,,"ST","","texdistct"
"texdistct294",,,"",,"","2023-10-03 01:24:12.347275+00","f","f","f","368.7319","","Tex. 293rd Jud. Dist. Ct.","Texas 293rd Judicial District Court","",,,"ST","","texdistct"
"texdistct295",,,"",,"","2023-10-03 01:24:12.357904+00","f","f","f","368.732","","Tex. 294th Jud. Dist. Ct.","Texas 294th Judicial District Court","http://www.vanzandtcounty.org/default.aspx?Van-Zandt_County/District.Court",,,"ST","","texdistct"
"texdistct296",,,"",,"","2023-10-03 01:24:12.364083+00","f","f","f","368.7321","","Tex. 295th Jud. Dist. Ct.","Texas 295th Judicial District Court","https://www.justex.net/Courts/Civil/CivilCourt.aspx?crt=23",,,"ST","","texdistct"
"texdistct297",,,"",,"","2023-10-03 01:24:12.370576+00","f","f","f","368.7322","","Tex. 296th Jud. Dist. Ct.","Texas 296th Judicial District Court","http://www.collincountytx.gov/district_courts/Pages/296dc.aspx",,,"ST","","texdistct"
"texdistct298",,,"",,"","2023-10-03 01:24:12.377427+00","f","f","f","368.7323","","Tex. 297th Jud. Dist. Ct.","Texas 297th Judicial District Court","http://access.tarrantcounty.com/en/criminal-courts/felony-courts/297th-district-court.html",,,"ST","","texdistct"
"texdistct299",,,"",,"","2023-10-03 01:24:12.3842+00","f","f","f","368.7324","","Tex. 298th Jud. Dist. Ct.","Texas 298th Judicial District Court","http://www.dallascounty.org/government/courts/civil_district/298th/",,,"ST","","texdistct"
"texdistct300",,,"",,"","2023-10-03 01:24:12.390068+00","f","f","f","368.7325","","Tex. 299th Jud. Dist. Ct.","Texas 299th Judicial District Court","https://www.traviscountytx.gov/courts/criminal/district/299",,,"ST","","texdistct"
"texdistct301",,,"",,"","2023-10-03 01:24:12.396072+00","f","f","f","368.7326","","Tex. 300th Jud. Dist. Ct.","Texas 300th Judicial District Court","https://brazoriacountytx.gov/departments/all-courts/district-court/300th-district-court",,,"ST","","texdistct"
"texdistct302",,,"",,"","2023-10-03 01:24:12.413335+00","f","f","f","368.7327","","Tex. 301st Jud. Dist. Ct.","Texas 301st Judicial District Court","http://www.dallascounty.org/government/courts/family_district/301st/",,,"ST","","texdistct"
"texdistct303",,,"",,"","2023-10-03 01:24:12.431121+00","f","f","f","368.7328","","Tex. 302nd Jud. Dist. Ct.","Texas 302nd Judicial District Court","http://www.dallascounty.org/government/courts/family_district/302nd/",,,"ST","","texdistct"
"texdistct304",,,"",,"","2023-10-03 01:24:12.451529+00","f","f","f","368.7329","","Tex. 303rd Jud. Dist. Ct.","Texas 303rd Judicial District Court","http://www.dallascounty.org/government/courts/family_district/303rd/",,,"ST","","texdistct"
"texdistct305",,,"",,"","2023-10-03 01:24:12.467173+00","f","f","f","368.733","","Tex. 304th Jud. Dist. Ct.","Texas 304th Judicial District Court","http://www.dallascounty.org/government/courts/juvenile/304th/",,,"ST","","texdistct"
"texdistct306",,,"",,"","2023-10-03 01:24:12.487155+00","f","f","f","368.7331","","Tex. 305th Jud. Dist. Ct.","Texas 305th Judicial District Court","http://www.dallascounty.org/government/courts/juvenile/305th/",,,"ST","","texdistct"
"texdistct307",,,"",,"","2023-10-03 01:24:12.503287+00","f","f","f","368.7332","","Tex. 306th Jud. Dist. Ct.","Texas 306th Judicial District Court","http://www.galvestoncountytx.gov/jd/jd5/Pages/default.aspx",,,"ST","","texdistct"
"texdistct308",,,"",,"","2023-10-03 01:24:12.51913+00","f","f","f","368.7333","","Tex. 307th Jud. Dist. Ct.","Texas 307th Judicial District Court","http://www.co.gregg.tx.us/307th-district-court",,,"ST","","texdistct"
"texdistct309",,,"",,"","2023-10-03 01:24:12.543181+00","f","f","f","368.7334","","Tex. 308th Jud. Dist. Ct.","Texas 308th Judicial District Court","https://www.justex.net/Courts/Family/FamilyCourt.aspx?crt=55",,,"ST","","texdistct"
"texdistct310",,,"",,"","2023-10-03 01:24:12.559278+00","f","f","f","368.7335","","Tex. 309th Jud. Dist. Ct.","Texas 309th Judicial District Court","http://www.justex.net/",,,"ST","","texdistct"
"texdistct311",,,"",,"","2023-10-03 01:24:12.570375+00","f","f","f","368.7336","","Tex. 310th Jud. Dist. Ct.","Texas 310th Judicial District Court","http://www.justex.net/",,,"ST","","texdistct"
"texdistct312",,,"",,"","2023-10-03 01:24:12.599132+00","f","f","f","368.7337","","Tex. 311th Jud. Dist. Ct.","Texas 311th Judicial District Court","http://www.justex.net/",,,"ST","","texdistct"
"texdistct313",,,"",,"","2023-10-03 01:24:12.608921+00","f","f","f","368.7338","","Tex. 312th Jud. Dist. Ct.","Texas 312th Judicial District Court","https://www.justex.net/Courts/Family/FamilyCourt.aspx?crt=59",,,"ST","","texdistct"
"texdistct314",,,"",,"","2023-10-03 01:24:12.6151+00","f","f","f","368.7339","","Tex. 313th Jud. Dist. Ct.","Texas 313th Judicial District Court","https://www.justex.net/Courts/Juvenile/JuvenileCourt.aspx?crt=49",,,"ST","","texdistct"
"texdistct315",,,"",,"","2023-10-03 01:24:12.623135+00","f","f","f","368.734","","Tex. 314th Jud. Dist. Ct.","Texas 314th Judicial District Court","https://www.justex.net/Courts/Juvenile/JuvenileCourt.aspx?crt=50",,,"ST","","texdistct"
"texdistct316",,,"",,"","2023-10-03 01:24:12.629145+00","f","f","f","368.7341","","Tex. 315th Jud. Dist. Ct.","Texas 315th Judicial District Court","https://www.justex.net/Courts/Juvenile/JuvenileCourt.aspx?crt=51",,,"ST","","texdistct"
"texdistct317",,,"",,"","2023-10-03 01:24:12.639186+00","f","f","f","368.7342","","Tex. 316th Jud. Dist. Ct.","Texas 316th Judicial District Court","http://www.316thcourt.com/",,,"ST","","texdistct"
"texdistct318",,,"",,"","2023-10-03 01:24:12.651139+00","f","f","f","368.7343","","Tex. 317th Jud. Dist. Ct.","Texas 317th Judicial District Court","http://www.co.jefferson.tx.us/distcrts/317th.htm",,,"ST","","texdistct"
"texdistct319",,,"",,"","2023-10-03 01:24:12.667433+00","f","f","f","368.7344","","Tex. 318th Jud. Dist. Ct.","Texas 318th Judicial District Court","https://www.co.midland.tx.us/288/318th-Family-District-Court",,,"ST","","texdistct"
"texdistct320",,,"",,"","2023-10-03 01:24:12.683419+00","f","f","f","368.7345","","Tex. 319th Jud. Dist. Ct.","Texas 319th Judicial District Court","https://www.nuecesco.com/courts/district-courts/319th-district-court-g",,,"ST","","texdistct"
"texdistct321",,,"",,"","2023-10-03 01:24:12.699351+00","f","f","f","368.7346","","Tex. 320th Jud. Dist. Ct.","Texas 320th Judicial District Court","http://www.co.potter.tx.us/default.aspx?Potter_County/District.Court.320",,,"ST","","texdistct"
"texdistct322",,,"",,"","2023-10-03 01:24:12.715354+00","f","f","f","368.7347","","Tex. 321st Jud. Dist. Ct.","Texas 321st Judicial District Court","http://www.smith-county.com/",,,"ST","","texdistct"
"vaccsussex",,,"",,"","2023-10-03 01:24:18.438731+00","f","f","f","369.7875","Sussex Cir. Ct.","Sussex County Circuit Court","Sussex County Circuit Court","",,,"ST","","vacc"
"texdistct323",,,"",,"","2023-10-03 01:24:12.731413+00","f","f","f","368.7348","","Tex. 322nd Jud. Dist. Ct.","Texas 322nd Judicial District Court","http://access.tarrantcounty.com/en/family-courts/322nd-district-court.html",,,"ST","","texdistct"
"texdistct324",,,"",,"","2023-10-03 01:24:12.747304+00","f","f","f","368.7349","","Tex. 323rd Jud. Dist. Ct.","Texas 323rd Judicial District Court","https://www.tarrantcounty.com/en/juvenile-courts/323rd-district-court.html",,,"ST","","texdistct"
"texdistct325",,,"",,"","2023-10-03 01:24:12.755216+00","f","f","f","368.735","","Tex. 324th Jud. Dist. Ct.","Texas 324th Judicial District Court","http://access.tarrantcounty.com/en/family-courts/324th-district-court.html",,,"ST","","texdistct"
"texdistct326",,,"",,"","2023-10-03 01:24:12.771161+00","f","f","f","368.7351","","Tex. 325th Jud. Dist. Ct.","Texas 325th Judicial District Court","http://access.tarrantcounty.com/en/family-courts/325th-district-court.html",,,"ST","","texdistct"
"texdistct327",,,"",,"","2023-10-03 01:24:12.791189+00","f","f","f","368.7352","","Tex. 326th Jud. Dist. Ct.","Texas 326th Judicial District Court","http://tx-taylorcounty.civicplus.com/index.aspx?NID=210",,,"ST","","texdistct"
"texdistct328",,,"",,"","2023-10-03 01:24:12.803126+00","f","f","f","368.7353","","Tex. 327th Jud. Dist. Ct.","Texas 327th Judicial District Court","http://www.epcounty.com/courts/directory.htm",,,"ST","","texdistct"
"texdistct329",,,"",,"","2023-10-03 01:24:12.815598+00","f","f","f","368.7354","","Tex. 328th Jud. Dist. Ct.","Texas 328th Judicial District Court","http://www.fortbendcountytx.gov/index.aspx?page=203",,,"ST","","texdistct"
"texdistct330",,,"",,"","2023-10-03 01:24:12.827159+00","f","f","f","368.7355","","Tex. 329th Jud. Dist. Ct.","Texas 329th Judicial District Court","http://www.329th.com",,,"ST","","texdistct"
"texdistct331",,,"",,"","2023-10-03 01:24:12.840681+00","f","f","f","368.7356","","Tex. 330th Jud. Dist. Ct.","Texas 330th Judicial District Court","http://www.dallascounty.org/government/courts/family_district/330th/",,,"ST","","texdistct"
"texdistct332",,,"",,"","2023-10-03 01:24:12.855314+00","f","f","f","368.7357","","Tex. 331st Jud. Dist. Ct.","Texas 331st Judicial District Court","https://www.traviscountytx.gov/courts/criminal/district/331",,,"ST","","texdistct"
"texdistct333",,,"",,"","2023-10-03 01:24:12.861817+00","f","f","f","368.7358","","Tex. 332nd Jud. Dist. Ct.","Texas 332nd Judicial District Court","http://co.hidalgo.tx.us/index.aspx?NID=246",,,"ST","","texdistct"
"texdistct334",,,"",,"","2023-10-03 01:24:12.879177+00","f","f","f","368.7359","","Tex. 333rd Jud. Dist. Ct.","Texas 333rd Judicial District Court","https://www.justex.net/Courts/Civil/CivilCourt.aspx?crt=24",,,"ST","","texdistct"
"texdistct335",,,"",,"","2023-10-03 01:24:12.887613+00","f","f","f","368.736","","Tex. 334th Jud. Dist. Ct.","Texas 334th Judicial District Court","https://www.justex.net/Courts/Civil/CivilCourt.aspx?crt=25",,,"ST","","texdistct"
"texdistct336",,,"",,"","2023-10-03 01:24:12.895287+00","f","f","f","368.7361","","Tex. 335th Jud. Dist. Ct.","Texas 335th Judicial District Court","http://co.burleson.tx.us/government/district-courts/",,,"ST","","texdistct"
"texdistct337",,,"",,"","2023-10-03 01:24:12.907124+00","f","f","f","368.7362","","Tex. 336th Jud. Dist. Ct.","Texas 336th Judicial District Court","http://www.co.fannin.tx.us/default.aspx?Fannin_County/District.Court",,,"ST","","texdistct"
"texdistct338",,,"",,"","2023-10-03 01:24:12.923208+00","f","f","f","368.7363","","Tex. 337th Jud. Dist. Ct.","Texas 337th Judicial District Court","http://www.justex.net/",,,"ST","","texdistct"
"texdistct339",,,"",,"","2023-10-03 01:24:12.939148+00","f","f","f","368.7364","","Tex. 338th Jud. Dist. Ct.","Texas 338th Judicial District Court","https://www.justex.net/Courts/Criminal/CriminalCourt.aspx?crt=46",,,"ST","","texdistct"
"texdistct340",,,"",,"","2023-10-03 01:24:12.948045+00","f","f","f","368.7365","","Tex. 339th Jud. Dist. Ct.","Texas 339th Judicial District Court","https://www.justex.net/Courts/Criminal/CriminalCourt.aspx?crt=47",,,"ST","","texdistct"
"texdistct341",,,"",,"","2023-10-03 01:24:12.963166+00","f","f","f","368.7366","","Tex. 340th Jud. Dist. Ct.","Texas 340th Judicial District Court","https://www.tomgreencountytx.gov/page/dc.340th",,,"ST","","texdistct"
"texdistct342",,,"",,"","2023-10-03 01:24:12.979176+00","f","f","f","368.7367","","Tex. 341st Jud. Dist. Ct.","Texas 341st Judicial District Court","http://www.webbcountytx.gov/DC341st/",,,"ST","","texdistct"
"texdistct343",,,"",,"","2023-10-03 01:24:12.990885+00","f","f","f","368.7368","","Tex. 342nd Jud. Dist. Ct.","Texas 342nd Judicial District Court","http://access.tarrantcounty.com/en/civil-courts/district-courts/342nd-district-court.html",,,"ST","","texdistct"
"texdistct344",,,"",,"","2023-10-03 01:24:13.007153+00","f","f","f","368.7369","","Tex. 343rd Jud. Dist. Ct.","Texas 343rd Judicial District Court","http://www.36-156-343districtcourts.org/",,,"ST","","texdistct"
"texdistct345",,,"",,"","2023-10-03 01:24:13.023148+00","f","f","f","368.737","","Tex. 344th Jud. Dist. Ct.","Texas 344th Judicial District Court","http://www.co.chambers.tx.us/default.aspx?name=344thDistrictCourt",,,"ST","","texdistct"
"texdistct346",,,"",,"","2023-10-03 01:24:13.035221+00","f","f","f","368.7371","","Tex. 345th Jud. Dist. Ct.","Texas 345th Judicial District Court","https://www.traviscountytx.gov/courts/civil/district/345",,,"ST","","texdistct"
"texdistct347",,,"",,"","2023-10-03 01:24:13.051128+00","f","f","f","368.7372","","Tex. 346th Jud. Dist. Ct.","Texas 346th Judicial District Court","http://www.epcounty.com/courts/directory.htm",,,"ST","","texdistct"
"texdistct348",,,"",,"","2023-10-03 01:24:13.063287+00","f","f","f","368.7373","","Tex. 347th Jud. Dist. Ct.","Texas 347th Judicial District Court","https://www.nuecesco.com/courts/district-courts/347th-district-court-h",,,"ST","","texdistct"
"texdistct349",,,"",,"","2023-10-03 01:24:13.079875+00","f","f","f","368.7374","","Tex. 348th Jud. Dist. Ct.","Texas 348th Judicial District Court","http://access.tarrantcounty.com/en/civil-courts/district-courts/348th-district-court.html",,,"ST","","texdistct"
"texdistct350",,,"",,"","2023-10-03 01:24:13.090066+00","f","f","f","368.7375","","Tex. 349th Jud. Dist. Ct.","Texas 349th Judicial District Court","http://www.co.anderson.tx.us/default.aspx?Anderson_County/349thDC",,,"ST","","texdistct"
"texdistct351",,,"",,"","2023-10-03 01:24:13.096619+00","f","f","f","368.7376","","Tex. 350th Jud. Dist. Ct.","Texas 350th Judicial District Court","http://www.taylorcountytexas.org/index.aspx?NID=211",,,"ST","","texdistct"
"texdistct352",,,"",,"","2023-10-03 01:24:13.119154+00","f","f","f","368.7377","","Tex. 351st Jud. Dist. Ct.","Texas 351st Judicial District Court","http://www.justex.net/",,,"ST","","texdistct"
"texdistct353",,,"",,"","2023-10-03 01:24:13.13073+00","f","f","f","368.7378","","Tex. 352nd Jud. Dist. Ct.","Texas 352nd Judicial District Court","http://access.tarrantcounty.com/en/civil-courts/district-courts/352nd-district-court.html",,,"ST","","texdistct"
"texdistct354",,,"",,"","2023-10-03 01:24:13.136846+00","f","f","f","368.7379","","Tex. 353rd Jud. Dist. Ct.","Texas 353rd Judicial District Court","https://www.traviscountytx.gov/courts/civil/district/353",,,"ST","","texdistct"
"texdistct355",,,"",,"","2023-10-03 01:24:13.15129+00","f","f","f","368.738","","Tex. 354th Jud. Dist. Ct.","Texas 354th Judicial District Court","http://www.co.rains.tx.us/default.aspx?Rains_County/354th",,,"ST","","texdistct"
"texdistct356",,,"",,"","2023-10-03 01:24:13.166502+00","f","f","f","368.7381","","Tex. 355th Jud. Dist. Ct.","Texas 355th Judicial District Court","http://www.co.hood.tx.us/218/355th-District-Judge",,,"ST","","texdistct"
"texdistct357",,,"",,"","2023-10-03 01:24:13.179328+00","f","f","f","368.7382","","Tex. 356th Jud. Dist. Ct.","Texas 356th Judicial District Court","http://www.co.hardin.tx.us/default.aspx?Hardin_County/District.Court",,,"ST","","texdistct"
"texdistct358",,,"",,"","2023-10-03 01:24:13.18949+00","f","f","f","368.7383","","Tex. 357th Jud. Dist. Ct.","Texas 357th Judicial District Court","http://www.co.cameron.tx.us/judicial_courts/district_courts/index.php",,,"ST","","texdistct"
"texdistct359",,,"",,"","2023-10-03 01:24:13.200783+00","f","f","f","368.7384","","Tex. 358th Jud. Dist. Ct.","Texas 358th Judicial District Court","http://www.co.ector.tx.us/default.aspx?Ector_County/District.Court",,,"ST","","texdistct"
"texdistct360",,,"",,"","2023-10-03 01:24:13.215294+00","f","f","f","368.7385","","Tex. 359th Jud. Dist. Ct.","Texas 359th Judicial District Court","http://www.mctx.org/departments/departments_d_-_f/district_courts/359th_district_court/index.php",,,"ST","","texdistct"
"texdistct361",,,"",,"","2023-10-03 01:24:13.231424+00","f","f","f","368.7386","","Tex. 360th Jud. Dist. Ct.","Texas 360th Judicial District Court","http://access.tarrantcounty.com/en/family-courts/360th-district-court.html",,,"ST","","texdistct"
"texdistct362",,,"",,"","2023-10-03 01:24:13.247354+00","f","f","f","368.7387","","Tex. 361st Jud. Dist. Ct.","Texas 361st Judicial District Court","https://www.brazoscountytx.gov/132/361st-District-Court",,,"ST","","texdistct"
"texdistct363",,,"",,"","2023-10-03 01:24:13.263164+00","f","f","f","368.7388","","Tex. 362nd Jud. Dist. Ct.","Texas 362nd Judicial District Court","https://www.dentoncounty.gov/537/362nd-District-Court",,,"ST","","texdistct"
"texdistct364",,,"",,"","2023-10-03 01:24:13.27924+00","f","f","f","368.7389","","Tex. 363rd Jud. Dist. Ct.","Texas 363rd Judicial District Court","http://www.dallascounty.org/government/courts/criminal_district/363rd/",,,"ST","","texdistct"
"texdistct365",,,"",,"","2023-10-03 01:24:13.295167+00","f","f","f","368.739","","Tex. 364th Jud. Dist. Ct.","Texas 364th Judicial District Court","http://www.co.lubbock.tx.us/department/division.php?fDD=10-48",,,"ST","","texdistct"
"texdistct366",,,"",,"","2023-10-03 01:24:13.311231+00","f","f","f","368.7391","","Tex. 365th Jud. Dist. Ct.","Texas 365th Judicial District Court","http://www.co.maverick.tx.us/default.aspx?Maverick_County/365th",,,"ST","","texdistct"
"texdistct367",,,"",,"","2023-10-03 01:24:13.331388+00","f","f","f","368.7392","","Tex. 366th Jud. Dist. Ct.","Texas 366th Judicial District Court","http://www.collincountytx.gov/district_courts/Pages/366dc.aspx",,,"ST","","texdistct"
"texdistct368",,,"",,"","2023-10-03 01:24:13.347182+00","f","f","f","368.7393","","Tex. 367th Jud. Dist. Ct.","Texas 367th Judicial District Court","https://www.dentoncounty.gov/544/367th-District-Court",,,"ST","","texdistct"
"texdistct369",,,"",,"","2023-10-03 01:24:13.360922+00","f","f","f","368.7394","","Tex. 368th Jud. Dist. Ct.","Texas 368th Judicial District Court","http://williamson-county.org/Elected-Officials/District-Courts/368th-District-Court",,,"ST","","texdistct"
"texdistct370",,,"",,"","2023-10-03 01:24:13.371194+00","f","f","f","368.7395","","Tex. 369th Jud. Dist. Ct.","Texas 369th Judicial District Court","http://www.co.anderson.tx.us/default.aspx?Anderson_County/369thDC",,,"ST","","texdistct"
"texdistct371",,,"",,"","2023-10-03 01:24:13.383177+00","f","f","f","368.7396","","Tex. 370th Jud. Dist. Ct.","Texas 370th Judicial District Court","http://www.co.hidalgo.tx.us/index.aspx?nid=249",,,"ST","","texdistct"
"texdistct372",,,"",,"","2023-10-03 01:24:13.403135+00","f","f","f","368.7397","","Tex. 371st Jud. Dist. Ct.","Texas 371st Judicial District Court","http://access.tarrantcounty.com/en/criminal-courts/felony-courts/371st-district-court.html",,,"ST","","texdistct"
"texdistct373",,,"",,"","2023-10-03 01:24:13.419208+00","f","f","f","368.7398","","Tex. 372nd Jud. Dist. Ct.","Texas 372nd Judicial District Court","http://access.tarrantcounty.com/en/criminal-courts/felony-courts/372nd-district-court.html",,,"ST","","texdistct"
"texdistct374",,,"",,"","2023-10-03 01:24:13.428587+00","f","f","f","368.7399","","Tex. 373rd Jud. Dist. Ct.","Texas 373rd Judicial District Court","http://access.tarrantcounty.com/en/criminal-courts/felony-courts/372nd-district-court.html",,,"ST","","texdistct"
"texdistct375",,,"",,"","2023-10-03 01:24:13.436856+00","f","f","f","368.74","","Tex. 374th Jud. Dist. Ct.","Texas 374th Judicial District Court","http://access.tarrantcounty.com/en/criminal-courts/felony-courts/372nd-district-court.html",,,"ST","","texdistct"
"texdistct376",,,"",,"","2023-10-03 01:24:13.447157+00","f","f","f","368.7401","","Tex. 375th Jud. Dist. Ct.","Texas 375th Judicial District Court","http://access.tarrantcounty.com/en/criminal-courts/felony-courts/372nd-district-court.html",,,"ST","","texdistct"
"texdistct377",,,"",,"","2023-10-03 01:24:13.463209+00","f","f","f","368.7402","","Tex. 376th Jud. Dist. Ct.","Texas 376th Judicial District Court","http://access.tarrantcounty.com/en/criminal-courts/felony-courts/372nd-district-court.html",,,"ST","","texdistct"
"texdistct378",,,"",,"","2023-10-03 01:24:13.483232+00","f","f","f","368.7403","","Tex. 377th Jud. Dist. Ct.","Texas 377th Judicial District Court","http://www.victoriacountytx.org/index.php/en/county-directory",,,"ST","","texdistct"
"texdistct379",,,"",,"","2023-10-03 01:24:13.489231+00","f","f","f","368.7404","","Tex. 378th Jud. Dist. Ct.","Texas 378th Judicial District Court","http://www.co.ellis.tx.us",,,"ST","","texdistct"
"texdistct380",,,"",,"","2023-10-03 01:24:13.495073+00","f","f","f","368.7405","","Tex. 379th Jud. Dist. Ct.","Texas 379th Judicial District Court","http://www.bexar.org/judges/DistrictCourt379.html",,,"ST","","texdistct"
"texdistct381",,,"",,"","2023-10-03 01:24:13.502305+00","f","f","f","368.7406","","Tex. 380th Jud. Dist. Ct.","Texas 380th Judicial District Court","http://www.collincountytx.gov/district_courts/Pages/380dc.aspx",,,"ST","","texdistct"
"texdistct382",,,"",,"","2023-10-03 01:24:13.51402+00","f","f","f","368.7407","","Tex. 381st Jud. Dist. Ct.","Texas 381st Judicial District Court","http://co.starr.tx.us/default.aspx?Starr_County/381st",,,"ST","","texdistct"
"texdistct383",,,"",,"","2023-10-03 01:24:13.522486+00","f","f","f","368.7408","","Tex. 382nd Jud. Dist. Ct.","Texas 382nd Judicial District Court","http://www.rockwallcountytexas.com/dct.html",,,"ST","","texdistct"
"texdistct384",,,"",,"","2023-10-03 01:24:13.539131+00","f","f","f","368.7409","","Tex. 383rd Jud. Dist. Ct.","Texas 383rd Judicial District Court","http://www.epcounty.com/courts/directory.htm",,,"ST","","texdistct"
"texdistct385",,,"",,"","2023-10-03 01:24:13.555234+00","f","f","f","368.741","","Tex. 384th Jud. Dist. Ct.","Texas 384th Judicial District Court","http://www.epcounty.com/courts/directory.htm",,,"ST","","texdistct"
"texdistct386",,,"",,"","2023-10-03 01:24:13.568906+00","f","f","f","368.7411","","Tex. 385th Jud. Dist. Ct.","Texas 385th Judicial District Court","https://www.co.midland.tx.us/274/385th-District-Court",,,"ST","","texdistct"
"texdistct387",,,"",,"","2023-10-03 01:24:13.583245+00","f","f","f","368.7412","","Tex. 386th Jud. Dist. Ct.","Texas 386th Judicial District Court","http://www.bexar.org/judges/JudgeParker.html",,,"ST","","texdistct"
"texdistct388",,,"",,"","2023-10-03 01:24:13.595497+00","f","f","f","368.7413","","Tex. 387th Jud. Dist. Ct.","Texas 387th Judicial District Court","http://www.fortbendcountytx.gov/index.aspx?page=206",,,"ST","","texdistct"
"texdistct389",,,"",,"","2023-10-03 01:24:13.604143+00","f","f","f","368.7414","","Tex. 388th Jud. Dist. Ct.","Texas 388th Judicial District Court","http://www.epcounty.com/courts/directory.htm",,,"ST","","texdistct"
"texdistct390",,,"",,"","2023-10-03 01:24:13.623291+00","f","f","f","368.7415","","Tex. 389th Jud. Dist. Ct.","Texas 389th Judicial District Court","http://www.co.hidalgo.tx.us/index.aspx?nid=251",,,"ST","","texdistct"
"texdistct391",,,"",,"","2023-10-03 01:24:13.636148+00","f","f","f","368.7416","","Tex. 390th Jud. Dist. Ct.","Texas 390th Judicial District Court","https://www.traviscountytx.gov/courts/criminal/district/390",,,"ST","","texdistct"
"texdistct392",,,"",,"","2023-10-03 01:24:13.651212+00","f","f","f","368.7417","","Tex. 391st Jud. Dist. Ct.","Texas 391st Judicial District Court","http://www.co.tom-green.tx.us/default.aspx?Tom-Green_County/District.Court.Judges",,,"ST","","texdistct"
"texdistct393",,,"",,"","2023-10-03 01:24:13.667161+00","f","f","f","368.7418","","Tex. 392nd Jud. Dist. Ct.","Texas 392nd Judicial District Court","http://www.henderson-county.com/departments/courts/392nd-district-court",,,"ST","","texdistct"
"texdistct394",,,"",,"","2023-10-03 01:24:13.683246+00","f","f","f","368.7419","","Tex. 393rd Jud. Dist. Ct.","Texas 393rd Judicial District Court","https://www.dentoncounty.gov/549/393rd-District-Court",,,"ST","","texdistct"
"texdistct395",,,"",,"","2023-10-03 01:24:13.699149+00","f","f","f","368.742","","Tex. 394th Jud. Dist. Ct.","Texas 394th Judicial District Court","https://texas394th.com/",,,"ST","","texdistct"
"texdistct396",,,"",,"","2023-10-03 01:24:13.708738+00","f","f","f","368.7421","","Tex. 395th Jud. Dist. Ct.","Texas 395th Judicial District Court","https://www.wilco.org/Elected-Officials/District-Courts/395th-District-Court",,,"ST","","texdistct"
"texdistct397",,,"",,"","2023-10-03 01:24:13.723189+00","f","f","f","368.7422","","Tex. 396th Jud. Dist. Ct.","Texas 396th Judicial District Court","http://access.tarrantcounty.com/en/criminal-courts/felony-courts/396th-district-court.html",,,"ST","","texdistct"
"texdistct398",,,"",,"","2023-10-03 01:24:13.739228+00","f","f","f","368.7423","","Tex. 397th Jud. Dist. Ct.","Texas 397th Judicial District Court","http://www.co.grayson.tx.us/default.aspx?name=court397.home",,,"ST","","texdistct"
"texdistct399",,,"",,"","2023-10-03 01:24:13.750741+00","f","f","f","368.7424","","Tex. 398th Jud. Dist. Ct.","Texas 398th Judicial District Court","http://co.hidalgo.tx.us/index.aspx?NID=252",,,"ST","","texdistct"
"texdistct400",,,"",,"","2023-10-03 01:24:13.76718+00","f","f","f","368.7425","","Tex. 399th Jud. Dist. Ct.","Texas 399th Judicial District Court","http://www.bexar.org/judges/DistrictCourt399.html",,,"ST","","texdistct"
"texdistct401",,,"",,"","2023-10-03 01:24:13.78324+00","f","f","f","368.7426","","Tex. 400th Jud. Dist. Ct.","Texas 400th Judicial District Court","http://www.fortbendcountytx.gov/index.aspx?page=214",,,"ST","","texdistct"
"texdistct402",,,"",,"","2023-10-03 01:24:13.800831+00","f","f","f","368.7427","","Tex. 401st Jud. Dist. Ct.","Texas 401st Judicial District Court","http://www.collincountytx.gov/district_courts/Pages/401dc.aspx",,,"ST","","texdistct"
"texdistct403",,,"",,"","2023-10-03 01:24:13.806864+00","f","f","f","368.7428","","Tex. 402nd Jud. Dist. Ct.","Texas 402nd Judicial District Court","http://www.mywoodcounty.com/default.aspx?name=distcourt",,,"ST","","texdistct"
"texdistct404",,,"",,"","2023-10-03 01:24:13.818527+00","f","f","f","368.7429","","Tex. 403rd Jud. Dist. Ct.","Texas 403rd Judicial District Court","https://www.traviscountytx.gov/courts/criminal/district/403",,,"ST","","texdistct"
"texdistct405",,,"",,"","2023-10-03 01:24:13.829901+00","f","f","f","368.743","","Tex. 404th Jud. Dist. Ct.","Texas 404th Judicial District Court","https://www.cameroncounty.us/district-courts/",,,"ST","","texdistct"
"texdistct406",,,"",,"","2023-10-03 01:24:13.843204+00","f","f","f","368.7431","","Tex. 405th Jud. Dist. Ct.","Texas 405th Judicial District Court","http://www.galvestoncountytx.gov/jd/jd6/Pages/default.aspx",,,"ST","","texdistct"
"texdistct407",,,"",,"","2023-10-03 01:24:13.85517+00","f","f","f","368.7432","","Tex. 406th Jud. Dist. Ct.","Texas 406th Judicial District Court","http://www.webbcountytx.gov/DC406th/",,,"ST","","texdistct"
"texdistct408",,,"",,"","2023-10-03 01:24:13.863206+00","f","f","f","368.7433","","Tex. 407th Jud. Dist. Ct.","Texas 407th Judicial District Court","http://www.bexar.org/judges/DistrictCourt407.html",,,"ST","","texdistct"
"texdistct409",,,"",,"","2023-10-03 01:24:13.871777+00","f","f","f","368.7434","","Tex. 408th Jud. Dist. Ct.","Texas 408th Judicial District Court","http://www.bexar.org/judges/DistrictCourt408.html",,,"ST","","texdistct"
"texdistct410",,,"",,"","2023-10-03 01:24:13.877861+00","f","f","f","368.7435","","Tex. 409th Jud. Dist. Ct.","Texas 409th Judicial District Court","http://www.epcounty.com/courts/directory.htm",,,"ST","","texdistct"
"texdistct411",,,"",,"","2023-10-03 01:24:13.88605+00","f","f","f","368.7436","","Tex. 410th Jud. Dist. Ct.","Texas 410th Judicial District Court","http://www.mctx.org/departments/departments_d_-_f/district_courts/410th_district_court/index.php",,,"ST","","texdistct"
"texdistct412",,,"",,"","2023-10-03 01:24:13.892836+00","f","f","f","368.7437","","Tex. 411th Jud. Dist. Ct.","Texas 411th Judicial District Court","http://www.co.polk.tx.us/default.aspx?Polk_County/District.Court",,,"ST","","texdistct"
"texdistct413",,,"",,"","2023-10-03 01:24:13.898789+00","f","f","f","368.7438","","Tex. 412th Jud. Dist. Ct.","Texas 412th Judicial District Court","https://brazoriacountytx.gov/departments/all-courts/district-court/412th-district-court",,,"ST","","texdistct"
"texdistct414",,,"",,"","2023-10-03 01:24:13.91166+00","f","f","f","368.7439","","Tex. 413th Jud. Dist. Ct.","Texas 413th Judicial District Court","http://www.johnsoncountytx.org/government/district-courts/413th-district-court",,,"ST","","texdistct"
"texdistct415",,,"",,"","2023-10-03 01:24:13.923339+00","f","f","f","368.744","","Tex. 414th Jud. Dist. Ct.","Texas 414th Judicial District Court","http://www.co.mclennan.tx.us/distjudges/414thcourt.aspx",,,"ST","","texdistct"
"texdistct416",,,"",,"","2023-10-03 01:24:13.93334+00","f","f","f","368.7441","","Tex. 415th Jud. Dist. Ct.","Texas 415th Judicial District Court","http://www.parkercountytx.com/index.aspx?NID=356",,,"ST","","texdistct"
"texdistct417",,,"",,"","2023-10-03 01:24:13.940664+00","f","f","f","368.7442","","Tex. 416th Jud. Dist. Ct.","Texas 416th Judicial District Court","http://www.collincountytx.gov/district_courts/Pages/416dc.aspx",,,"ST","","texdistct"
"texdistct418",,,"",,"","2023-10-03 01:24:13.951091+00","f","f","f","368.7443","","Tex. 417th Jud. Dist. Ct.","Texas 417th Judicial District Court","http://www.collincountytx.gov/district_courts/Pages/417dc.aspx",,,"ST","","texdistct"
"texdistct419",,,"",,"","2023-10-03 01:24:13.967195+00","f","f","f","368.7444","","Tex. 418th Jud. Dist. Ct.","Texas 418th Judicial District Court","http://www.mctx.org/departments/departments_d_-_f/district_courts/418th_district_court/index.php",,,"ST","","texdistct"
"texdistct420",,,"",,"","2023-10-03 01:24:13.984961+00","f","f","f","368.7445","","Tex. 419th Jud. Dist. Ct.","Texas 419th Judicial District Court","https://www.traviscountytx.gov/courts/civil/district/419",,,"ST","","texdistct"
"texdistct421",,,"",,"","2023-10-03 01:24:14.002262+00","f","f","f","368.7446","","Tex. 420th Jud. Dist. Ct.","Texas 420th Judicial District Court","http://www.co.nacogdoches.tx.us/districtcourt/420th_district_court.asp",,,"ST","","texdistct"
"texdistct422",,,"",,"","2023-10-03 01:24:14.014235+00","f","f","f","368.7447","","Tex. 421st Jud. Dist. Ct.","Texas 421st Judicial District Court","http://www.co.caldwell.tx.us/default.aspx?Caldwell_County/421st",,,"ST","","texdistct"
"texdistct423",,,"",,"","2023-10-03 01:24:14.027146+00","f","f","f","368.7448","","Tex. 422nd Jud. Dist. Ct.","Texas 422nd Judicial District Court","http://www.kaufmancounty.net/judgechitty.htm",,,"ST","","texdistct"
"texdistct424",,,"",,"","2023-10-03 01:24:14.035415+00","f","f","f","368.7449","","Tex. 423rd Jud. Dist. Ct.","Texas 423rd Judicial District Court","http://www.co.bastrop.tx.us/default.aspx?name=dc.423",,,"ST","","texdistct"
"texdistct425",,,"",,"","2023-10-03 01:24:14.048701+00","f","f","f","368.745","","Tex. 424th Jud. Dist. Ct.","Texas 424th Judicial District Court","http://dcourttexas.org",,,"ST","","texdistct"
"texdistct426",,,"",,"","2023-10-03 01:24:14.056087+00","f","f","f","368.7451","","Tex. 425th Jud. Dist. Ct.","Texas 425th Judicial District Court","http://williamson-county.org/Elected-Officials/District-Courts/425th-District-Court",,,"ST","","texdistct"
"texdistct427",,,"",,"","2023-10-03 01:24:14.083199+00","f","f","f","368.7452","","Tex. 426th Jud. Dist. Ct.","Texas 426th Judicial District Court","http://www.bellcountytx.com/county_government/district_courts/426th_district_court/index.php",,,"ST","","texdistct"
"texdistct428",,,"",,"","2023-10-03 01:24:14.099169+00","f","f","f","368.7453","","Tex. 427th Jud. Dist. Ct.","Texas 427th Judicial District Court","https://www.traviscountytx.gov/courts/criminal/district/427",,,"ST","","texdistct"
"texdistct429",,,"",,"","2023-10-03 01:24:14.115171+00","f","f","f","368.7454","","Tex. 428th Jud. Dist. Ct.","Texas 428th Judicial District Court","https://hayscountytx.com/courts/district-court/",,,"ST","","texdistct"
"texdistct430",,,"",,"","2023-10-03 01:24:14.131154+00","f","f","f","368.7455","","Tex. 429th Jud. Dist. Ct.","Texas 429th Judicial District Court","http://www.collincountytx.gov/district_courts/Pages/429dc.aspx",,,"ST","","texdistct"
"texdistct431",,,"",,"","2023-10-03 01:24:14.147147+00","f","f","f","368.7456","","Tex. 430th Jud. Dist. Ct.","Texas 430th Judicial District Court","http://co.hidalgo.tx.us/index.aspx?NID=259",,,"ST","","texdistct"
"texdistct432",,,"",,"","2023-10-03 01:24:14.163081+00","f","f","f","368.7457","","Tex. 431st Jud. Dist. Ct.","Texas 431st Judicial District Court","https://www.dentoncounty.gov/553/431st-District-Court",,,"ST","","texdistct"
"texdistct433",,,"",,"","2023-10-03 01:24:14.175131+00","f","f","f","368.7458","","Tex. 432nd Jud. Dist. Ct.","Texas 432nd Judicial District Court","http://access.tarrantcounty.com/en/criminal-courts/felony-courts/432nd-district-court.html",,,"ST","","texdistct"
"texdistct434",,,"",,"","2023-10-03 01:24:14.191155+00","f","f","f","368.7459","","Tex. 433rd Jud. Dist. Ct.","Texas 433rd Judicial District Court","http://www.co.comal.tx.us/dct.htm",,,"ST","","texdistct"
"texdistct435",,,"",,"","2023-10-03 01:24:14.204083+00","f","f","f","368.746","","Tex. 434th Jud. Dist. Ct.","Texas 434th Judicial District Court","http://www.fortbendcountytx.gov/index.aspx?page=219",,,"ST","","texdistct"
"texdistct436",,,"",,"","2023-10-03 01:24:14.219346+00","f","f","f","368.7461","","Tex. 435th Jud. Dist. Ct.","Texas 435th Judicial District Court","http://www.mctx.org/departments/departments_d_-_f/district_courts/435th_district_court/index.php",,,"ST","","texdistct"
"texdistct437",,,"",,"","2023-10-03 01:24:14.233182+00","f","f","f","368.7462","","Tex. 436th Jud. Dist. Ct.","Texas 436th Judicial District Court","http://www.bexar.org/judges/DistrictCourt436.html",,,"ST","","texdistct"
"texdistct438",,,"",,"","2023-10-03 01:24:14.251143+00","f","f","f","368.7463","","Tex. 437th Jud. Dist. Ct.","Texas 437th Judicial District Court","http://www.bexar.org/judges/DistrictCourt437.html",,,"ST","","texdistct"
"texdistct439",,,"",,"","2023-10-03 01:24:14.267151+00","f","f","f","368.7464","","Tex. 438th Jud. Dist. Ct.","Texas 438th Judicial District Court","http://www.bexar.org/judges/DistrictCourt438.html",,,"ST","","texdistct"
"texdistct440",,,"",,"","2023-10-03 01:24:14.283136+00","f","f","f","368.7465","","Tex. 439th Jud. Dist. Ct.","Texas 439th Judicial District Court","http://www.rockwallcountytexas.com/index.aspx?NID=571",,,"ST","","texdistct"
"texdistct441",,,"",,"","2023-10-03 01:24:14.294932+00","f","f","f","368.7466","","Tex. 440th Jud. Dist. Ct.","Texas 440th Judicial District Court","http://www.coryellcounty.org/government/district-court",,,"ST","","texdistct"
"texdistct442",,,"",,"","2023-10-03 01:24:14.301163+00","f","f","f","368.7467","","Tex. 441st Jud. Dist. Ct.","Texas 441st Judicial District Court","https://www.co.midland.tx.us/281/441st-District-Court",,,"ST","","texdistct"
"texdistct443",,,"",,"","2023-10-03 01:24:14.309435+00","f","f","f","368.7468","","Tex. 442nd Jud. Dist. Ct.","Texas 442nd Judicial District Court","https://www.dentoncounty.gov/555/442nd-District-Court",,,"ST","","texdistct"
"texdistct444",,,"",,"","2023-10-03 01:24:14.32733+00","f","f","f","368.7469","","Tex. 443rd Jud. Dist. Ct.","Texas 443rd Judicial District Court","http://www.co.ellis.tx.us/index.aspx?NID=578",,,"ST","","texdistct"
"texdistct445",,,"",,"","2023-10-03 01:24:14.343339+00","f","f","f","368.747","","Tex. 444th Jud. Dist. Ct.","Texas 444th Judicial District Court","https://www.cameroncounty.us/district-courts/",,,"ST","","texdistct"
"texdistct446",,,"",,"","2023-10-03 01:24:14.356832+00","f","f","f","368.7471","","Tex. 445th Jud. Dist. Ct.","Texas 445th Judicial District Court","https://www.cameroncounty.us/district-courts/",,,"ST","","texdistct"
"texdistct447",,,"",,"","2023-10-03 01:24:14.368019+00","f","f","f","368.7472","","Tex. 446th Jud. Dist. Ct.","Texas 446th Judicial District Court","http://www.co.ector.tx.us/page/ector.JudgeBillingsley",,,"ST","","texdistct"
"texdistct448",,,"",,"","2023-10-03 01:24:14.375924+00","f","f","f","368.7473","","Tex. 447th Jud. Dist. Ct.","Texas 447th Judicial District Court","http://www.co.ector.tx.us/page/ector.JudgeBillingsley",,,"ST","","texdistct"
"texdistct449",,,"",,"","2023-10-03 01:24:14.384749+00","f","f","f","368.7474","","Tex. 448th Jud. Dist. Ct.","Texas 448th Judicial District Court","http://www.epcounty.com/courts/directory.htm",,,"ST","","texdistct"
"texdistct450",,,"",,"","2023-10-03 01:24:14.405056+00","f","f","f","368.7475","","Tex. 449th Jud. Dist. Ct.","Texas 449th Judicial District Court","http://co.hidalgo.tx.us/index.aspx?NID=1076",,,"ST","","texdistct"
"texdistct451",,,"",,"","2023-10-03 01:24:14.427119+00","f","f","f","368.7476","","Tex. 450th Jud. Dist. Ct.","Texas 450th Judicial District Court","http://www.traviscountytx.gov/courts/criminald",,,"ST","","texdistct"
"texdistct452",,,"",,"","2023-10-03 01:24:14.443163+00","f","f","f","368.7477","","Tex. 451st Jud. Dist. Ct.","Texas 451st Judicial District Court","http://www.co.kendall.tx.us",,,"ST","","texdistct"
"texdistct453",,,"",,"","2023-10-03 01:24:14.454206+00","f","f","f","368.7478","","Tex. 452nd Jud. Dist. Ct.","Texas 452nd Judicial District Court","http://www.co.mason.tx.us/default.aspx?Mason_County/District.Court",,,"ST","","texdistct"
"texdistct454",,,"",,"","2023-10-03 01:24:14.464038+00","f","f","f","368.7479","","Tex. 453rd Jud. Dist. Ct.","Texas 453rd Judicial District Court","https://hayscountytx.com/courts/district-court/",,,"ST","","texdistct"
"texdistct455",,,"",,"","2023-10-03 01:24:14.475221+00","f","f","f","368.748","","Tex. 454th Jud. Dist. Ct.","Texas 454th Judicial District Court","http://www.medinacountytexas.org/page/medina.District.Court",,,"ST","","texdistct"
"texdistct456",,,"",,"","2023-10-03 01:24:14.491236+00","f","f","f","368.7481","","Tex. 455th Jud. Dist. Ct.","Texas 455th Judicial District Court","https://www.traviscountytx.gov/courts/civil/district/455th-civil-district-court",,,"ST","","texdistct"
"texdistct457",,,"",,"","2023-10-03 01:24:14.506017+00","f","f","f","368.7482","","Tex. 456th Jud. Dist. Ct.","Texas 456th Judicial District Court","https://www.co.guadalupe.tx.us/456/456.php",,,"ST","","texdistct"
"texdistct458",,,"",,"","2023-10-03 01:24:14.523149+00","f","f","f","368.7483","","Tex. 457th Jud. Dist. Ct.","Texas 457th Judicial District Court","https://www.mctx.org/departments/departments_d_-_f/district_courts/457th_district_court.php",,,"ST","","texdistct"
"texdistct459",,,"",,"","2023-10-03 01:24:14.540673+00","f","f","f","368.7484","","Tex. 458th Jud. Dist. Ct.","Texas 458th Judicial District Court","http://www.fortbendcountytx.gov/index.aspx?page=2015",,,"ST","","texdistct"
"texdistct460",,,"",,"","2023-10-03 01:24:14.557927+00","f","f","f","368.7485","","Tex. 459th Jud. Dist. Ct.","Texas 459th Judicial District Court","https://www.traviscountytx.gov/courts/civil/district/459",,,"ST","","texdistct"
"texdistct461",,,"",,"","2023-10-03 01:24:14.572651+00","f","f","f","368.7486","","Tex. 460th Jud. Dist. Ct.","Texas 460th Judicial District Court","https://www.traviscountytx.gov/courts/criminal/district/460",,,"ST","","texdistct"
"texdistct462",,,"",,"","2023-10-03 01:24:14.579194+00","f","f","f","368.7487","","Tex. 461st Jud. Dist. Ct.","Texas 461st Judicial District Court","https://www.brazoriacountytx.gov/departments/all-courts/district-court/461st-district-court/contact-us",,,"ST","","texdistct"
"texdistct463",,,"",,"","2023-10-03 01:24:14.5906+00","f","f","f","368.7488","","Tex. 462nd Jud. Dist. Ct.","Texas 462nd Judicial District Court","https://www.dentoncounty.gov/600/462nd-District-Court",,,"ST","","texdistct"
"texdistct464",,,"",,"","2023-10-03 01:24:14.603143+00","f","f","f","368.7489","","Tex. 463rd Jud. Dist. Ct.","Texas 463rd Judicial District Court","https://www.dentoncounty.gov/600/462nd-District-Court",,,"ST","","texdistct"
"texdistct465",,,"",,"","2023-10-03 01:24:14.61822+00","f","f","f","368.749","","Tex. 464th Jud. Dist. Ct.","Texas 464th Judicial District Court","https://www.hidalgocounty.us/2418/464th-District-Court",,,"ST","","texdistct"
"texdistct466",,,"",,"","2023-10-03 01:24:14.639228+00","f","f","f","368.7491","","Tex. 465th Jud. Dist. Ct.","Texas 465th Judicial District Court","https://www.hidalgocounty.us/2418/464th-District-Court",,,"ST","","texdistct"
"texdistct467",,,"",,"","2023-10-03 01:24:14.647199+00","f","f","f","368.7492","","Tex. 466th Jud. Dist. Ct.","Texas 466th Judicial District Court","https://www.co.comal.tx.us/DCT.htm",,,"ST","","texdistct"
"texdistct468",,,"",,"","2023-10-03 01:24:14.66323+00","f","f","f","368.7493","","Tex. 467th Jud. Dist. Ct.","Texas 467th Judicial District Court","https://www.dentoncounty.gov/1505/467th-District-Court",,,"ST","","texdistct"
"texdistct469",,,"",,"","2023-10-03 01:24:14.679233+00","f","f","f","368.7494","","Tex. 468th Jud. Dist. Ct.","Texas 468th Judicial District Court","https://www.collincountytx.gov/district_courts/Pages/468dc.aspx",,,"ST","","texdistct"
"texctyct44",,,"",,"","2023-10-03 01:24:15.70511+00","f","f","f","368.7586","","Tex. Cty. Ct., Dallas Cty. Crim. Ct. No. 7","Texas City Court, Dallas City Criminal Court No. 7","",,,"ST","","texctyct"
"texdistct470",,,"",,"","2023-10-03 01:24:14.692987+00","f","f","f","368.7495","","Tex. 469th Jud. Dist. Ct.","Texas 469th Judicial District Court","http://www.collincountytx.gov/district_courts/Pages/469dc.aspx",,,"ST","","texdistct"
"texdistct471",,,"",,"","2023-10-03 01:24:14.708509+00","f","f","f","368.7496","","Tex. 470th Jud. Dist. Ct.","Texas 470th Judicial District Court","http://www.collincountytx.gov/district_courts/Pages/470dc.aspx",,,"ST","","texdistct"
"texdistct472",,,"",,"","2023-10-03 01:24:14.714808+00","f","f","f","368.7497","","Tex. 471st Jud. Dist. Ct.","Texas 471st Judicial District Court","https://www.collincountytx.gov/district_courts/Pages/471dc.aspx",,,"ST","","texdistct"
"texdistct473",,,"",,"","2023-10-03 01:24:14.721264+00","f","f","f","368.7498","","Tex. 472nd Jud. Dist. Ct.","Texas 472nd Judicial District Court","https://www.collincountytx.gov/district_courts/Pages/471dc.aspx",,,"ST","","texdistct"
"texdistct474",,,"",,"","2023-10-03 01:24:14.735251+00","f","f","f","368.7499","","Tex. 473rd Jud. Dist. Ct.","Texas 473rd Judicial District Court","https://www.collincountytx.gov/district_courts/Pages/471dc.aspx",,,"ST","","texdistct"
"texdistct475",,,"",,"","2023-10-03 01:24:14.751437+00","f","f","f","368.75","","Tex. 474th Jud. Dist. Ct.","Texas 474th Judicial District Court","https://www.collincountytx.gov/district_courts/Pages/471dc.aspx",,,"ST","","texdistct"
"texdistct476",,,"",,"","2023-10-03 01:24:14.767191+00","f","f","f","368.7501","","Tex. 475th Jud. Dist. Ct.","Texas 475th Judicial District Court","https://www.collincountytx.gov/district_courts/Pages/471dc.aspx",,,"ST","","texdistct"
"texdistct477",,,"",,"","2023-10-03 01:24:14.780993+00","f","f","f","368.7502","","Tex. 476th Jud. Dist. Ct.","Texas 476th Judicial District Court","https://www.collincountytx.gov/district_courts/Pages/471dc.aspx",,,"ST","","texdistct"
"texdistct478",,,"",,"","2023-10-03 01:24:14.789481+00","f","f","f","368.7503","","Tex. 477th Jud. Dist. Ct.","Texas 477th Judicial District Court","https://www.collincountytx.gov/district_courts/Pages/471dc.aspx",,,"ST","","texdistct"
"texdistct479",,,"",,"","2023-10-03 01:24:14.795815+00","f","f","f","368.7504","","Tex. 478th Jud. Dist. Ct.","Texas 478th Judicial District Court","",,,"ST","","texdistct"
"texdistct480",,,"",,"","2023-10-03 01:24:14.809673+00","f","f","f","368.7505","","Tex. 479th Jud. Dist. Ct.","Texas 479th Judicial District Court","",,,"ST","","texdistct"
"texdistct481",,,"",,"","2023-10-03 01:24:14.821137+00","f","f","f","368.7506","","Tex. 480th Jud. Dist. Ct.","Texas 480th Judicial District Court","http://www.randallcounty.org/dcourt/default.htm",,,"ST","","texdistct"
"texdistct482",,,"",,"","2023-10-03 01:24:14.828411+00","f","f","f","368.7507","","Tex. 481st Jud. Dist. Ct.","Texas 481st Judicial District Court","https://www.dentoncounty.gov/1574/481st-District-Court",,,"ST","","texdistct"
"texdistct483",,,"",,"","2023-10-03 01:24:14.835899+00","f","f","f","368.7508","","Tex. 482nd Jud. Dist. Ct.","Texas 482nd Judicial District Court","https://www.justex.net/Courts/Criminal/CriminalCourt.aspx?crt=101",,,"ST","","texdistct"
"texdistct484",,,"",,"","2023-10-03 01:24:14.84194+00","f","f","f","368.7509","","Tex. 483rd Jud. Dist. Ct.","Texas 483rd Judicial District Court","https://www.justex.net/Courts/Criminal/CriminalCourt.aspx?crt=101",,,"ST","","texdistct"
"texdistct485",,,"",,"","2023-10-03 01:24:14.854215+00","f","f","f","368.751","","Tex. 484th Jud. Dist. Ct.","Texas 484th Judicial District Court","https://www.cameroncountytx.gov/district-courts/",,,"ST","","texdistct"
"texdistct486",,,"",,"","2023-10-03 01:24:14.871112+00","f","f","f","368.7511","","Tex. 485th Jud. Dist. Ct.","Texas 485th Judicial District Court","",,,"ST","","texdistct"
"texdistct487",,,"",,"","2023-10-03 01:24:14.887641+00","f","f","f","368.7512","","Tex. 486th Jud. Dist. Ct.","Texas 486th Judicial District Court","",,,"ST","","texdistct"
"texdistct488",,,"",,"","2023-10-03 01:24:14.900582+00","f","f","f","368.7513","","Tex. 487th Jud. Dist. Ct.","Texas 487th Judicial District Court","",,,"ST","","texdistct"
"texdistct489",,,"",,"","2023-10-03 01:24:14.915891+00","f","f","f","368.7514","","Tex. 488th Jud. Dist. Ct.","Texas 488th Judicial District Court","",,,"ST","","texdistct"
"texdistct490",,,"",,"","2023-10-03 01:24:14.935281+00","f","f","f","368.7515","","Tex. 489th Jud. Dist. Ct.","Texas 489th Judicial District Court","",,,"ST","","texdistct"
"texdistct491",,,"",,"","2023-10-03 01:24:14.955243+00","f","f","f","368.7516","","Tex. 490th Jud. Dist. Ct.","Texas 490th Judicial District Court","http://access.tarrantcounty.com/en/civil-courts/district-courts/48th-district-court.html",,,"ST","","texdistct"
"texdistct492",,,"",,"","2023-10-03 01:24:14.975181+00","f","f","f","368.7517","","Tex. 491st Jud. Dist. Ct.","Texas 491st Judicial District Court","http://access.tarrantcounty.com/en/civil-courts/district-courts/48th-district-court.html",,,"ST","","texdistct"
"texdistct493",,,"",,"","2023-10-03 01:24:14.995343+00","f","f","f","368.7518","","Tex. 492nd Jud. Dist. Ct.","Texas 492nd Judicial District Court","http://access.tarrantcounty.com/en/civil-courts/district-courts/48th-district-court.html",,,"ST","","texdistct"
"texdistct494",,,"",,"","2023-10-03 01:24:15.001706+00","f","f","f","368.7519","","Tex. 493rd Jud. Dist. Ct.","Texas 493rd Judicial District Court","http://access.tarrantcounty.com/en/civil-courts/district-courts/48th-district-court.html",,,"ST","","texdistct"
"texdistct495",,,"",,"","2023-10-03 01:24:15.012149+00","f","f","f","368.752","","Tex. 494th Jud. Dist. Ct.","Texas 494th Judicial District Court","http://access.tarrantcounty.com/en/civil-courts/district-courts/48th-district-court.html",,,"ST","","texdistct"
"texdistct496",,,"",,"","2023-10-03 01:24:15.018354+00","f","f","f","368.7521","","Tex. 495th Jud. Dist. Ct.","Texas 495th Judicial District Court","http://access.tarrantcounty.com/en/civil-courts/district-courts/48th-district-court.html",,,"ST","","texdistct"
"texdistct497",,,"",,"","2023-10-03 01:24:15.024835+00","f","f","f","368.7522","","Tex. 496th Jud. Dist. Ct.","Texas 496th Judicial District Court","http://access.tarrantcounty.com/en/civil-courts/district-courts/48th-district-court.html",,,"ST","","texdistct"
"texdistct498",,,"",,"","2023-10-03 01:24:15.039186+00","f","f","f","368.7523","","Tex. 497th Jud. Dist. Ct.","Texas 497th Judicial District Court","http://access.tarrantcounty.com/en/civil-courts/district-courts/48th-district-court.html",,,"ST","","texdistct"
"texdistct499",,,"",,"","2023-10-03 01:24:15.045911+00","f","f","f","368.7524","","Tex. 498th Jud. Dist. Ct.","Texas 498th Judicial District Court","http://access.tarrantcounty.com/en/civil-courts/district-courts/48th-district-court.html",,,"ST","","texdistct"
"texdistct500",,,"",,"","2023-10-03 01:24:15.051815+00","f","f","f","368.7525","","Tex. 499th Jud. Dist. Ct.","Texas 499th Judicial District Court","http://access.tarrantcounty.com/en/civil-courts/district-courts/48th-district-court.html",,,"ST","","texdistct"
"texdistct501",,,"",,"","2023-10-03 01:24:15.059467+00","f","f","f","368.7526","","Tex. 500th Jud. Dist. Ct.","Texas 500th Judicial District Court","http://co.rusk.tx.us/default.aspx?Rusk_County/District.Court",,,"ST","","texdistct"
"texdistct502",,,"",,"","2023-10-03 01:24:15.07019+00","f","f","f","368.7527","","Tex. 501st Jud. Dist. Ct.","Texas 501st Judicial District Court","http://co.rusk.tx.us/default.aspx?Rusk_County/District.Court",,,"ST","","texdistct"
"texdistct503",,,"",,"","2023-10-03 01:24:15.080645+00","f","f","f","368.7528","","Tex. 502nd Jud. Dist. Ct.","Texas 502nd Judicial District Court","http://co.rusk.tx.us/default.aspx?Rusk_County/District.Court",,,"ST","","texdistct"
"texdistct504",,,"",,"","2023-10-03 01:24:15.097948+00","f","f","f","368.7529","","Tex. 503rd Jud. Dist. Ct.","Texas 503rd Judicial District Court","http://co.rusk.tx.us/default.aspx?Rusk_County/District.Court",,,"ST","","texdistct"
"texdistct505",,,"",,"","2023-10-03 01:24:15.105327+00","f","f","f","368.753","","Tex. 504th Jud. Dist. Ct.","Texas 504th Judicial District Court","http://co.rusk.tx.us/default.aspx?Rusk_County/District.Court",,,"ST","","texdistct"
"texdistct506",,,"",,"","2023-10-03 01:24:15.112189+00","f","f","f","368.7531","","Tex. 505th Jud. Dist. Ct.","Texas 505th Judicial District Court","http://www.fortbendcountytx.gov/index.aspx?page=1729",,,"ST","","texdistct"
"texdistct507",,,"",,"","2023-10-03 01:24:15.124716+00","f","f","f","368.7532","","Tex. 506th Jud. Dist. Ct.","Texas 506th Judicial District Court","http://www.court506.com",,,"ST","","texdistct"
"texdistct508",,,"",,"","2023-10-03 01:24:15.131818+00","f","f","f","368.7533","","Tex. 507th Jud. Dist. Ct.","Texas 507th Judicial District Court","https://www.justex.net/Courts/Family/FamilyCourt.aspx?crt=70",,,"ST","","texdistct"
"texctyct1",,,"",,"","2023-10-03 01:24:15.139146+00","f","f","f","368.7543","","Tex. Cty. Ct., Angelina Cty.","Texas City Court, Angelina City","",,,"ST","","texctyct"
"texctyct2",,,"",,"","2023-10-03 01:24:15.149111+00","f","f","f","368.7544","","Tex. Cty. Ct., Angelina Cty. Ct. at Law No. 1","Texas City Court, Angelina City Court at Law No. 1","",,,"ST","","texctyct"
"texctyct3",,,"",,"","2023-10-03 01:24:15.159456+00","f","f","f","368.7545","","Tex. Cty. Ct., Austin Cty.","Texas City Court, Austin City","",,,"ST","","texctyct"
"texctyct4",,,"",,"","2023-10-03 01:24:15.175336+00","f","f","f","368.7546","","Tex. Cty. Ct., Austin Cty. Ct. at Law","Texas City Court, Austin City Court at Law","",,,"ST","","texctyct"
"texctyct5",,,"",,"","2023-10-03 01:24:15.184225+00","f","f","f","368.7547","","Tex. Cty. Ct., Bastrop Cty.","Texas City Court, Bastrop City","",,,"ST","","texctyct"
"texctyct6",,,"",,"","2023-10-03 01:24:15.195103+00","f","f","f","368.7548","","Tex. Cty. Ct., Bell Cty. Ct. at Law No. 1","Texas City Court, Bell City Court at Law No. 1","",,,"ST","","texctyct"
"texctyct7",,,"",,"","2023-10-03 01:24:15.207636+00","f","f","f","368.7549","","Tex. Cty. Ct., Bell Cty. Ct. at Law No. 3","Texas City Court, Bell City Court at Law No. 3","",,,"ST","","texctyct"
"texctyct8",,,"",,"","2023-10-03 01:24:15.227548+00","f","f","f","368.755","","Tex. Cty. Ct., Bexar Cty.","Texas City Court, Bexar City","",,,"ST","","texctyct"
"texctyct9",,,"",,"","2023-10-03 01:24:15.236247+00","f","f","f","368.7551","","Tex. Cty. Ct., Bexar Cty. Ct. at Law No. 1","Texas City Court, Bexar City Court at Law No. 1","",,,"ST","","texctyct"
"texctyct10",,,"",,"","2023-10-03 01:24:15.255452+00","f","f","f","368.7552","","Tex. Cty. Ct., Bexar Cty. Ct. at Law No. 2","Texas City Court, Bexar City Court at Law No. 2","",,,"ST","","texctyct"
"texctyct11",,,"",,"","2023-10-03 01:24:15.271333+00","f","f","f","368.7553","","Tex. Cty. Ct., Bexar Cty. Ct. at Law No. 3","Texas City Court, Bexar City Court at Law No. 3","",,,"ST","","texctyct"
"texctyct12",,,"",,"","2023-10-03 01:24:15.282284+00","f","f","f","368.7554","","Tex. Cty. Ct., Bexar Cty. Ct. at Law No. 5","Texas City Court, Bexar City Court at Law No. 5","",,,"ST","","texctyct"
"texctyct13",,,"",,"","2023-10-03 01:24:15.295203+00","f","f","f","368.7555","","Tex. Cty. Ct., Bowie Cty. Ct. at Law","Texas City Court, Bowie City Court at Law","",,,"ST","","texctyct"
"texctyct14",,,"",,"","2023-10-03 01:24:15.310045+00","f","f","f","368.7556","","Tex. Cty. Ct., Brazoria Cty. Ct. at Law No. 2","Texas City Court, Brazoria City Court at Law No. 2","",,,"ST","","texctyct"
"texctyct15",,,"",,"","2023-10-03 01:24:15.327224+00","f","f","f","368.7557","","Tex. Cty. Ct., Brazoria Cty. Ct. at Law No. 3","Texas City Court, Brazoria City Court at Law No. 3","",,,"ST","","texctyct"
"texctyct16",,,"",,"","2023-10-03 01:24:15.339225+00","f","f","f","368.7558","","Tex. Cty. Ct., Brazoria Cty. Ct. at Law No. 4","Texas City Court, Brazoria City Court at Law No. 4","",,,"ST","","texctyct"
"texctyct17",,,"",,"","2023-10-03 01:24:15.350206+00","f","f","f","368.7559","","Tex. Cty. Ct., Brazos Cty. Ct. at Law No. 1","Texas City Court, Brazos City Court at Law No. 1","",,,"ST","","texctyct"
"texctyct18",,,"",,"","2023-10-03 01:24:15.359261+00","f","f","f","368.756","","Tex. Cty. Ct., Brazos Cty. Ct. at Law No. 2","Texas City Court, Brazos City Court at Law No. 2","",,,"ST","","texctyct"
"texctyct19",,,"",,"","2023-10-03 01:24:15.370157+00","f","f","f","368.7561","","Tex. Cty. Ct., Burnet Cty.","Texas City Court, Burnet City","",,,"ST","","texctyct"
"texctyct20",,,"",,"","2023-10-03 01:24:15.383352+00","f","f","f","368.7562","","Tex. Cty. Ct., Burnet Cty. Ct. at Law","Texas City Court, Burnet City Court at Law","",,,"ST","","texctyct"
"texctyct21",,,"",,"","2023-10-03 01:24:15.399389+00","f","f","f","368.7563","","Tex. Cty. Ct., Caldwell Cty.","Texas City Court, Caldwell City","",,,"ST","","texctyct"
"texctyct22",,,"",,"","2023-10-03 01:24:15.415173+00","f","f","f","368.7564","","Tex. Cty. Ct., Caldwell Cty. Ct. at Law","Texas City Court, Caldwell City Court at Law","",,,"ST","","texctyct"
"texctyct23",,,"",,"","2023-10-03 01:24:15.431169+00","f","f","f","368.7565","","Tex. Cty. Ct., Calhoun Cty. Ct. at Law No. 1","Texas City Court, Calhoun City Court at Law No. 1","",,,"ST","","texctyct"
"texctyct24",,,"",,"","2023-10-03 01:24:15.451173+00","f","f","f","368.7566","","Tex. Cty. Ct., Cameron Cty. Ct. at Law No. 1","Texas City Court, Cameron City Court at Law No. 1","",,,"ST","","texctyct"
"texctyct25",,,"",,"","2023-10-03 01:24:15.463152+00","f","f","f","368.7567","","Tex. Cty. Ct., Cameron Cty. Ct. at Law No. 2","Texas City Court, Cameron City Court at Law No. 2","",,,"ST","","texctyct"
"texctyct26",,,"",,"","2023-10-03 01:24:15.469065+00","f","f","f","368.7568","","Tex. Cty. Ct., Cameron Cty. Ct. at Law No. 3","Texas City Court, Cameron City Court at Law No. 3","",,,"ST","","texctyct"
"texctyct27",,,"",,"","2023-10-03 01:24:15.48122+00","f","f","f","368.7569","","Tex. Cty. Ct., Chambers Cty.","Texas City Court, Chambers City","",,,"ST","","texctyct"
"texctyct28",,,"",,"","2023-10-03 01:24:15.488203+00","f","f","f","368.757","","Tex. Cty. Ct., Cherokee Cty. Ct. at Law","Texas City Court, Cherokee City Court at Law","",,,"ST","","texctyct"
"texctyct29",,,"",,"","2023-10-03 01:24:15.495608+00","f","f","f","368.7571","","Tex. Cty. Ct., Collin Cty. Ct. at Law No. 4","Texas City Court, Collin City Court at Law No. 4","",,,"ST","","texctyct"
"texctyct30",,,"",,"","2023-10-03 01:24:15.504318+00","f","f","f","368.7572","","Tex. Cty. Ct., Collin Cty. Ct. at Law No. 5","Texas City Court, Collin City Court at Law No. 5","",,,"ST","","texctyct"
"texctyct31",,,"",,"","2023-10-03 01:24:15.514404+00","f","f","f","368.7573","","Tex. Cty. Ct., Collin Cty. Ct. at Law No. 6","Texas City Court, Collin City Court at Law No. 6","",,,"ST","","texctyct"
"texctyct32",,,"",,"","2023-10-03 01:24:15.531105+00","f","f","f","368.7574","","Tex. Cty. Ct., Comal Cty. Ct. at Law No. 1","Texas City Court, Comal City Court at Law No. 1","",,,"ST","","texctyct"
"texctyct33",,,"",,"","2023-10-03 01:24:15.547143+00","f","f","f","368.7575","","Tex. Cty. Ct., Coryell Cty. Ct. at Law","Texas City Court, Coryell City Court at Law","",,,"ST","","texctyct"
"texctyct34",,,"",,"","2023-10-03 01:24:15.554438+00","f","f","f","368.7576","","Tex. Cty. Ct., Dallas Cty.","Texas City Court, Dallas City","",,,"ST","","texctyct"
"texctyct35",,,"",,"","2023-10-03 01:24:15.571169+00","f","f","f","368.7577","","Tex. Cty. Ct., Dallas Cty. Ct. at Law No. 1","Texas City Court, Dallas City Court at Law No. 1","",,,"ST","","texctyct"
"texctyct36",,,"",,"","2023-10-03 01:24:15.584823+00","f","f","f","368.7578","","Tex. Cty. Ct., Dallas Cty. Ct. at Law No. 2","Texas City Court, Dallas City Court at Law No. 2","",,,"ST","","texctyct"
"texctyct37",,,"",,"","2023-10-03 01:24:15.596615+00","f","f","f","368.7579","","Tex. Cty. Ct., Dallas Cty. Ct. at Law No. 3","Texas City Court, Dallas City Court at Law No. 3","",,,"ST","","texctyct"
"texctyct38",,,"",,"","2023-10-03 01:24:15.619201+00","f","f","f","368.758","","Tex. Cty. Ct., Dallas Cty. Ct. at Law No. 4","Texas City Court, Dallas City Court at Law No. 4","",,,"ST","","texctyct"
"texctyct39",,,"",,"","2023-10-03 01:24:15.632238+00","f","f","f","368.7581","","Tex. Cty. Ct., Dallas Cty. Ct. at Law No. 5","Texas City Court, Dallas City Court at Law No. 5","",,,"ST","","texctyct"
"texctyct40",,,"",,"","2023-10-03 01:24:15.64073+00","f","f","f","368.7582","","Tex. Cty. Ct., Dallas Cty. Crim. Ct. No. 1","Texas City Court, Dallas City Criminal Court No. 1","",,,"ST","","texctyct"
"texctyct41",,,"",,"","2023-10-03 01:24:15.655855+00","f","f","f","368.7583","","Tex. Cty. Ct., Dallas Cty. Crim. Ct. No. 3","Texas City Court, Dallas City Criminal Court No. 3","",,,"ST","","texctyct"
"texctyct42",,,"",,"","2023-10-03 01:24:15.676181+00","f","f","f","368.7584","","Tex. Cty. Ct., Dallas Cty. Crim. Ct. No. 5","Texas City Court, Dallas City Criminal Court No. 5","",,,"ST","","texctyct"
"texctyct43",,,"",,"","2023-10-03 01:24:15.691219+00","f","f","f","368.7585","","Tex. Cty. Ct., Dallas Cty. Crim. Ct. No. 6","Texas City Court, Dallas City Criminal Court No. 6","",,,"ST","","texctyct"
"texctyct47",,,"",,"","2023-10-03 01:24:15.74337+00","f","f","f","368.7589","","Tex. Cty. Ct., Denton Cty. Crim. Ct. No. 1","Texas City Court, Denton City Criminal Court No. 1","",,,"ST","","texctyct"
"texctyct48",,,"",,"","2023-10-03 01:24:15.759782+00","f","f","f","368.759","","Tex. Cty. Ct., Denton Cty. Crim. Ct. No. 3","Texas City Court, Denton City Criminal Court No. 3","",,,"ST","","texctyct"
"texctyct49",,,"",,"","2023-10-03 01:24:15.773264+00","f","f","f","368.7591","","Tex. Cty. Ct., Ector Cty. Ct. at Law No. 2","Texas City Court, Ector City Court at Law No. 2","",,,"ST","","texctyct"
"texctyct50",,,"",,"","2023-10-03 01:24:15.795128+00","f","f","f","368.7592","","Tex. Cty. Ct., El Paso Cty. Ct. at Law No. 1","Texas City Court, El Paso City Court at Law No. 1","",,,"ST","","texctyct"
"texctyct51",,,"",,"","2023-10-03 01:24:15.811123+00","f","f","f","368.7593","","Tex. Cty. Ct., El Paso Cty. Ct. at Law No. 2","Texas City Court, El Paso City Court at Law No. 2","",,,"ST","","texctyct"
"texctyct52",,,"",,"","2023-10-03 01:24:15.82747+00","f","f","f","368.7594","","Tex. Cty. Ct., El Paso Cty. Ct. at Law No. 3","Texas City Court, El Paso City Court at Law No. 3","",,,"ST","","texctyct"
"texctyct53",,,"",,"","2023-10-03 01:24:15.843303+00","f","f","f","368.7595","","Tex. Cty. Ct., El Paso Cty. Ct. at Law No. 5","Texas City Court, El Paso City Court at Law No. 5","",,,"ST","","texctyct"
"texctyct54",,,"",,"","2023-10-03 01:24:15.859169+00","f","f","f","368.7596","","Tex. Cty. Ct., El Paso Cty. Ct. at Law No. 6","Texas City Court, El Paso City Court at Law No. 6","",,,"ST","","texctyct"
"texctyct55",,,"",,"","2023-10-03 01:24:15.875163+00","f","f","f","368.7597","","Tex. Cty. Ct., El Paso Cty. Ct. at Law No. 7","Texas City Court, El Paso City Court at Law No. 7","",,,"ST","","texctyct"
"texctyct56",,,"",,"","2023-10-03 01:24:15.889183+00","f","f","f","368.7598","","Tex. Cty. Ct., Fort Bend Cty.","Texas City Court, Fort Bend City","",,,"ST","","texctyct"
"texctyct57",,,"",,"","2023-10-03 01:24:15.899184+00","f","f","f","368.7599","","Tex. Cty. Ct., Fort Bend Cty. Ct. at Law No. 1","Texas City Court, Fort Bend City Court at Law No. 1","",,,"ST","","texctyct"
"texctyct58",,,"",,"","2023-10-03 01:24:15.911309+00","f","f","f","368.76","","Tex. Cty. Ct., Fort Bend Cty. Ct. at Law No. 2","Texas City Court, Fort Bend City Court at Law No. 2","",,,"ST","","texctyct"
"texctyct59",,,"",,"","2023-10-03 01:24:15.925937+00","f","f","f","368.7601","","Tex. Cty. Ct., Fort Bend Cty. Ct. at Law No. 3","Texas City Court, Fort Bend City Court at Law No. 3","",,,"ST","","texctyct"
"texctyct60",,,"",,"","2023-10-03 01:24:15.93923+00","f","f","f","368.7602","","Tex. Cty. Ct., Fort Bend Cty. Ct. at Law No. 4","Texas City Court, Fort Bend City Court at Law No. 4","",,,"ST","","texctyct"
"texctyct61",,,"",,"","2023-10-03 01:24:15.947836+00","f","f","f","368.7603","","Tex. Cty. Ct., Franklin Cty.","Texas City Court, Franklin City","",,,"ST","","texctyct"
"texctyct62",,,"",,"","2023-10-03 01:24:15.967215+00","f","f","f","368.7604","","Tex. Cty. Ct., Galveston Cty.","Texas City Court, Galveston City","",,,"ST","","texctyct"
"texctyct63",,,"",,"","2023-10-03 01:24:15.985677+00","f","f","f","368.7605","","Tex. Cty. Ct., Galveston Cty. Ct. at Law No. 1","Texas City Court, Galveston City Court at Law No. 1","",,,"ST","","texctyct"
"texctyct64",,,"",,"","2023-10-03 01:24:16.003189+00","f","f","f","368.7606","","Tex. Cty. Ct., Galveston Cty. Ct. at Law No. 2","Texas City Court, Galveston City Court at Law No. 2","",,,"ST","","texctyct"
"texctyct65",,,"",,"","2023-10-03 01:24:16.01918+00","f","f","f","368.7607","","Tex. Cty. Ct., Galveston Cty. Ct. at Law No. 3","Texas City Court, Galveston City Court at Law No. 3","",,,"ST","","texctyct"
"texctyct66",,,"",,"","2023-10-03 01:24:16.035169+00","f","f","f","368.7608","","Tex. Cty. Ct., Grayson Cty. Ct. at Law No. 2","Texas City Court, Grayson City Court at Law No. 2","",,,"ST","","texctyct"
"texctyct67",,,"",,"","2023-10-03 01:24:16.049749+00","f","f","f","368.7609","","Tex. Cty. Ct., Gregg Cty. Ct. at Law No. 2","Texas City Court, Gregg City Court at Law No. 2","",,,"ST","","texctyct"
"texctyct68",,,"",,"","2023-10-03 01:24:16.067217+00","f","f","f","368.761","","Tex. Cty. Ct., Guadalupe Cty.","Texas City Court, Guadalupe City","",,,"ST","","texctyct"
"texctyct69",,,"",,"","2023-10-03 01:24:16.08713+00","f","f","f","368.7611","","Tex. Cty. Ct., Harris Cty.","Texas City Court, Harris City","",,,"ST","","texctyct"
"texctyct70",,,"",,"","2023-10-03 01:24:16.103198+00","f","f","f","368.7612","","Tex. Cty. Ct., Harris Cty. Crim. Ct. at Law No. 3","Texas City Court, Harris City Criminal Court at Law No.","",,,"ST","","texctyct"
"texctyct71",,,"",,"","2023-10-03 01:24:16.127232+00","f","f","f","368.7613","","Tex. Cty. Ct., Harris Cty. Crim. Ct. at Law No. 4","Texas City Court, Harris City Criminal Court at Law No.","",,,"ST","","texctyct"
"texctyct72",,,"",,"","2023-10-03 01:24:16.143165+00","f","f","f","368.7614","","Tex. Cty. Ct., Harris Cty. Crim. Ct. at Law No. 11","Texas City Court, Harris City Criminal Court at Law No.","",,,"ST","","texctyct"
"texctyct73",,,"",,"","2023-10-03 01:24:16.150185+00","f","f","f","368.7615","","Tex. Cty. Ct., Harris Cty. Civ. Ct. at Law No. 1","Texas City Court, Harris City Civ. Court at Law No. 1","",,,"ST","","texctyct"
"texctyct74",,,"",,"","2023-10-03 01:24:16.160048+00","f","f","f","368.7616","","Tex. Cty. Ct., Harris Cty. Civ. Ct. at Law No. 2","Texas City Court, Harris City Civ. Court at Law No. 2","",,,"ST","","texctyct"
"texctyct75",,,"",,"","2023-10-03 01:24:16.165914+00","f","f","f","368.7617","","Tex. Cty. Ct., Harris Cty. Civ. Ct. at Law No. 3","Texas City Court, Harris City Civ. Court at Law No. 3","",,,"ST","","texctyct"
"texctyct76",,,"",,"","2023-10-03 01:24:16.182296+00","f","f","f","368.7618","","Tex. Cty. Ct., Harris Cty. Civ. Ct. at Law No. 4","Texas City Court, Harris City Civ. Court at Law No. 4","",,,"ST","","texctyct"
"texctyct77",,,"",,"","2023-10-03 01:24:16.199679+00","f","f","f","368.7619","","Tex. Cty. Ct., Hays Cty.","Texas City Court, Hays City","",,,"ST","","texctyct"
"texctyct78",,,"",,"","2023-10-03 01:24:16.20679+00","f","f","f","368.762","","Tex. Cty. Ct., Henderson Cty.","Texas City Court, Henderson City","",,,"ST","","texctyct"
"texctyct79",,,"",,"","2023-10-03 01:24:16.223141+00","f","f","f","368.7621","","Tex. Cty. Ct., Hidalgo Cty. Ct. at Law No. 1","Texas City Court, Hidalgo City Court at Law No. 1","",,,"ST","","texctyct"
"texctyct80",,,"",,"","2023-10-03 01:24:16.239322+00","f","f","f","368.7622","","Tex. Cty. Ct., Hidalgo Cty. Ct. at Law No. 4","Texas City Court, Hidalgo City Court at Law No. 4","",,,"ST","","texctyct"
"texctyct81",,,"",,"","2023-10-03 01:24:16.253024+00","f","f","f","368.7623","","Tex. Cty. Ct., Hidalgo Cty. Ct. at Law No. 5","Texas City Court, Hidalgo City Court at Law No. 5","",,,"ST","","texctyct"
"texctyct82",,,"",,"","2023-10-03 01:24:16.271394+00","f","f","f","368.7624","","Tex. Cty. Ct., Hidalgo Cty. Ct. at Law No. 6","Texas City Court, Hidalgo City Court at Law No. 6","",,,"ST","","texctyct"
"texctyct83",,,"",,"","2023-10-03 01:24:16.287249+00","f","f","f","368.7625","","Tex. Cty. Ct., Hidalgo Cty. Ct. at Law No. 7","Texas City Court, Hidalgo City Court at Law No. 7","",,,"ST","","texctyct"
"texctyct84",,,"",,"","2023-10-03 01:24:16.299345+00","f","f","f","368.7626","","Tex. Cty. Ct., Hidalgo Cty. Ct. at Law No. 8","Texas City Court, Hidalgo City Court at Law No. 8","",,,"ST","","texctyct"
"texctyct85",,,"",,"","2023-10-03 01:24:16.306551+00","f","f","f","368.7627","","Tex. Cty. Ct., Hill Cty.","Texas City Court, Hill City","",,,"ST","","texctyct"
"texctyct86",,,"",,"","2023-10-03 01:24:16.319364+00","f","f","f","368.7628","","Tex. Cty. Ct., Hood Cty.","Texas City Court, Hood City","",,,"ST","","texctyct"
"texctyct87",,,"",,"","2023-10-03 01:24:16.329387+00","f","f","f","368.7629","","Tex. Cty. Ct., Hopkins Cty.","Texas City Court, Hopkins City","",,,"ST","","texctyct"
"texctyct88",,,"",,"","2023-10-03 01:24:16.33933+00","f","f","f","368.763","","Tex. Cty. Ct., Houston Cty.","Texas City Court, Houston City","",,,"ST","","texctyct"
"texctyct89",,,"",,"","2023-10-03 01:24:16.354481+00","f","f","f","368.7631","","Tex. Cty. Ct., Howard Cty.","Texas City Court, Howard City","",,,"ST","","texctyct"
"texctyct90",,,"",,"","2023-10-03 01:24:16.361146+00","f","f","f","368.7632","","Tex. Cty. Ct., Jasper Cty.","Texas City Court, Jasper City","",,,"ST","","texctyct"
"texctyct91",,,"",,"","2023-10-03 01:24:16.367742+00","f","f","f","368.7633","","Tex. Cty. Ct., Jefferson Cty.","Texas City Court, Jefferson City","",,,"ST","","texctyct"
"texctyct92",,,"",,"","2023-10-03 01:24:16.375283+00","f","f","f","368.7634","","Tex. Cty. Ct., Jefferson Cty. Ct. at Law No. 1","Texas City Court, Jefferson City Court at Law No. 1","",,,"ST","","texctyct"
"texctyct93",,,"",,"","2023-10-03 01:24:16.387195+00","f","f","f","368.7635","","Tex. Cty. Ct., Jefferson Cty. Ct. at Law No. 2","Texas City Court, Jefferson City Court at Law No. 2","",,,"ST","","texctyct"
"texctyct94",,,"",,"","2023-10-03 01:24:16.403173+00","f","f","f","368.7636","","Tex. Cty. Ct., Karnes Cty.","Texas City Court, Karnes City","",,,"ST","","texctyct"
"texctyct95",,,"",,"","2023-10-03 01:24:16.413268+00","f","f","f","368.7637","","Tex. Cty. Ct., Kaufman Cty. Ct. at Law No. 2","Texas City Court, Kaufman City Court at Law No. 2","",,,"ST","","texctyct"
"texctyct96",,,"",,"","2023-10-03 01:24:16.42091+00","f","f","f","368.7638","","Tex. Cty. Ct., Kendall Cty.","Texas City Court, Kendall City","",,,"ST","","texctyct"
"texctyct97",,,"",,"","2023-10-03 01:24:16.433597+00","f","f","f","368.7639","","Tex. Cty. Ct., Kerr Cty.","Texas City Court, Kerr City","",,,"ST","","texctyct"
"texctyct98",,,"",,"","2023-10-03 01:24:16.443792+00","f","f","f","368.764","","Tex. Cty. Ct., Kerr Cty. Ct. at Law","Texas City Court, Kerr City Court at Law","",,,"ST","","texctyct"
"texctyct99",,,"",,"","2023-10-03 01:24:16.459153+00","f","f","f","368.7641","","Tex. Cty. Ct., Kleberg Cty.","Texas City Court, Kleberg City","",,,"ST","","texctyct"
"texctyct100",,,"",,"","2023-10-03 01:24:16.475163+00","f","f","f","368.7642","","Tex. Cty. Ct., Lamar Cty.","Texas City Court, Lamar City","",,,"ST","","texctyct"
"texctyct101",,,"",,"","2023-10-03 01:24:16.485971+00","f","f","f","368.7643","","Tex. Cty. Ct., Leon Cty.","Texas City Court, Leon City","",,,"ST","","texctyct"
"texctyct102",,,"",,"","2023-10-03 01:24:16.507144+00","f","f","f","368.7644","","Tex. Cty. Ct., Liberty Cty. Ct. at Law","Texas City Court, Liberty City Court at Law","",,,"ST","","texctyct"
"texctyct103",,,"",,"","2023-10-03 01:24:16.519194+00","f","f","f","368.7645","","Tex. Cty. Ct., Lubbock Cty. Ct. at Law No. 1","Texas City Court, Lubbock City Court at Law No. 1","",,,"ST","","texctyct"
"texctyct104",,,"",,"","2023-10-03 01:24:16.530397+00","f","f","f","368.7646","","Tex. Cty. Ct., McCulloch Cty.","Texas City Court, McCulloch City","",,,"ST","","texctyct"
"texctyct105",,,"",,"","2023-10-03 01:24:16.549044+00","f","f","f","368.7647","","Tex. Cty. Ct., McLennan Cty.","Texas City Court, McLennan City","",,,"ST","","texctyct"
"texctyct106",,,"",,"","2023-10-03 01:24:16.559209+00","f","f","f","368.7648","","Tex. Cty. Ct., McLennan Cty. Ct. at Law No. 2","Texas City Court, McLennan City Court at Law No. 2","",,,"ST","","texctyct"
"texctyct107",,,"",,"","2023-10-03 01:24:16.575073+00","f","f","f","368.7649","","Tex. Cty. Ct., Midland Cty.","Texas City Court, Midland City","",,,"ST","","texctyct"
"texctyct108",,,"",,"","2023-10-03 01:24:16.590825+00","f","f","f","368.765","","Tex. Cty. Ct., Montgomery Cty.","Texas City Court, Montgomery City","",,,"ST","","texctyct"
"texctyct109",,,"",,"","2023-10-03 01:24:16.599131+00","f","f","f","368.7651","","Tex. Cty. Ct., Montgomery Cty. Ct. at Law No. 1","Texas City Court, Montgomery City Court at Law No. 1","",,,"ST","","texctyct"
"texctyct110",,,"",,"","2023-10-03 01:24:16.615245+00","f","f","f","368.7652","","Tex. Cty. Ct., Montgomery Cty. Ct. at Law No. 2","Texas City Court, Montgomery City Court at Law No. 2","",,,"ST","","texctyct"
"texctyct111",,,"",,"","2023-10-03 01:24:16.63117+00","f","f","f","368.7653","","Tex. Cty. Ct., Montgomery Cty. Ct. at Law No. 3","Texas City Court, Montgomery City Court at Law No. 3","",,,"ST","","texctyct"
"texctyct112",,,"",,"","2023-10-03 01:24:16.63757+00","f","f","f","368.7654","","Tex. Cty. Ct., Montgomery Cty. Ct. at Law No. 4","Texas City Court, Montgomery City Court at Law No. 4","",,,"ST","","texctyct"
"texctyct113",,,"",,"","2023-10-03 01:24:16.643872+00","f","f","f","368.7655","","Tex. Cty. Ct., Montgomery Cty. Ct. at Law No. 5","Texas City Court, Montgomery City Court at Law No. 5","",,,"ST","","texctyct"
"texctyct114",,,"",,"","2023-10-03 01:24:16.65707+00","f","f","f","368.7656","","Tex. Cty. Ct., Nacogdoches Cty.","Texas City Court, Nacogdoches City","",,,"ST","","texctyct"
"texctyct115",,,"",,"","2023-10-03 01:24:16.667159+00","f","f","f","368.7657","","Tex. Cty. Ct., Nueces Cty. Ct. at Law No. 1","Texas City Court, Nueces City Court at Law No. 1","",,,"ST","","texctyct"
"texctyct116",,,"",,"","2023-10-03 01:24:16.683324+00","f","f","f","368.7658","","Tex. Cty. Ct., Nueces Cty. Ct. at Law No. 2","Texas City Court, Nueces City Court at Law No. 2","",,,"ST","","texctyct"
"texctyct117",,,"",,"","2023-10-03 01:24:16.695144+00","f","f","f","368.7659","","Tex. Cty. Ct., Nueces Cty. Ct. at Law No. 3","Texas City Court, Nueces City Court at Law No. 3","",,,"ST","","texctyct"
"texctyct118",,,"",,"","2023-10-03 01:24:16.703246+00","f","f","f","368.766","","Tex. Cty. Ct., Nueces Cty. Ct. at Law No. 4","Texas City Court, Nueces City Court at Law No. 4","",,,"ST","","texctyct"
"texctyct119",,,"",,"","2023-10-03 01:24:16.715179+00","f","f","f","368.7661","","Tex. Cty. Ct., Nueces Cty. Ct. at Law No. 5","Texas City Court, Nueces City Court at Law No. 5","",,,"ST","","texctyct"
"texctyct120",,,"",,"","2023-10-03 01:24:16.726204+00","f","f","f","368.7662","","Tex. Cty. Ct., Ochiltree Cty.","Texas City Court, Ochiltree City","",,,"ST","","texctyct"
"texctyct121",,,"",,"","2023-10-03 01:24:16.738185+00","f","f","f","368.7663","","Tex. Cty. Ct., Orange Cty.","Texas City Court, Orange City","",,,"ST","","texctyct"
"texctyct122",,,"",,"","2023-10-03 01:24:16.748704+00","f","f","f","368.7664","","Tex. Cty. Ct., Orange Cty. Ct. at Law No. 2","Texas City Court, Orange City Court at Law No. 2","",,,"ST","","texctyct"
"texctyct123",,,"",,"","2023-10-03 01:24:16.762356+00","f","f","f","368.7665","","Tex. Cty. Ct., Panola Cty.","Texas City Court, Panola City","",,,"ST","","texctyct"
"texctyct124",,,"",,"","2023-10-03 01:24:16.781049+00","f","f","f","368.7666","","Tex. Cty. Ct., Parker Cty. Ct. at Law No. 1","Texas City Court, Parker City Court at Law No. 1","",,,"ST","","texctyct"
"texctyct125",,,"",,"","2023-10-03 01:24:16.793102+00","f","f","f","368.7667","","Tex. Cty. Ct., Polk Cty.","Texas City Court, Polk City","",,,"ST","","texctyct"
"texctyct126",,,"",,"","2023-10-03 01:24:16.808698+00","f","f","f","368.7668","","Tex. Cty. Ct., Polk Cty. Ct. at Law","Texas City Court, Polk City Court at Law","",,,"ST","","texctyct"
"texctyct127",,,"",,"","2023-10-03 01:24:16.814904+00","f","f","f","368.7669","","Tex. Cty. Ct., Potter Cty.","Texas City Court, Potter City","",,,"ST","","texctyct"
"texctyct128",,,"",,"","2023-10-03 01:24:16.822403+00","f","f","f","368.767","","Tex. Cty. Ct., Potter Cty. Ct. at Law No. 1","Texas City Court, Potter City Court at Law No. 1","",,,"ST","","texctyct"
"texctyct129",,,"",,"","2023-10-03 01:24:16.832712+00","f","f","f","368.7671","","Tex. Cty. Ct., Red River Cty.","Texas City Court, Red River City","",,,"ST","","texctyct"
"texctyct130",,,"",,"","2023-10-03 01:24:16.847095+00","f","f","f","368.7672","","Tex. Cty. Ct., San Jacinto Cty.","Texas City Court, San Jacinto City","",,,"ST","","texctyct"
"texctyct131",,,"",,"","2023-10-03 01:24:16.863344+00","f","f","f","368.7673","","Tex. Cty. Ct., San Patricio Cty.","Texas City Court, San Patricio City","",,,"ST","","texctyct"
"texctyct132",,,"",,"","2023-10-03 01:24:16.874373+00","f","f","f","368.7674","","Tex. Cty. Ct., San Patricio Cty. Ct. at Law","Texas City Court, San Patricio City Court at Law","",,,"ST","","texctyct"
"texctyct133",,,"",,"","2023-10-03 01:24:16.887125+00","f","f","f","368.7675","","Tex. Cty. Ct., Smith Cty. Ct. at Law No. 2","Texas City Court, Smith City Court at Law No. 2","",,,"ST","","texctyct"
"texctyct134",,,"",,"","2023-10-03 01:24:16.899181+00","f","f","f","368.7676","","Tex. Cty. Ct., Tarrant Cty.","Texas City Court, Tarrant City","",,,"ST","","texctyct"
"texctyct135",,,"",,"","2023-10-03 01:24:16.910943+00","f","f","f","368.7677","","Tex. Cty. Ct., Tarrant Cty. Ct. at Law No. 1","Texas City Court, Tarrant City Court at Law No. 1","",,,"ST","","texctyct"
"texctyct136",,,"",,"","2023-10-03 01:24:16.922185+00","f","f","f","368.7678","","Tex. Cty. Ct., Tarrant Cty. Ct. at Law No. 2","Texas City Court, Tarrant City Court at Law No. 2","",,,"ST","","texctyct"
"texctyct137",,,"",,"","2023-10-03 01:24:16.932715+00","f","f","f","368.7679","","Tex. Cty. Ct., Tarrant Cty. Ct. at Law No. 3","Texas City Court, Tarrant City Court at Law No. 3","",,,"ST","","texctyct"
"texctyct138",,,"",,"","2023-10-03 01:24:16.939018+00","f","f","f","368.768","","Tex. Cty. Ct., Taylor Cty. Ct. at Law No. 2","Texas City Court, Taylor City Court at Law No. 2","",,,"ST","","texctyct"
"texctyct139",,,"",,"","2023-10-03 01:24:16.955102+00","f","f","f","368.7681","","Tex. Cty. Ct., Travis Cty.","Texas City Court, Travis City","",,,"ST","","texctyct"
"texctyct140",,,"",,"","2023-10-03 01:24:16.967541+00","f","f","f","368.7682","","Tex. Cty. Ct., Travis Cty. Ct. at Law No. 1","Texas City Court, Travis City Court at Law No. 1","",,,"ST","","texctyct"
"texctyct141",,,"",,"","2023-10-03 01:24:16.983132+00","f","f","f","368.7683","","Tex. Cty. Ct., Travis Cty. Ct. at Law No. 2","Texas City Court, Travis City Court at Law No. 2","",,,"ST","","texctyct"
"texctyct142",,,"",,"","2023-10-03 01:24:16.999495+00","f","f","f","368.7684","","Tex. Cty. Ct., Travis Cty. Ct. at Law No. 3","Texas City Court, Travis City Court at Law No. 3","",,,"ST","","texctyct"
"texctyct143",,,"",,"","2023-10-03 01:24:17.010463+00","f","f","f","368.7685","","Tex. Cty. Ct., Trinity Cty.","Texas City Court, Trinity City","",,,"ST","","texctyct"
"texctyct144",,,"",,"","2023-10-03 01:24:17.017283+00","f","f","f","368.7686","","Tex. Cty. Ct., Val Verde Cty. Ct. at Law","Texas City Court, Val Verde City Court at Law","",,,"ST","","texctyct"
"texctyct145",,,"",,"","2023-10-03 01:24:17.023286+00","f","f","f","368.7687","","Tex. Cty. Ct., Walker Cty. Ct. at Law","Texas City Court, Walker City Court at Law","",,,"ST","","texctyct"
"texctyct146",,,"",,"","2023-10-03 01:24:17.033081+00","f","f","f","368.7688","","Tex. Cty. Ct., Waller Cty.","Texas City Court, Waller City","",,,"ST","","texctyct"
"texctyct147",,,"",,"","2023-10-03 01:24:17.04714+00","f","f","f","368.7689","","Tex. Cty. Ct., Waller Cty. Ct. at Law","Texas City Court, Waller City Court at Law","",,,"ST","","texctyct"
"texctyct148",,,"",,"","2023-10-03 01:24:17.063205+00","f","f","f","368.769","","Tex. Cty. Ct., Wash. Cty. Ct. at Law","Texas City Court, Wash. City Court at Law","",,,"ST","","texctyct"
"texctyct149",,,"",,"","2023-10-03 01:24:17.075162+00","f","f","f","368.7691","","Tex. Cty. Ct., Webb Cty. Ct. at Law No. 1","Texas City Court, Webb City Court at Law No. 1","",,,"ST","","texctyct"
"texctyct150",,,"",,"","2023-10-03 01:24:17.088759+00","f","f","f","368.7692","","Tex. Cty. Ct., Webb Cty. Ct. at Law No. 2","Texas City Court, Webb City Court at Law No. 2","",,,"ST","","texctyct"
"texctyct151",,,"",,"","2023-10-03 01:24:17.094864+00","f","f","f","368.7693","","Tex. Cty. Ct., Wichita Cty. Ct. at Law No. 2","Texas City Court, Wichita City Court at Law No. 2","",,,"ST","","texctyct"
"texctyct152",,,"",,"","2023-10-03 01:24:17.102522+00","f","f","f","368.7694","","Tex. Cty. Ct., Willacy Cty.","Texas City Court, Willacy City","",,,"ST","","texctyct"
"texctyct153",,,"",,"","2023-10-03 01:24:17.108176+00","f","f","f","368.7695","","Tex. Cty. Ct., Williamson Cty. Ct. at Law No. 1","Texas City Court, Williamson City Court at Law No. 1","",,,"ST","","texctyct"
"texctyct154",,,"",,"","2023-10-03 01:24:17.116603+00","f","f","f","368.7696","","Tex. Cty. Ct., Williamson Cty. Ct. at Law No. 2","Texas City Court, Williamson City Court at Law No. 2","",,,"ST","","texctyct"
"texctyct155",,,"",,"","2023-10-03 01:24:17.127181+00","f","f","f","368.7697","","Tex. Cty. Ct., Williamson Cty. Ct. at Law No. 3","Texas City Court, Williamson City Court at Law No. 3","",,,"ST","","texctyct"
"texctyct156",,,"",,"","2023-10-03 01:24:17.143313+00","f","f","f","368.7698","","Tex. Cty. Ct., Williamson Cty. Ct. at Law No. 4","Texas City Court, Williamson City Court at Law No. 4","",,,"ST","","texctyct"
"texctyct157",,,"",,"","2023-10-03 01:24:17.155585+00","f","f","f","368.7699","","Tex. Cty. Ct., Young Cty.","Texas City Court, Young City","",,,"ST","","texctyct"
"vaccaccomack",,,"",,"","2023-10-03 01:24:17.171586+00","f","f","f","369.701","Accomack Cir. Ct.","Accomack County Circuit Court","Accomack County Circuit Court","",,,"ST","Created as part of import of Case.Law data.","vacc"
"vaccalbemarle",,,"",,"","2023-10-03 01:24:17.191457+00","f","f","f","369.702","Albemarle Cir. Ct.","Albemarle County Circuit Court","Albemarle County Circuit Court","",,,"ST","Created as part of import of Case.Law data.","vacc"
"vaccalexandria",,,"",,"","2023-10-03 01:24:17.207609+00","f","f","f","369.703","Alexandria Cir. Ct.","Alexandria County Circuit Court","Alexandria County Circuit Court","",,,"ST","Created as part of import of Case.Law data.","vacc"
"vaccalleghany",,,"",,"","2023-10-03 01:24:17.219453+00","f","f","f","369.704","Alleghany Cir. Ct.","Alleghany County Circuit Court","Alleghany County Circuit Court","",,,"ST","Created as part of import of Case.Law data.","vacc"
"vaccamelia",,,"",,"","2023-10-03 01:24:17.233913+00","f","f","f","369.705","Amelia Cir. Ct.","Amelia County Circuit Court","Amelia County Circuit Court","",,,"ST","Created as part of import of Case.Law data.","vacc"
"vaccamherst",,,"",,"","2023-10-03 01:24:17.247236+00","f","f","f","369.706","Amherst Cir. Ct.","Amherst County Circuit Court","Amherst County Circuit Court","",,,"ST","Created as part of import of Case.Law data.","vacc"
"vaccarlington",,,"",,"","2023-10-03 01:24:17.253275+00","f","f","f","369.707","Arlington Cir. Ct.","Arlington County Circuit Court","Arlington County Circuit Court","",,,"ST","Created as part of import of Case.Law data.","vacc"
"vaccaugusta",,,"",,"","2023-10-03 01:24:17.259546+00","f","f","f","369.708","Augusta Cir. Ct.","Augusta County Circuit Court","Augusta County Circuit Court","",,,"ST","Created as part of import of Case.Law data.","vacc"
"vaccbath",,,"",,"","2023-10-03 01:24:17.279156+00","f","f","f","369.709","Bath Cir. Ct.","Bath County Circuit Court","Bath County Circuit Court","",,,"ST","Created as part of import of Case.Law data.","vacc"
"vaccbedford",,,"",,"","2023-10-03 01:24:17.295322+00","f","f","f","369.71","Bedford Cir. Ct.","Bedford County Circuit Court","Bedford County Circuit Court","",,,"ST","Created as part of import of Case.Law data.","vacc"
"vaccbotetourt",,,"",,"","2023-10-03 01:24:17.311172+00","f","f","f","369.711","Botetourt Cir. Ct.","Botetourt County Circuit Court","Botetourt County Circuit Court","",,,"ST","Created as part of import of Case.Law data.","vacc"
"vaccbristol",,,"",,"","2023-10-03 01:24:17.323288+00","f","f","f","369.712","Bristol Cir. Ct.","Bristol County Circuit Court","Bristol County Circuit Court","",,,"ST","Created as part of import of Case.Law data.","vacc"
"vaccbrunswick",,,"",,"","2023-10-03 01:24:17.343111+00","f","f","f","369.713","Brunswick Cir. Ct.","Brunswick County Circuit Court","Brunswick County Circuit Court","",,,"ST","Created as part of import of Case.Law data.","vacc"
"vaccbuchanan",,,"",,"","2023-10-03 01:24:17.35052+00","f","f","f","369.714","Buchanan Cir. Ct.","Buchanan County Circuit Court","Buchanan County Circuit Court","",,,"ST","Created as part of import of Case.Law data.","vacc"
"vaccbuckingham",,,"",,"","2023-10-03 01:24:17.356442+00","f","f","f","369.715","Buckingham Cir. Ct.","Buckingham County Circuit Court","Buckingham County Circuit Court","",,,"ST","Created as part of import of Case.Law data.","vacc"
"vacccampbell",,,"",,"","2023-10-03 01:24:17.37516+00","f","f","f","369.716","Campbell Cir. Ct.","Campbell County Circuit Court","Campbell County Circuit Court","",,,"ST","Created as part of import of Case.Law data.","vacc"
"vacccaroline",,,"",,"","2023-10-03 01:24:17.381278+00","f","f","f","369.717","Caroline Cir. Ct.","Caroline County Circuit Court","Caroline County Circuit Court","",,,"ST","Created as part of import of Case.Law data.","vacc"
"vacccarroll",,,"",,"","2023-10-03 01:24:17.388918+00","f","f","f","369.7175","Carroll Cir. Ct.","Carroll County Circuit Court","Carroll County Circuit Court","",,,"ST","","vacc"
"vacccharles",,,"",,"","2023-10-03 01:24:17.403258+00","f","f","f","369.718","Charles City Cir. Ct.","Charles City County Circuit Court","Charles City County Circuit Court","",,,"ST","Created as part of import of Case.Law data.","vacc"
"vaccclarke",,,"",,"","2023-10-03 01:24:17.415164+00","f","f","f","369.7185","Clarke Cir. Ct.","Clarke County Circuit Court","Clarke County Circuit Court","",,,"ST","","vacc"
"vacccharlottesv",,,"",,"","2023-10-03 01:24:17.42781+00","f","f","f","369.719","Charlottesville Cir. Ct.","Charlottesville County Circuit Court","Charlottesville County Circuit Court","",,,"ST","Created as part of import of Case.Law data.","vacc"
"vaccchesapeake",,,"",,"","2023-10-03 01:24:17.443265+00","f","f","f","369.72","Chesapeake Cir. Ct.","Chesapeake County Circuit Court","Chesapeake County Circuit Court","",,,"ST","Created as part of import of Case.Law data.","vacc"
"vaccchesterfiel",,,"",,"","2023-10-03 01:24:17.452576+00","f","f","f","369.721","Chesterfield Cir. Ct.","Chesterfield County Circuit Court","Chesterfield County Circuit Court","",,,"ST","Created as part of import of Case.Law data.","vacc"
"vacccolonialh",,,"",,"","2023-10-03 01:24:17.458598+00","f","f","f","369.722","Colonial Heights Cir. Ct.","Colonial Heights County Circuit Court","Colonial Heights County Circuit Court","",,,"ST","Created as part of import of Case.Law data.","vacc"
"vacccraig",,,"",,"","2023-10-03 01:24:17.47916+00","f","f","f","369.723","Craig Cir. Ct.","Craig County Circuit Court","Craig County Circuit Court","",,,"ST","Created as part of import of Case.Law data.","vacc"
"vaccculpeper",,,"",,"","2023-10-03 01:24:17.499174+00","f","f","f","369.724","Culpeper Cir. Ct.","Culpeper County Circuit Court","Culpeper County Circuit Court","",,,"ST","Created as part of import of Case.Law data.","vacc"
"vaccdanville",,,"",,"","2023-10-03 01:24:17.515299+00","f","f","f","369.725","Danville Cir. Ct.","Danville County Circuit Court","Danville County Circuit Court","",,,"ST","Created as part of import of Case.Law data.","vacc"
"vaccdickenson",,,"",,"","2023-10-03 01:24:17.531137+00","f","f","f","369.726","Dickenson Cir. Ct.","Dickenson County Circuit Court","Dickenson County Circuit Court","",,,"ST","Created as part of import of Case.Law data.","vacc"
"vaccdinwiddie",,,"",,"","2023-10-03 01:24:17.547284+00","f","f","f","369.727","Dinwiddie Cir. Ct.","Dinwiddie County Circuit Court","Dinwiddie County Circuit Court","",,,"ST","Created as part of import of Case.Law data.","vacc"
"vaccessex",,,"",,"","2023-10-03 01:24:17.567206+00","f","f","f","369.7275","Essex Cir. Ct.","Essex County Circuit Court","Essex County Circuit Court","",,,"ST","","vacc"
"vaccfairfax",,,"",,"","2023-10-03 01:24:17.579139+00","f","f","f","369.728","Fairfax Cir. Ct.","Fairfax County Circuit Court","Fairfax County Circuit Court","",,,"ST","Created as part of import of Case.Law data.","vacc"
"vaccfauquier",,,"",,"","2023-10-03 01:24:17.585862+00","f","f","f","369.729","Fauquier Cir. Ct.","Fauquier County Circuit Court","Fauquier County Circuit Court","",,,"ST","Created as part of import of Case.Law data.","vacc"
"vaccfloyd",,,"",,"","2023-10-03 01:24:17.603162+00","f","f","f","369.73","Floyd Cir. Ct.","Floyd County Circuit Court","Floyd County Circuit Court","",,,"ST","Created as part of import of Case.Law data.","vacc"
"vaccfluvanna",,,"",,"","2023-10-03 01:24:17.609469+00","f","f","f","369.731","Fluvanna Cir. Ct.","Fluvanna County Circuit Court","Fluvanna County Circuit Court","",,,"ST","Created as part of import of Case.Law data.","vacc"
"vaccfranklin",,,"",,"","2023-10-03 01:24:17.619964+00","f","f","f","369.7315","Franklin Cir. Ct.","Franklin County Circuit Court","Franklin County Circuit Court","",,,"ST","","vacc"
"vaccfrederick",,,"",,"","2023-10-03 01:24:17.631156+00","f","f","f","369.732","Frederick Cir. Ct.","Frederick County Circuit Court","Frederick County Circuit Court","",,,"ST","Created as part of import of Case.Law data.","vacc"
"vaccfredericksb",,,"",,"","2023-10-03 01:24:17.641213+00","f","f","f","369.733","Fredericksburg Cir. Ct.","Fredericksburg County Circuit Court","Fredericksburg County Circuit Court","",,,"ST","Created as part of import of Case.Law data.","vacc"
"vaccgiles",,,"",,"","2023-10-03 01:24:17.649701+00","f","f","f","369.734","Giles Cir. Ct.","Giles County Circuit Court","Giles County Circuit Court","",,,"ST","Created as part of import of Case.Law data.","vacc"
"vaccgloucester",,,"",,"","2023-10-03 01:24:17.663094+00","f","f","f","369.7345","Gloucester Cir. Ct.","Gloucester County Circuit Court","Gloucester County Circuit Court","",,,"ST","","vacc"
"vaccgoochland",,,"",,"","2023-10-03 01:24:17.683116+00","f","f","f","369.735","Goochland Cir. Ct.","Goochland County Circuit Court","Goochland County Circuit Court","",,,"ST","Created as part of import of Case.Law data.","vacc"
"vaccgrayson",,,"",,"","2023-10-03 01:24:17.692689+00","f","f","f","369.736","Grayson Cir. Ct.","Grayson County Circuit Court","Grayson County Circuit Court","",,,"ST","Created as part of import of Case.Law data.","vacc"
"vaccgreene",,,"",,"","2023-10-03 01:24:17.711136+00","f","f","f","369.7365","Greene Cir. Ct.","Greene County Circuit Court","Greene County Circuit Court","",,,"ST","","vacc"
"vaccgreensville",,,"",,"","2023-10-03 01:24:17.72573+00","f","f","f","369.737","Greensville Cir. Ct.","Greensville County Circuit Court","Greensville County Circuit Court","",,,"ST","Created as part of import of Case.Law data.","vacc"
"vacchalifax",,,"",,"","2023-10-03 01:24:17.734587+00","f","f","f","369.738","Halifax Cir. Ct.","Halifax County Circuit Court","Halifax County Circuit Court","",,,"ST","Created as part of import of Case.Law data.","vacc"
"vacchampton",,,"",,"","2023-10-03 01:24:17.755482+00","f","f","f","369.739","Hampton Cir. Ct.","Hampton County Circuit Court","Hampton County Circuit Court","",,,"ST","Created as part of import of Case.Law data.","vacc"
"vacchanover",,,"",,"","2023-10-03 01:24:17.775331+00","f","f","f","369.74","Hanover Cir. Ct.","Hanover County Circuit Court","Hanover County Circuit Court","",,,"ST","Created as part of import of Case.Law data.","vacc"
"vacchenrico",,,"",,"","2023-10-03 01:24:17.787036+00","f","f","f","369.741","Henrico Cir. Ct.","Henrico County Circuit Court","Henrico County Circuit Court","",,,"ST","Created as part of import of Case.Law data.","vacc"
"vacchenry",,,"",,"","2023-10-03 01:24:17.799522+00","f","f","f","369.7415","Henry Cir. Ct.","Henry County Circuit Court","Henry County Circuit Court","",,,"ST","","vacc"
"vacchighland",,,"",,"","2023-10-03 01:24:17.810282+00","f","f","f","369.7416","Highland Cir. Ct.","Highland County Circuit Court","Highland County Circuit Court","",,,"ST","","vacc"
"vacchopewell",,,"",,"","2023-10-03 01:24:17.819274+00","f","f","f","369.742","Hopewell Cir. Ct.","Hopewell County Circuit Court","Hopewell County Circuit Court","",,,"ST","Created as part of import of Case.Law data.","vacc"
"vaccisle",,,"",,"","2023-10-03 01:24:17.830381+00","f","f","f","369.743","Isle of Wight Cir. Ct.","Isle of Wight County Circuit Court","Isle of Wight County Circuit Court","",,,"ST","Created as part of import of Case.Law data.","vacc"
"vacckinggeorge",,,"",,"","2023-10-03 01:24:17.843116+00","f","f","f","369.744","King George Cir. Ct.","King George County Circuit Court","King George County Circuit Court","",,,"ST","Created as part of import of Case.Law data.","vacc"
"vacckingwilliam",,,"",,"","2023-10-03 01:24:17.852092+00","f","f","f","369.745","King William Cir. Ct.","King William County Circuit Court","King William County Circuit Court","",,,"ST","Created as part of import of Case.Law data.","vacc"
"vacclancaster",,,"",,"","2023-10-03 01:24:17.867158+00","f","f","f","369.746","Lancaster Cir. Ct.","Lancaster County Circuit Court","Lancaster County Circuit Court","",,,"ST","Created as part of import of Case.Law data.","vacc"
"vaccloudoun",,,"",,"","2023-10-03 01:24:17.880634+00","f","f","f","369.747","Loudoun Cir. Ct.","Loudoun County Circuit Court","Loudoun County Circuit Court","",,,"ST","Created as part of import of Case.Law data.","vacc"
"vacclouisa",,,"",,"","2023-10-03 01:24:17.887963+00","f","f","f","369.748","Louisa Cir. Ct.","Louisa County Circuit Court","Louisa County Circuit Court","",,,"ST","Created as part of import of Case.Law data.","vacc"
"vacclynchburg",,,"",,"","2023-10-03 01:24:17.903163+00","f","f","f","369.749","Lynchburg Cir. Ct.","Lynchburg County Circuit Court","Lynchburg County Circuit Court","",,,"ST","Created as part of import of Case.Law data.","vacc"
"vaccmadison",,,"",,"","2023-10-03 01:24:17.914323+00","f","f","f","369.7495","Madison Cir. Ct.","Madison County Circuit Court","Madison County Circuit Court","",,,"ST","","vacc"
"vaccmartinsvill",,,"",,"","2023-10-03 01:24:17.931151+00","f","f","f","369.75","Martinsville Cir. Ct.","Martinsville County Circuit Court","Martinsville County Circuit Court","",,,"ST","Created as part of import of Case.Law data.","vacc"
"vaccmathews",,,"",,"","2023-10-03 01:24:17.947492+00","f","f","f","369.751","Mathews Cir. Ct.","Mathews County Circuit Court","Mathews County Circuit Court","",,,"ST","Created as part of import of Case.Law data.","vacc"
"vaccmecklenburg",,,"",,"","2023-10-03 01:24:17.95914+00","f","f","f","369.752","Mecklenburg Cir. Ct.","Mecklenburg County Circuit Court","Mecklenburg County Circuit Court","",,,"ST","Created as part of import of Case.Law data.","vacc"
"vaccmiddlesex",,,"",,"","2023-10-03 01:24:17.975136+00","f","f","f","369.7525","Middlesex Cir. Ct.","Middlesex County Circuit Court","Middlesex County Circuit Court","",,,"ST","","vacc"
"vaccmontgomery",,,"",,"","2023-10-03 01:24:17.991152+00","f","f","f","369.7526","Montgomery Cir. Ct.","Montgomery County Circuit Court","Montgomery County Circuit Court","",,,"ST","","vacc"
"vaccnelson",,,"",,"","2023-10-03 01:24:17.997748+00","f","f","f","369.753","Nelson Cir. Ct.","Nelson County Circuit Court","Nelson County Circuit Court","",,,"ST","Created as part of import of Case.Law data.","vacc"
"vaccnewkent",,,"",,"","2023-10-03 01:24:18.003631+00","f","f","f","369.754","New Kent Cir. Ct.","New Kent County Circuit Court","New Kent County Circuit Court","",,,"ST","Created as part of import of Case.Law data.","vacc"
"vaccnewportnew",,,"",,"","2023-10-03 01:24:18.015221+00","f","f","f","369.755","Newport News Cir. Ct.","Newport News County Circuit Court","Newport News County Circuit Court","",,,"ST","Created as part of import of Case.Law data.","vacc"
"vaccnorfolk",,,"",,"","2023-10-03 01:24:18.027137+00","f","f","f","369.756","Norfolk Cir. Ct.","Norfolk County Circuit Court","Norfolk County Circuit Court","",,,"ST","Created as part of import of Case.Law data.","vacc"
"vaccnorthampton",,,"",,"","2023-10-03 01:24:18.034655+00","f","f","f","369.757","Northampton Cir. Ct.","Northampton County Circuit Court","Northampton County Circuit Court","",,,"ST","Created as part of import of Case.Law data.","vacc"
"vaccnorthumberl",,,"",,"","2023-10-03 01:24:18.04615+00","f","f","f","369.758","Northumberland Cir. Ct.","Northumberland County Circuit Court","Northumberland County Circuit Court","",,,"ST","Created as part of import of Case.Law data.","vacc"
"vaccnottoway",,,"",,"","2023-10-03 01:24:18.053895+00","f","f","f","369.759","Nottoway Cir. Ct.","Nottoway County Circuit Court","Nottoway County Circuit Court","",,,"ST","Created as part of import of Case.Law data.","vacc"
"vaccpage",,,"",,"","2023-10-03 01:24:18.071137+00","f","f","f","369.76","Page Cir. Ct.","Page County Circuit Court","Page County Circuit Court","",,,"ST","Created as part of import of Case.Law data.","vacc"
"vaccpatrick",,,"",,"","2023-10-03 01:24:18.08509+00","f","f","f","369.761","Patrick Cir. Ct.","Patrick County Circuit Court","Patrick County Circuit Court","",,,"ST","Created as part of import of Case.Law data.","vacc"
"vaccpetersburg",,,"",,"","2023-10-03 01:24:18.099232+00","f","f","f","369.762","Petersburg Cir. Ct.","Petersburg County Circuit Court","Petersburg County Circuit Court","",,,"ST","Created as part of import of Case.Law data.","vacc"
"vaccpittsylvani",,,"",,"","2023-10-03 01:24:18.111141+00","f","f","f","369.763","Pittsylvania Cir. Ct.","Pittsylvania County Circuit Court","Pittsylvania County Circuit Court","",,,"ST","Created as part of import of Case.Law data.","vacc"
"vaccportsmouth",,,"",,"","2023-10-03 01:24:18.125625+00","f","f","f","369.764","Portsmouth Cir. Ct.","Portsmouth County Circuit Court","Portsmouth County Circuit Court","",,,"ST","Created as part of import of Case.Law data.","vacc"
"vaccpowhatan",,,"",,"","2023-10-03 01:24:18.143154+00","f","f","f","369.765","Powhatan Cir. Ct.","Powhatan County Circuit Court","Powhatan County Circuit Court","",,,"ST","Created as part of import of Case.Law data.","vacc"
"vaccprinceedwa",,,"",,"","2023-10-03 01:24:18.15719+00","f","f","f","369.766","Prince Edward Cir. Ct.","Prince Edward County Circuit Court","Prince Edward County Circuit Court","",,,"ST","Created as part of import of Case.Law data.","vacc"
"vaccprincegeo",,,"",,"","2023-10-03 01:24:18.167152+00","f","f","f","369.767","Prince George Cir. Ct.","Prince George County Circuit Court","Prince George County Circuit Court","",,,"ST","Created as part of import of Case.Law data.","vacc"
"vaccprincewill",,,"",,"","2023-10-03 01:24:18.175461+00","f","f","f","369.768","Prince William Cir. Ct.","Prince William County Circuit Court","Prince William County Circuit Court","",,,"ST","Created as part of import of Case.Law data.","vacc"
"vaccpulaski",,,"",,"","2023-10-03 01:24:18.191131+00","f","f","f","369.769","Pulaski Cir. Ct.","Pulaski County Circuit Court","Pulaski County Circuit Court","",,,"ST","Created as part of import of Case.Law data.","vacc"
"vaccradford",,,"",,"","2023-10-03 01:24:18.200778+00","f","f","f","369.77","Radford Cir. Ct.","Radford County Circuit Court","Radford County Circuit Court","",,,"ST","Created as part of import of Case.Law data.","vacc"
"vaccrappahannoc",,,"",,"","2023-10-03 01:24:18.215204+00","f","f","f","369.771","Rappahannock Cir. Ct.","Rappahannock County Circuit Court","Rappahannock County Circuit Court","",,,"ST","Created as part of import of Case.Law data.","vacc"
"vaccrichcity",,,"",,"","2023-10-03 01:24:18.227157+00","f","f","f","369.772","Richmond City Cir. Ct.","Richmond City Circuit Court","Richmond City Circuit Court","",,,"ST","Created as part of import of Case.Law data.","vacc"
"vaccrichmondcty",,,"",,"","2023-10-03 01:24:18.239167+00","f","f","f","369.773","Richmond County Cir. Ct.","Richmond County Circuit Court","Richmond County Circuit Court","",,,"ST","Created as part of import of Case.Law data.","vacc"
"vaccroanokecty",,,"",,"","2023-10-03 01:24:18.255144+00","f","f","f","369.774","Roanoke County Cir. Ct.","Roanoke County Circuit Court","Roanoke County Circuit Court","",,,"ST","Created as part of import of Case.Law data.","vacc"
"vaccrockbridge",,,"",,"","2023-10-03 01:24:18.26615+00","f","f","f","369.775","Rockbridge Cir. Ct.","Rockbridge County Circuit Court","Rockbridge County Circuit Court","",,,"ST","Created as part of import of Case.Law data.","vacc"
"vaccrockingham",,,"",,"","2023-10-03 01:24:18.280776+00","f","f","f","369.776","Rockingham Cir. Ct.","Rockingham County Circuit Court","Rockingham County Circuit Court","",,,"ST","Created as part of import of Case.Law data.","vacc"
"vaccrussell",,,"",,"","2023-10-03 01:24:18.295227+00","f","f","f","369.777","Russell Cir. Ct.","Russell County Circuit Court","Russell County Circuit Court","",,,"ST","Created as part of import of Case.Law data.","vacc"
"vaccsalem",,,"",,"","2023-10-03 01:24:18.311284+00","f","f","f","369.778","Salem Cir. Ct.","Salem County Circuit Court","Salem County Circuit Court","",,,"ST","Created as part of import of Case.Law data.","vacc"
"vaccscott",,,"",,"","2023-10-03 01:24:18.324669+00","f","f","f","369.779","Scott Cir. Ct.","Scott County Circuit Court","Scott County Circuit Court","",,,"ST","Created as part of import of Case.Law data.","vacc"
"vaccshenandoah",,,"",,"","2023-10-03 01:24:18.331101+00","f","f","f","369.78","Shenandoah Cir. Ct.","Shenandoah County Circuit Court","Shenandoah County Circuit Court","",,,"ST","Created as part of import of Case.Law data.","vacc"
"vaccsmyth",,,"",,"","2023-10-03 01:24:18.347462+00","f","f","f","369.781","Smyth Cir. Ct.","Smyth County Circuit Court","Smyth County Circuit Court","",,,"ST","Created as part of import of Case.Law data.","vacc"
"vaccsouthampton",,,"",,"","2023-10-03 01:24:18.363827+00","f","f","f","369.782","Southampton Cir. Ct.","Southampton County Circuit Court","Southampton County Circuit Court","",,,"ST","Created as part of import of Case.Law data.","vacc"
"vaccspotsylvani",,,"",,"","2023-10-03 01:24:18.375185+00","f","f","f","369.783","Spotsylvania Cir. Ct.","Spotsylvania County Circuit Court","Spotsylvania County Circuit Court","",,,"ST","Created as part of import of Case.Law data.","vacc"
"vaccstafford",,,"",,"","2023-10-03 01:24:18.391155+00","f","f","f","369.784","Stafford Cir. Ct.","Stafford County Circuit Court","Stafford County Circuit Court","",,,"ST","Created as part of import of Case.Law data.","vacc"
"vaccstaunton",,,"",,"","2023-10-03 01:24:18.411169+00","f","f","f","369.785","Staunton Cir. Ct.","Staunton County Circuit Court","Staunton County Circuit Court","",,,"ST","Created as part of import of Case.Law data.","vacc"
"vaccsuffolk",,,"",,"","2023-10-03 01:24:18.425186+00","f","f","f","369.786","Suffolk Cir. Ct.","Suffolk County Circuit Court","Suffolk County Circuit Court","",,,"ST","Created as part of import of Case.Law data.","vacc"
"vaccsurry",,,"",,"","2023-10-03 01:24:18.432106+00","f","f","f","369.787","Surry Cir. Ct.","Surry County Circuit Court","Surry County Circuit Court","",,,"ST","Created as part of import of Case.Law data.","vacc"
"vacctazewell",,,"",,"","2023-10-03 01:24:18.451116+00","f","f","f","369.788","Tazewell Cir. Ct.","Tazewell County Circuit Court","Tazewell County Circuit Court","",,,"ST","Created as part of import of Case.Law data.","vacc"
"vaccvabeach",,,"",,"","2023-10-03 01:24:18.471159+00","f","f","f","369.789","Virginia Beach Cir. Ct.","Virginia Beach County Circuit Court","Virginia Beach County Circuit Court","",,,"ST","Created as part of import of Case.Law data.","vacc"
"vaccwarren",,,"",,"","2023-10-03 01:24:18.503173+00","f","f","f","369.7895","Warren Cir. Ct.","Warren County Circuit Court","Warren County Circuit Court","",,,"ST","","vacc"
"vaccwashington",,,"",,"","2023-10-03 01:24:18.520841+00","f","f","f","369.7896","Washington Cir. Ct.","Washington County Circuit Court","Washington County Circuit Court","",,,"ST","","vacc"
"vaccwaynesboro",,,"",,"","2023-10-03 01:24:18.535125+00","f","f","f","369.79","Waynesboro Cir. Ct.","Waynesboro County Circuit Court","Waynesboro County Circuit Court","",,,"ST","Created as part of import of Case.Law data.","vacc"
"vaccwestmorelan",,,"",,"","2023-10-03 01:24:18.548768+00","f","f","f","369.791","Westmoreland Cir. Ct.","Westmoreland County Circuit Court","Westmoreland County Circuit Court","",,,"ST","Created as part of import of Case.Law data.","vacc"
"vaccwilliams",,,"",,"","2023-10-03 01:24:18.556162+00","f","f","f","369.792","Williamsburg and James Cir. Ct.","Williamsburg and James County Circuit Court","Williamsburg and James County Circuit Court","",,,"ST","Created as part of import of Case.Law data.","vacc"
"vaccwinchester",,,"",,"","2023-10-03 01:24:18.567236+00","f","f","f","369.793","Winchester Cir. Ct.","Winchester County Circuit Court","Winchester County Circuit Court","",,,"ST","Created as part of import of Case.Law data.","vacc"
"vaccwise",,,"",,"","2023-10-03 01:24:18.583245+00","f","f","f","369.794","Wise Norton Cir. Ct.","Wise & Norton County Circuit Court","Wise & Norton County Circuit Court","",,,"ST","Created as part of import of Case.Law data.","vacc"
"vaccwythe",,,"",,"","2023-10-03 01:24:18.596723+00","f","f","f","369.795","Wythe Cir. Ct.","Wythe County Circuit Court","Wythe County Circuit Court","",,,"ST","Created as part of import of Case.Law data.","vacc"
"vaccyork",,,"",,"","2023-10-03 01:24:18.615141+00","f","f","f","369.796","York County & Poquoson Cir. Ct.","York County Poquoson County Circuit Court","York County Poquoson County Circuit Court","",,,"ST","Created as part of import of Case.Law data.","vacc"
"vachanctnorf",,,"",,"","2023-10-03 01:24:18.631152+00","f","f","f","369.8","","Norfolk Chancery Court, Virginia","Norfolk Chancery Court, Virginia","",,,"ST","Created as part of import of Case.Law data.","vachanct"
"vachanctrich",,,"",,"","2023-10-03 01:24:18.639026+00","f","f","f","369.82","","Richmond Chancery Court, Virginia","Richmond Chancery Court, Virginia","",,,"ST","Created as part of import of Case.Law data.","vachanct"
"vacorpctradford",,,"",,"","2023-10-03 01:24:18.65667+00","f","f","f","369.851","","Radford Corporation Court, Va.","Radford Corporation Court, Va.","",,,"ST","Created as part of import of Case.Law data.","vacorpct"
"vacorpctsbris",,,"",,"","2023-10-03 01:24:18.662745+00","f","f","f","369.852","","Bristol Corporation Court, Va.","Bristol Corporation Court, Va.","",,,"ST","Created as part of import of Case.Law data.","vacorpct"
"vacorpctslynch",,,"",,"","2023-10-03 01:24:18.67521+00","f","f","f","369.853","","Lynchburg Corporation Court, Va.","Lynchburg Corporation Court, Va.","",,,"ST","Created as part of import of Case.Law data.","vacorpct"
"vacorpctsnorf",,,"",,"","2023-10-03 01:24:18.700872+00","f","f","f","369.854","","South Norfolk Corporation Court, Va.","South Norfolk Corporation Court, Va.","",,,"ST","Created as part of import of Case.Law data.","vacorpct"
"vacorpctwinche",,,"",,"","2023-10-03 01:24:18.711159+00","f","f","f","369.855","","Winchester Corporation Court, Va.","Winchester Corporation Court, Va.","",,,"ST","Created as part of import of Case.Law data.","vacorpct"
"judcoun2",,,"",,"","2023-10-03 01:24:18.723145+00","f","f","f","451.202","","Judicial Council of The Second Circuit","Judicial Council of The Second Circuit","",,,"FS","Created as part of import of Case.Law data.","judcoun"
"judcoun3",,,"",,"","2023-10-03 01:24:18.739005+00","f","f","f","451.203","","Judicial Council of The Third Circuit","Judicial Council of The Third Circuit","",,,"FS","Created as part of import of Case.Law data.","judcoun"
"judcoun5",,,"",,"","2023-10-03 01:24:18.751471+00","f","f","f","451.205","","Judicial Council of The Fifth Circuit","Judicial Council of The Fifth Circuit","",,,"FS","","judcoun"
"judcoun6",,,"",,"","2023-10-03 01:24:18.76734+00","f","f","f","451.206","","Judicial Council of The Sixth Circuit","Judicial Council of The Sixth Circuit","",,,"FS","","judcoun"
"judcoun7",,,"",,"","2023-10-03 01:24:18.778199+00","f","f","f","451.207","","Judicial Council of The Seventh Circuit","Judicial Council of The Seventh Circuit","",,,"FS","Created as part of import of Case.Law data.","judcoun"
"judcoun8",,,"",,"","2023-10-03 01:24:18.795149+00","f","f","f","451.208","","Judicial Council of The Eighth Circuit","Judicial Council of The Eighth Circuit","",,,"FS","Created as part of import of Case.Law data.","judcoun"
"judcoun9",,,"",,"","2023-10-03 01:24:18.815192+00","f","f","f","451.209","","Judicial Council of The Ninth Circuit","Judicial Council of The Ninth Circuit","",,,"FS","Created as part of import of Case.Law data.","judcoun"
"judcoun10",,,"",,"","2023-10-03 01:24:18.827105+00","f","f","f","451.21","","Judicial Council of The Tenth Circuit","Judicial Council of The Tenth Circuit","",,,"FS","Created as part of import of Case.Law data.","judcoun"
"judcoundc",,,"",,"","2023-10-03 01:24:18.843157+00","f","f","f","451.23","","Judicial Council of the District of Columbia Circuit","Judicial Council of the District of Columbia Circuit","",,,"FS","Created as part of import of Case.Law data.","judcoun"
